geo_id,energy_greengas_gasification_dry_biomass_energy_distribution_greengas_child_share,energy_greengas_gasification_wet_biomass_energy_distribution_greengas_child_share,energy_greengas_upgrade_biogas_energy_distribution_greengas_child_share,input_energy_chp_engine_biogas_production
BEBU4402101,0,0,1,0
BEGM11002,0,0,1,0
BU00090000,0,0,1,0
BU00090001,0,0,1,0
BU00090002,0,0,1,0
BU00090003,0,0,1,0
BU00090005,0,0,1,0
BU00090009,0,0,1,0
BU00090100,0,0,1,0
BU00090101,0,0,1,0
BU00090102,0,0,1,0
BU00090104,0,0,1,0
BU00090106,0,0,1,0
BU00090109,0,0,1,0
BU00140000,0,0,1,0
BU00140001,0,0,1,0
BU00140002,0,0,1,0
BU00140003,0,0,1,0
BU00140004,0,0,1,0
BU00140005,0,0,1,0
BU00140007,0,0,1,0
BU00140008,0,0,1,0
BU00140100,0,0,1,0
BU00140101,0,0,1,0
BU00140102,0,0,1,0
BU00140103,0,0,1,0
BU00140104,0,0,1,0
BU00140105,0,0,1,0
BU00140106,0,0,1,0
BU00140107,0,0,1,0
BU00140108,0,0,1,0
BU00140109,0,0,1,0
BU00140200,0,0,1,0
BU00140201,0,0,1,0
BU00140202,0,0,1,0
BU00140203,0,0,1,0
BU00140300,0,0,1,0
BU00140301,0,0,1,0
BU00140302,0,0,1,0
BU00140400,0,0,1,0
BU00140401,0,0,1,0
BU00140402,0,0,1,0
BU00140403,0,0,1,0
BU00140404,0,0,1,0
BU00140500,0,0,1,0
BU00140501,0,0,1,0
BU00140502,0,0,1,0
BU00140503,0,0,1,0
BU00140504,0,0,1,0
BU00140505,0,0,1,0
BU00140506,0,0,1,0
BU00140507,0,0,1,0
BU00140508,0,0,1,0
BU00140509,0,0,1,0
BU00140510,0,0,1,0
BU00140511,0,0,1,0
BU00140600,0,0,1,0
BU00140601,0,0,1,0
BU00140602,0,0,1,0
BU00140603,0,0,1,0
BU00140604,0,0,1,0
BU00140605,0,0,1,0
BU00140606,0,0,1,0
BU00140700,0,0,1,0
BU00140701,0,0,1,0
BU00140702,0,0,1,0
BU00140703,0,0,1,0
BU00140704,0,0,1,0
BU00140705,0,0,1,0
BU00140800,0,0,1,0
BU00140801,0,0,1,0
BU00140802,0,0,1,0
BU00140803,0,0,1,0
BU00140804,0,0,1,0
BU00140805,0,0,1,0
BU00140806,0,0,1,0
BU00140807,0,0,1,0
BU00140808,0,0,1,0
BU00140809,0,0,1,0
BU00140810,0,0,1,0
BU00140811,0,0,1,0
BU00140812,0,0,1,0
BU00140900,0,0,1,0
BU00140901,0,0,1,0
BU00140902,0,0,1,0
BU00140903,0,0,1,0
BU00140904,0,0,1,0
BU00140905,0,0,1,0
BU00140906,0,0,1,0
BU00140907,0,0,1,0
BU00141000,0,0,1,0
BU00141001,0,0,1,0
BU00141002,0,0,1,0
BU00141003,0,0,1,0
BU00141004,0,0,1,0
BU00141005,0,0,1,0
BU00141100,0,0,1,0
BU00141101,0,0,1,0
BU00141102,0,0,1,0
BU00141103,0,0,1,0
BU00141104,0,0,1,0
BU00141105,0,0,1,0
BU00141106,0,0,1,0
BU00141107,0,0,1,0
BU00141200,0,0,1,0
BU00141201,0,0,1,0
BU00141202,0,0,1,0
BU00141203,0,0,1,0
BU00141204,0,0,1,0
BU00141205,0,0,1,0
BU00141206,0,0,1,0
BU00141207,0,0,1,0
BU00141208,0,0,1,0
BU00141209,0,0,1,0
BU00141210,0,0,1,0
BU00141211,0,0,1,0
BU00141300,0,0,1,0
BU00141301,0,0,1,0
BU00141302,0,0,1,0
BU00141400,0,0,1,0
BU00141401,0,0,1,0
BU00141402,0,0,1,0
BU00170000,0,0,1,0
BU00170001,0,0,1,0
BU00170002,0,0,1,0
BU00170003,0,0,1,0
BU00170004,0,0,1,0
BU00170005,0,0,1,0
BU00170100,0,0,1,0
BU00170101,0,0,1,0
BU00170102,0,0,1,0
BU00170103,0,0,1,0
BU00170106,0,0,1,0
BU00170107,0,0,1,0
BU00170108,0,0,1,0
BU00170109,0,0,1,0
BU00580000,0,0,1,0
BU00580001,0,0,1,0
BU00580002,0,0,1,0
BU00580003,0,0,1,0
BU00580004,0,0,1,0
BU00580005,0,0,1,0
BU00580006,0,0,1,0
BU00580007,0,0,1,0
BU00580008,0,0,1,0
BU00580009,0,0,1,0
BU00580010,0,0,1,0
BU00580011,0,0,1,0
BU00580100,0,0,1,0
BU00580101,0,0,1,0
BU00580102,0,0,1,0
BU00580103,0,0,1,0
BU00580104,0,0,1,0
BU00580105,0,0,1,0
BU00580107,0,0,1,0
BU00580108,0,0,1,0
BU00580109,0,0,1,0
BU00580200,0,0,1,0
BU00580201,0,0,1,0
BU00580202,0,0,1,0
BU00580208,0,0,1,0
BU00580209,0,0,1,0
BU00580300,0,0,1,0
BU00580301,0,0,1,0
BU00580302,0,0,1,0
BU00580303,0,0,1,0
BU00580307,0,0,1,0
BU00580308,0,0,1,0
BU00580309,0,0,1,0
BU00580400,0,0,1,0
BU00580401,0,0,1,0
BU00580408,0,0,1,0
BU00580409,0,0,1,0
BU00580500,0,0,1,0
BU00580501,0,0,1,0
BU00580502,0,0,1,0
BU00580503,0,0,1,0
BU00580506,0,0,1,0
BU00580507,0,0,1,0
BU00580508,0,0,1,0
BU00580509,0,0,1,0
BU00580600,0,0,1,0
BU00580601,0,0,1,0
BU00580602,0,0,1,0
BU00580603,0,0,1,0
BU00580604,0,0,1,0
BU00580605,0,0,1,0
BU00580608,0,0,1,0
BU00580609,0,0,1,0
BU00580700,0,0,1,0
BU00580701,0,0,1,0
BU00580702,0,0,1,0
BU00580703,0,0,1,0
BU00580708,0,0,1,0
BU00580709,0,0,1,0
BU00590000,0,0,1,0
BU00590001,0,0,1,0
BU00590002,0,0,1,0
BU00590003,0,0,1,0
BU00590004,0,0,1,0
BU00590005,0,0,1,0
BU00590006,0,0,1,0
BU00590007,0,0,1,0
BU00590008,0,0,1,0
BU00590009,0,0,1,0
BU00590100,0,0,1,0
BU00590102,0,0,1,0
BU00590103,0,0,1,0
BU00590107,0,0,1,0
BU00590108,0,0,1,0
BU00590109,0,0,1,0
BU00590200,0,0,1,0
BU00590201,0,0,1,0
BU00590202,0,0,1,0
BU00590203,0,0,1,0
BU00590206,0,0,1,0
BU00590207,0,0,1,0
BU00590208,0,0,1,0
BU00590209,0,0,1,0
BU00600000,0,0,1,0
BU00600001,0,0,1,0
BU00600002,0,0,1,0
BU00600003,0,0,1,0
BU00600007,0,0,1,0
BU00600008,0,0,1,0
BU00600009,0,0,1,0
BU00790000,0,0,1,0
BU00790009,0,0,1,0
BU00790100,0,0,1,0
BU00790101,0,0,1,0
BU00790102,0,0,1,0
BU00790103,0,0,1,0
BU00790104,0,0,1,0
BU00790106,0,0,1,0
BU00790107,0,0,1,0
BU00790108,0,0,1,0
BU00790109,0,0,1,0
BU00790200,0,0,1,0
BU00790201,0,0,1,0
BU00790202,0,0,1,0
BU00790208,0,0,1,0
BU00790209,0,0,1,0
BU00790300,0,0,1,0
BU00790301,0,0,1,0
BU00790302,0,0,1,0
BU00790309,0,0,1,0
BU00803702,0,0,1,0
BU00880000,0,0,1,0
BU00880009,0,0,1,0
BU00900132,0,0,1,0
BU02035875,0,0,1,0
BU02160009,0,0,1,0
BU02286031,0,0,1,0
BU02360207,0,0,1,0
BU02360208,0,0,1,0
BU02670401,0,0,1,0
BU02790000,0,0,1,0
BU02790008,0,0,1,0
BU02790009,0,0,1,0
BU03070100,0,0,1,0
BU03070101,0,0,1,0
BU03070102,0,0,1,0
BU03070103,0,0,1,0
BU03070104,0,0,1,0
BU03070105,0,0,1,0
BU03070106,0,0,1,0
BU03070107,0,0,1,0
BU03070108,0,0,1,0
BU03070200,0,0,1,0
BU03070202,0,0,1,0
BU03070204,0,0,1,0
BU03070205,0,0,1,0
BU03070206,0,0,1,0
BU03070300,0,0,1,0
BU03070301,0,0,1,0
BU03070302,0,0,1,0
BU03070303,0,0,1,0
BU03070304,0,0,1,0
BU03070305,0,0,1,0
BU03070306,0,0,1,0
BU03070307,0,0,1,0
BU03070401,0,0,1,0
BU03070402,0,0,1,0
BU03070403,0,0,1,0
BU03070404,0,0,1,0
BU03070500,0,0,1,0
BU03070501,0,0,1,0
BU03070502,0,0,1,0
BU03070600,0,0,1,0
BU03070601,0,0,1,0
BU03070603,0,0,1,0
BU03070700,0,0,1,0
BU03070701,0,0,1,0
BU03070702,0,0,1,0
BU03070800,0,0,1,0
BU03070801,0,0,1,0
BU03070803,0,0,1,0
BU03070900,0,0,1,0
BU03070902,0,0,1,0
BU03070903,0,0,1,0
BU03070905,0,0,1,0
BU03071000,0,0,1,0
BU03071001,0,0,1,0
BU03071002,0,0,1,0
BU03071003,0,0,1,0
BU03071004,0,0,1,0
BU03071100,0,0,1,0
BU03071101,0,0,1,0
BU03071201,0,0,1,0
BU03071202,0,0,1,0
BU03071300,0,0,1,0
BU03071301,0,0,1,0
BU03071302,0,0,1,0
BU03071400,0,0,1,0
BU03071401,0,0,1,0
BU03071402,0,0,1,0
BU03071403,0,0,1,0
BU03071500,0,0,1,0
BU03071501,0,0,1,0
BU03071502,0,0,1,0
BU03071503,0,0,1,0
BU03071600,0,0,1,0
BU03071601,0,0,1,0
BU03071602,0,0,1,0
BU03071603,0,0,1,0
BU03071700,0,0,1,0
BU03071701,0,0,1,0
BU03071702,0,0,1,0
BU03071703,0,0,1,0
BU03071704,0,0,1,0
BU03071705,0,0,1,0
BU03071706,0,0,1,0
BU03071707,0,0,1,0
BU03071800,0,0,1,0
BU03071801,0,0,1,0
BU03071802,0,0,1,0
BU03071803,0,0,1,0
BU03071804,0,0,1,0
BU03071900,0,0,1,0
BU03071901,0,0,1,0
BU03071902,0,0,1,0
BU03071903,0,0,1,0
BU03071904,0,0,1,0
BU03071905,0,0,1,0
BU03071906,0,0,1,0
BU03072000,0,0,1,0
BU03072001,0,0,1,0
BU03072002,0,0,1,0
BU03072003,0,0,1,0
BU03072004,0,0,1,0
BU03072005,0,0,1,0
BU03072006,0,0,1,0
BU03072100,0,0,1,0
BU03072101,0,0,1,0
BU03072102,0,0,1,0
BU03072103,0,0,1,0
BU03072104,0,0,1,0
BU03072105,0,0,1,0
BU03072106,0,0,1,0
BU03072107,0,0,1,0
BU03072108,0,0,1,0
BU03072201,0,0,1,0
BU03072300,0,0,1,0
BU03072301,0,0,1,0
BU03072400,0,0,1,0
BU03072402,0,0,1,0
BU03072403,0,0,1,0
BU03072404,0,0,1,0
BU03072405,0,0,1,0
BU03072407,0,0,1,0
BU03072500,0,0,1,0
BU03072501,0,0,1,0
BU03072502,0,0,1,0
BU03072505,0,0,1,0
BU03072506,0,0,1,0
BU03072507,0,0,1,0
BU03072508,0,0,1,0
BU03072600,0,0,1,0
BU03072601,0,0,1,0
BU03072602,0,0,1,0
BU03072603,0,0,1,0
BU03072700,0,0,1,0
BU03072701,0,0,1,0
BU03072709,0,0,1,0
BU03072800,0,0,1,0
BU03072801,0,0,1,0
BU03072802,0,0,1,0
BU03072803,0,0,1,0
BU03072804,0,0,1,0
BU03072805,0,0,1,0
BU03072806,0,0,1,0
BU03072900,0,0,1,0
BU03072901,0,0,1,0
BU03072902,0,0,1,0
BU03073000,0,0,1,0
BU03073001,0,0,1,0
BU03073100,0,0,1,0
BU03073101,0,0,1,0
BU03073102,0,0,1,0
BU03073103,0,0,1,0
BU03073108,0,0,1,0
BU03080000,0,0,1,0
BU03080001,0,0,1,0
BU03080002,0,0,1,0
BU03080003,0,0,1,0
BU03080004,0,0,1,0
BU03080005,0,0,1,0
BU03080006,0,0,1,0
BU03080007,0,0,1,0
BU03080100,0,0,1,0
BU03080101,0,0,1,0
BU03080102,0,0,1,0
BU03080103,0,0,1,0
BU03080104,0,0,1,0
BU03080105,0,0,1,0
BU03080109,0,0,1,0
BU03080200,0,0,1,0
BU03080201,0,0,1,0
BU03080400,0,0,1,0
BU03080401,0,0,1,0
BU03080500,0,0,1,0
BU03080501,0,0,1,0
BU03100001,0,0,1,0
BU03100002,0,0,1,0
BU03100008,0,0,1,0
BU03100009,0,0,1,0
BU03100100,0,0,1,0
BU03100200,0,0,1,0
BU03100201,0,0,1,0
BU03100209,0,0,1,0
BU03100300,0,0,1,0
BU03100309,0,0,1,0
BU03100400,0,0,1,0
BU03100401,0,0,1,0
BU03100402,0,0,1,0
BU03100500,0,0,1,0
BU03100501,0,0,1,0
BU03100600,0,0,1,0
BU03120000,0,0,1,0
BU03120001,0,0,1,0
BU03120008,0,0,1,0
BU03120009,0,0,1,0
BU03120100,0,0,1,0
BU03120109,0,0,1,0
BU03120200,0,0,1,0
BU03120209,0,0,1,0
BU03130001,0,0,1,0
BU03130002,0,0,1,0
BU03130003,0,0,1,0
BU03130004,0,0,1,0
BU03130005,0,0,1,0
BU03130006,0,0,1,0
BU03130007,0,0,1,0
BU03130008,0,0,1,0
BU03130009,0,0,1,0
BU03130011,0,0,1,0
BU03170000,0,0,1,0
BU03170001,0,0,1,0
BU03170002,0,0,1,0
BU03170003,0,0,1,0
BU03170004,0,0,1,0
BU03170005,0,0,1,0
BU03170008,0,0,1,0
BU03170009,0,0,1,0
BU03211010,0,0,1,0
BU03211011,0,0,1,0
BU03211012,0,0,1,0
BU03211013,0,0,1,0
BU03211014,0,0,1,0
BU03211015,0,0,1,0
BU03211016,0,0,1,0
BU03211017,0,0,1,0
BU03211018,0,0,1,0
BU03211019,0,0,1,0
BU03211050,0,0,1,0
BU03211120,0,0,1,0
BU03211121,0,0,1,0
BU03211122,0,0,1,0
BU03211123,0,0,1,0
BU03211124,0,0,1,0
BU03211125,0,0,1,0
BU03211126,0,0,1,0
BU03211127,0,0,1,0
BU03211128,0,0,1,0
BU03211129,0,0,1,0
BU03211230,0,0,1,0
BU03211231,0,0,1,0
BU03211232,0,0,1,0
BU03211233,0,0,1,0
BU03211234,0,0,1,0
BU03211235,0,0,1,0
BU03211236,0,0,1,0
BU03211237,0,0,1,0
BU03211238,0,0,1,0
BU03211340,0,0,1,0
BU03211341,0,0,1,0
BU03211342,0,0,1,0
BU03211343,0,0,1,0
BU03211344,0,0,1,0
BU03211345,0,0,1,0
BU03212054,0,0,1,0
BU03212055,0,0,1,0
BU03212056,0,0,1,0
BU03212057,0,0,1,0
BU03212058,0,0,1,0
BU03212059,0,0,1,0
BU03212060,0,0,1,0
BU03212061,0,0,1,0
BU03212062,0,0,1,0
BU03212063,0,0,1,0
BU03212064,0,0,1,0
BU03212065,0,0,1,0
BU03213070,0,0,1,0
BU03213071,0,0,1,0
BU03213172,0,0,1,0
BU03214080,0,0,1,0
BU03214081,0,0,1,0
BU03214182,0,0,1,0
BU03215090,0,0,1,0
BU03215091,0,0,1,0
BU03215192,0,0,1,0
BU03215193,0,0,1,0
BU03270000,0,0,1,0
BU03270001,0,0,1,0
BU03270002,0,0,1,0
BU03270003,0,0,1,0
BU03270004,0,0,1,0
BU03270005,0,0,1,0
BU03270006,0,0,1,0
BU03270007,0,0,1,0
BU03270008,0,0,1,0
BU03270009,0,0,1,0
BU03270100,0,0,1,0
BU03270101,0,0,1,0
BU03270102,0,0,1,0
BU03270103,0,0,1,0
BU03270104,0,0,1,0
BU03270105,0,0,1,0
BU03270106,0,0,1,0
BU03270107,0,0,1,0
BU03270108,0,0,1,0
BU03270109,0,0,1,0
BU03270200,0,0,1,0
BU03270201,0,0,1,0
BU03270209,0,0,1,0
BU03270300,0,0,1,0
BU03270309,0,0,1,0
BU03270400,0,0,1,0
BU03270500,0,0,1,0
BU03270501,0,0,1,0
BU03310000,0,0,1,0
BU03310001,0,0,1,0
BU03310002,0,0,1,0
BU03310003,0,0,1,0
BU03310004,0,0,1,0
BU03310005,0,0,1,0
BU03310006,0,0,1,0
BU03310007,0,0,1,0
BU03310008,0,0,1,0
BU03310009,0,0,1,0
BU03310010,0,0,1,0
BU03310019,0,0,1,0
BU03310020,0,0,1,0
BU03310029,0,0,1,0
BU03350000,0,0,1,0
BU03350001,0,0,1,0
BU03350100,0,0,1,0
BU03350101,0,0,1,0
BU03350102,0,0,1,0
BU03350103,0,0,1,0
BU03350108,0,0,1,0
BU03350109,0,0,1,0
BU03350200,0,0,1,0
BU03350201,0,0,1,0
BU03350202,0,0,1,0
BU03350209,0,0,1,0
BU03390000,0,0,1,0
BU03390009,0,0,1,0
BU03400001,0,0,1,0
BU03400101,0,0,1,0
BU03400102,0,0,1,0
BU03400103,0,0,1,0
BU03400104,0,0,1,0
BU03400105,0,0,1,0
BU03400201,0,0,1,0
BU03400202,0,0,1,0
BU03400203,0,0,1,0
BU03400301,0,0,1,0
BU03400302,0,0,1,0
BU03400303,0,0,1,0
BU03400401,0,0,1,0
BU03400501,0,0,1,0
BU03400502,0,0,1,0
BU03400503,0,0,1,0
BU03400504,0,0,1,0
BU03400601,0,0,1,0
BU03400701,0,0,1,0
BU03400702,0,0,1,0
BU03400703,0,0,1,0
BU03400801,0,0,1,0
BU03400901,0,0,1,0
BU03401001,0,0,1,0
BU03401101,0,0,1,0
BU03401201,0,0,1,0
BU03401301,0,0,1,0
BU03401302,0,0,1,0
BU03401303,0,0,1,0
BU03401304,0,0,1,0
BU03420101,0,0,1,0
BU03420102,0,0,1,0
BU03420103,0,0,1,0
BU03420201,0,0,1,0
BU03420301,0,0,1,0
BU03420302,0,0,1,0
BU03420303,0,0,1,0
BU03420304,0,0,1,0
BU03420401,0,0,1,0
BU03420402,0,0,1,0
BU03420403,0,0,1,0
BU03420404,0,0,1,0
BU03420405,0,0,1,0
BU03420501,0,0,1,0
BU03420601,0,0,1,0
BU03420602,0,0,1,0
BU03420604,0,0,1,0
BU03420605,0,0,1,0
BU03420606,0,0,1,0
BU03420701,0,0,1,0
BU03420702,0,0,1,0
BU03420703,0,0,1,0
BU03420704,0,0,1,0
BU03420705,0,0,1,0
BU03420706,0,0,1,0
BU03420801,0,0,1,0
BU03420802,0,0,1,0
BU03420803,0,0,1,0
BU03420804,0,0,1,0
BU03440111,0,0,1,0
BU03440112,0,0,1,0
BU03440113,0,0,1,0
BU03440114,0,0,1,0
BU03440121,0,0,1,0
BU03440122,0,0,1,0
BU03440123,0,0,1,0
BU03440124,0,0,1,0
BU03440131,0,0,1,0
BU03440132,0,0,1,0
BU03440133,0,0,1,0
BU03440211,0,0,1,0
BU03440212,0,0,1,0
BU03440221,0,0,1,0
BU03440222,0,0,1,0
BU03440223,0,0,1,0
BU03440224,0,0,1,0
BU03440231,0,0,1,0
BU03440232,0,0,1,0
BU03440233,0,0,1,0
BU03440241,0,0,1,0
BU03440242,0,0,1,0
BU03440243,0,0,1,0
BU03440244,0,0,1,0
BU03440311,0,0,1,0
BU03440312,0,0,1,0
BU03440321,0,0,1,0
BU03440322,0,0,1,0
BU03440331,0,0,1,0
BU03440332,0,0,1,0
BU03440333,0,0,1,0
BU03440341,0,0,1,0
BU03440342,0,0,1,0
BU03440343,0,0,1,0
BU03440411,0,0,1,0
BU03440412,0,0,1,0
BU03440413,0,0,1,0
BU03440414,0,0,1,0
BU03440415,0,0,1,0
BU03440421,0,0,1,0
BU03440422,0,0,1,0
BU03440423,0,0,1,0
BU03440431,0,0,1,0
BU03440432,0,0,1,0
BU03440433,0,0,1,0
BU03440511,0,0,1,0
BU03440512,0,0,1,0
BU03440521,0,0,1,0
BU03440522,0,0,1,0
BU03440523,0,0,1,0
BU03440524,0,0,1,0
BU03440525,0,0,1,0
BU03440526,0,0,1,0
BU03440531,0,0,1,0
BU03440532,0,0,1,0
BU03440533,0,0,1,0
BU03440534,0,0,1,0
BU03440535,0,0,1,0
BU03440611,0,0,1,0
BU03440612,0,0,1,0
BU03440613,0,0,1,0
BU03440621,0,0,1,0
BU03440622,0,0,1,0
BU03440623,0,0,1,0
BU03440624,0,0,1,0
BU03440625,0,0,1,0
BU03440626,0,0,1,0
BU03440627,0,0,1,0
BU03440628,0,0,1,0
BU03440711,0,0,1,0
BU03440712,0,0,1,0
BU03440721,0,0,1,0
BU03440722,0,0,1,0
BU03440723,0,0,1,0
BU03440731,0,0,1,0
BU03440732,0,0,1,0
BU03440733,0,0,1,0
BU03440811,0,0,1,0
BU03440812,0,0,1,0
BU03440821,0,0,1,0
BU03440822,0,0,1,0
BU03440823,0,0,1,0
BU03440831,0,0,1,0
BU03440832,0,0,1,0
BU03440911,0,0,1,0
BU03440912,0,0,1,0
BU03440913,0,0,1,0
BU03440921,0,0,1,0
BU03440922,0,0,1,0
BU03440931,0,0,1,0
BU03440932,0,0,1,0
BU03440933,0,0,1,0
BU03440934,0,0,1,0
BU03440941,0,0,1,0
BU03440942,0,0,1,0
BU03440943,0,0,1,0
BU03440951,0,0,1,0
BU03440952,0,0,1,0
BU03440953,0,0,1,0
BU03441011,0,0,1,0
BU03441012,0,0,1,0
BU03441013,0,0,1,0
BU03441014,0,0,1,0
BU03441021,0,0,1,0
BU03441022,0,0,1,0
BU03441023,0,0,1,0
BU03441024,0,0,1,0
BU03441031,0,0,1,0
BU03441032,0,0,1,0
BU03441033,0,0,1,0
BU03441041,0,0,1,0
BU03450000,0,0,1,0
BU03450001,0,0,1,0
BU03450002,0,0,1,0
BU03450003,0,0,1,0
BU03450100,0,0,1,0
BU03450101,0,0,1,0
BU03450102,0,0,1,0
BU03450103,0,0,1,0
BU03450104,0,0,1,0
BU03450105,0,0,1,0
BU03450200,0,0,1,0
BU03450201,0,0,1,0
BU03450202,0,0,1,0
BU03450203,0,0,1,0
BU03450204,0,0,1,0
BU03450205,0,0,1,0
BU03450206,0,0,1,0
BU03450207,0,0,1,0
BU03450208,0,0,1,0
BU03450300,0,0,1,0
BU03450301,0,0,1,0
BU03450302,0,0,1,0
BU03450400,0,0,1,0
BU03450401,0,0,1,0
BU03450402,0,0,1,0
BU03450403,0,0,1,0
BU03450404,0,0,1,0
BU03450405,0,0,1,0
BU03450500,0,0,1,0
BU03450501,0,0,1,0
BU03450502,0,0,1,0
BU03450503,0,0,1,0
BU03450504,0,0,1,0
BU03450505,0,0,1,0
BU03450506,0,0,1,0
BU03450507,0,0,1,0
BU03510001,0,0,1,0
BU03510002,0,0,1,0
BU03510003,0,0,1,0
BU03510004,0,0,1,0
BU03510005,0,0,1,0
BU03510006,0,0,1,0
BU03510007,0,0,1,0
BU03510008,0,0,1,0
BU03510009,0,0,1,0
BU03510010,0,0,1,0
BU03510011,0,0,1,0
BU03510012,0,0,1,0
BU03520000,0,0,1,0
BU03520101,0,0,1,0
BU03520109,0,0,1,0
BU03520200,0,0,1,0
BU03520209,0,0,1,0
BU03520300,0,0,1,0
BU03520301,0,0,1,0
BU03520302,0,0,1,0
BU03520309,0,0,1,0
BU03530001,0,0,1,0
BU03530002,0,0,1,0
BU03530003,0,0,1,0
BU03530004,0,0,1,0
BU03530005,0,0,1,0
BU03530006,0,0,1,0
BU03530007,0,0,1,0
BU03530008,0,0,1,0
BU03530009,0,0,1,0
BU03530010,0,0,1,0
BU03530011,0,0,1,0
BU03530012,0,0,1,0
BU03530013,0,0,1,0
BU03530014,0,0,1,0
BU03530015,0,0,1,0
BU03530016,0,0,1,0
BU03530017,0,0,1,0
BU03530018,0,0,1,0
BU03530019,0,0,1,0
BU03530020,0,0,1,0
BU03530021,0,0,1,0
BU03530022,0,0,1,0
BU03530023,0,0,1,0
BU03530024,0,0,1,0
BU03530025,0,0,1,0
BU03530026,0,0,1,0
BU03530027,0,0,1,0
BU03530028,0,0,1,0
BU03530029,0,0,1,0
BU03530030,0,0,1,0
BU03550101,0,0,1,0
BU03550102,0,0,1,0
BU03550103,0,0,1,0
BU03550104,0,0,1,0
BU03550105,0,0,1,0
BU03550201,0,0,1,0
BU03550202,0,0,1,0
BU03550203,0,0,1,0
BU03550204,0,0,1,0
BU03550205,0,0,1,0
BU03550206,0,0,1,0
BU03550301,0,0,1,0
BU03550302,0,0,1,0
BU03550303,0,0,1,0
BU03550304,0,0,1,0
BU03550305,0,0,1,0
BU03550306,0,0,1,0
BU03550307,0,0,1,0
BU03550308,0,0,1,0
BU03550309,0,0,1,0
BU03550401,0,0,1,0
BU03550402,0,0,1,0
BU03550403,0,0,1,0
BU03550404,0,0,1,0
BU03550405,0,0,1,0
BU03550406,0,0,1,0
BU03550407,0,0,1,0
BU03550501,0,0,1,0
BU03550502,0,0,1,0
BU03550503,0,0,1,0
BU03550504,0,0,1,0
BU03550505,0,0,1,0
BU03550506,0,0,1,0
BU03550507,0,0,1,0
BU03550508,0,0,1,0
BU03560100,0,0,1,0
BU03560200,0,0,1,0
BU03560300,0,0,1,0
BU03560400,0,0,1,0
BU03560500,0,0,1,0
BU03560600,0,0,1,0
BU03560700,0,0,1,0
BU03560800,0,0,1,0
BU03561000,0,0,1,0
BU03561100,0,0,1,0
BU03561200,0,0,1,0
BU03561300,0,0,1,0
BU03561400,0,0,1,0
BU03561500,0,0,1,0
BU03561600,0,0,1,0
BU03561800,0,0,1,0
BU03562000,0,0,1,0
BU03562100,0,0,1,0
BU03562200,0,0,1,0
BU03562300,0,0,1,0
BU03562400,0,0,1,0
BU03580000,0,0,1,0
BU03580001,0,0,1,0
BU03580004,0,0,1,0
BU03580005,0,0,1,0
BU03580100,0,0,1,0
BU03580200,0,0,1,0
BU03580201,0,0,1,0
BU03580205,0,0,1,0
BU03580206,0,0,1,0
BU03610904,0,0,1,0
BU03611005,0,0,1,0
BU03611006,0,0,1,0
BU03620001,0,0,1,0
BU03620002,0,0,1,0
BU03620003,0,0,1,0
BU03620004,0,0,1,0
BU03620005,0,0,1,0
BU03620006,0,0,1,0
BU03620007,0,0,1,0
BU03620008,0,0,1,0
BU03620009,0,0,1,0
BU03620010,0,0,1,0
BU03620011,0,0,1,0
BU03620012,0,0,1,0
BU03620013,0,0,1,0
BU03620014,0,0,1,0
BU03620015,0,0,1,0
BU03620016,0,0,1,0
BU03620017,0,0,1,0
BU03620018,0,0,1,0
BU03620019,0,0,1,0
BU03620020,0,0,1,0
BU03635801,0,0,1,0
BU03637900,0,0,1,0
BU03639003,0,0,1,0
BU03730500,0,0,1,0
BU03750000,0,0,1,0
BU03750001,0,0,1,0
BU03750002,0,0,1,0
BU03750003,0,0,1,0
BU03750004,0,0,1,0
BU03750005,0,0,1,0
BU03750100,0,0,1,0
BU03750101,0,0,1,0
BU03750109,0,0,1,0
BU03750200,0,0,1,0
BU03750201,0,0,1,0
BU03750202,0,0,1,0
BU03750300,0,0,1,0
BU03750301,0,0,1,0
BU03750302,0,0,1,0
BU03750303,0,0,1,0
BU03750400,0,0,1,0
BU03750401,0,0,1,0
BU03750500,0,0,1,0
BU03750501,0,0,1,0
BU03750600,0,0,1,0
BU03750601,0,0,1,0
BU03750700,0,0,1,0
BU03750701,0,0,1,0
BU03750702,0,0,1,0
BU03750703,0,0,1,0
BU03750800,0,0,1,0
BU03750801,0,0,1,0
BU03750900,0,0,1,0
BU03750901,0,0,1,0
BU03750909,0,0,1,0
BU03770000,0,0,1,0
BU03770001,0,0,1,0
BU03770002,0,0,1,0
BU03770003,0,0,1,0
BU03770004,0,0,1,0
BU03770005,0,0,1,0
BU03770009,0,0,1,0
BU03770100,0,0,1,0
BU03770101,0,0,1,0
BU03770109,0,0,1,0
BU03770200,0,0,1,0
BU03770201,0,0,1,0
BU03770202,0,0,1,0
BU03770209,0,0,1,0
BU03770300,0,0,1,0
BU03770309,0,0,1,0
BU03770400,0,0,1,0
BU03770401,0,0,1,0
BU03770402,0,0,1,0
BU03770403,0,0,1,0
BU03770404,0,0,1,0
BU03770409,0,0,1,0
BU03830001,0,0,1,0
BU03830011,0,0,1,0
BU03830101,0,0,1,0
BU03830111,0,0,1,0
BU03830201,0,0,1,0
BU03830211,0,0,1,0
BU03830221,0,0,1,0
BU03830301,0,0,1,0
BU03830311,0,0,1,0
BU03830401,0,0,1,0
BU03830411,0,0,1,0
BU03830421,0,0,1,0
BU03830431,0,0,1,0
BU03830501,0,0,1,0
BU03830511,0,0,1,0
BU03830601,0,0,1,0
BU03830701,0,0,1,0
BU03830711,0,0,1,0
BU03830721,0,0,1,0
BU03920206,0,0,1,0
BU03920208,0,0,1,0
BU03920502,0,0,1,0
BU03920903,0,0,1,0
BU03930000,0,0,1,0
BU03930002,0,0,1,0
BU03930003,0,0,1,0
BU03930004,0,0,1,0
BU03930008,0,0,1,0
BU03930009,0,0,1,0
BU03940676,0,0,1,0
BU03940779,0,0,1,0
BU03940781,0,0,1,0
BU03960100,0,0,1,0
BU03960101,0,0,1,0
BU03960200,0,0,1,0
BU03960201,0,0,1,0
BU03960202,0,0,1,0
BU03960300,0,0,1,0
BU03960301,0,0,1,0
BU03960302,0,0,1,0
BU03960303,0,0,1,0
BU03960400,0,0,1,0
BU03960402,0,0,1,0
BU03960403,0,0,1,0
BU03960404,0,0,1,0
BU03960409,0,0,1,0
BU03960500,0,0,1,0
BU03960501,0,0,1,0
BU03960502,0,0,1,0
BU03960503,0,0,1,0
BU03960600,0,0,1,0
BU03960601,0,0,1,0
BU03960602,0,0,1,0
BU03960603,0,0,1,0
BU03960604,0,0,1,0
BU03960605,0,0,1,0
BU03960700,0,0,1,0
BU03960701,0,0,1,0
BU03960702,0,0,1,0
BU03960800,0,0,1,0
BU03960801,0,0,1,0
BU03960802,0,0,1,0
BU03960900,0,0,1,0
BU03960901,0,0,1,0
BU03961001,0,0,1,0
BU03961002,0,0,1,0
BU03961100,0,0,1,0
BU03970000,0,0,1,0
BU03970001,0,0,1,0
BU03970002,0,0,1,0
BU03970003,0,0,1,0
BU03970004,0,0,1,0
BU03970005,0,0,1,0
BU03970006,0,0,1,0
BU03970007,0,0,1,0
BU03970008,0,0,1,0
BU03970009,0,0,1,0
BU03970100,0,0,1,0
BU03970101,0,0,1,0
BU03970102,0,0,1,0
BU03970200,0,0,1,0
BU03990802,0,0,1,0
BU04020304,0,0,1,0
BU04020405,0,0,1,0
BU04020903,0,0,1,0
BU04020904,0,0,1,0
BU04020905,0,0,1,0
BU04170007,0,0,1,0
BU04370000,0,0,1,0
BU04370001,0,0,1,0
BU04370006,0,0,1,0
BU04370007,0,0,1,0
BU04370008,0,0,1,0
BU04370009,0,0,1,0
BU04500001,0,0,1,0
BU04500002,0,0,1,0
BU04500003,0,0,1,0
BU04500004,0,0,1,0
BU04500005,0,0,1,0
BU04500006,0,0,1,0
BU04511500,0,0,1,0
BU04512500,0,0,1,0
BU04513500,0,0,1,0
BU04514500,0,0,1,0
BU04515000,0,0,1,0
BU04515500,0,0,1,0
BU04516500,0,0,1,0
BU04517500,0,0,1,0
BU04518500,0,0,1,0
BU04519000,0,0,1,0
BU04519500,0,0,1,0
BU04530500,0,0,1,0
BU04530504,0,0,1,0
BU04730101,0,0,1,0
BU04730102,0,0,1,0
BU04730103,0,0,1,0
BU04730104,0,0,1,0
BU04730105,0,0,1,0
BU04730106,0,0,1,0
BU04730107,0,0,1,0
BU04730201,0,0,1,0
BU04730202,0,0,1,0
BU04730203,0,0,1,0
BU04730204,0,0,1,0
BU04730205,0,0,1,0
BU04730206,0,0,1,0
BU04730301,0,0,1,0
BU04730401,0,0,1,0
BU04730402,0,0,1,0
BU04730403,0,0,1,0
BU04730404,0,0,1,0
BU04797130,0,0,1,0
BU04797230,0,0,1,0
BU04820101,0,0,1,0
BU04820102,0,0,1,0
BU04820103,0,0,1,0
BU04820104,0,0,1,0
BU04820105,0,0,1,0
BU04820201,0,0,1,0
BU04820202,0,0,1,0
BU04820203,0,0,1,0
BU04820204,0,0,1,0
BU04820205,0,0,1,0
BU04820206,0,0,1,0
BU04820301,0,0,1,0
BU04820302,0,0,1,0
BU04820303,0,0,1,0
BU04820304,0,0,1,0
BU04820305,0,0,1,0
BU04820306,0,0,1,0
BU04820307,0,0,1,0
BU04820401,0,0,1,0
BU04820402,0,0,1,0
BU04820403,0,0,1,0
BU04820404,0,0,1,0
BU04820501,0,0,1,0
BU04820502,0,0,1,0
BU04820503,0,0,1,0
BU04820601,0,0,1,0
BU04820602,0,0,1,0
BU04820603,0,0,1,0
BU04820604,0,0,1,0
BU04843102,0,0,1,0
BU04843104,0,0,1,0
BU04847008,0,0,1,0
BU04847014,0,0,1,0
BU04847015,0,0,1,0
BU04847101,0,0,1,0
BU04890101,0,0,1,0
BU04890102,0,0,1,0
BU04890103,0,0,1,0
BU04890204,0,0,1,0
BU04890205,0,0,1,0
BU04890206,0,0,1,0
BU04890207,0,0,1,0
BU04890308,0,0,1,0
BU04890409,0,0,1,0
BU04890410,0,0,1,0
BU04890511,0,0,1,0
BU04890512,0,0,1,0
BU04890513,0,0,1,0
BU04890614,0,0,1,0
BU04890715,0,0,1,0
BU04890816,0,0,1,0
BU04890817,0,0,1,0
BU04890918,0,0,1,0
BU04890919,0,0,1,0
BU04890920,0,0,1,0
BU04890921,0,0,1,0
BU04890922,0,0,1,0
BU04891023,0,0,1,0
BU04891124,0,0,1,0
BU04891225,0,0,1,0
BU04891226,0,0,1,0
BU04891227,0,0,1,0
BU04891328,0,0,1,0
BU04891429,0,0,1,0
BU04891430,0,0,1,0
BU04891431,0,0,1,0
BU04891432,0,0,1,0
BU04891533,0,0,1,0
BU04891634,0,0,1,0
BU04891735,0,0,1,0
BU04891836,0,0,1,0
BU04891937,0,0,1,0
BU04892039,0,0,1,0
BU04893050,0,0,1,0
BU04893051,0,0,1,0
BU04893052,0,0,1,0
BU04893053,0,0,1,0
BU04893054,0,0,1,0
BU04893160,0,0,1,0
BU04893161,0,0,1,0
BU04893162,0,0,1,0
BU04893163,0,0,1,0
BU04893164,0,0,1,0
BU04895070,0,0,1,0
BU04895071,0,0,1,0
BU04895072,0,0,1,0
BU04895073,0,0,1,0
BU04895074,0,0,1,0
BU04895075,0,0,1,0
BU04895076,0,0,1,0
BU04895077,0,0,1,0
BU04895078,0,0,1,0
BU04895080,0,0,1,0
BU04895081,0,0,1,0
BU04895082,0,0,1,0
BU04895083,0,0,1,0
BU04895084,0,0,1,0
BU05010000,0,0,1,0
BU05010001,0,0,1,0
BU05010002,0,0,1,0
BU05010003,0,0,1,0
BU05010004,0,0,1,0
BU05010005,0,0,1,0
BU05010006,0,0,1,0
BU05010009,0,0,1,0
BU05010100,0,0,1,0
BU05010109,0,0,1,0
BU05010200,0,0,1,0
BU05010201,0,0,1,0
BU05010202,0,0,1,0
BU05010209,0,0,1,0
BU05010300,0,0,1,0
BU05020110,0,0,1,0
BU05020111,0,0,1,0
BU05020112,0,0,1,0
BU05020113,0,0,1,0
BU05020114,0,0,1,0
BU05020115,0,0,1,0
BU05020116,0,0,1,0
BU05020117,0,0,1,0
BU05020118,0,0,1,0
BU05020119,0,0,1,0
BU05020223,0,0,1,0
BU05020224,0,0,1,0
BU05020225,0,0,1,0
BU05020226,0,0,1,0
BU05020227,0,0,1,0
BU05020228,0,0,1,0
BU05020229,0,0,1,0
BU05020332,0,0,1,0
BU05020333,0,0,1,0
BU05020334,0,0,1,0
BU05020335,0,0,1,0
BU05020336,0,0,1,0
BU05020337,0,0,1,0
BU05020338,0,0,1,0
BU05020441,0,0,1,0
BU05020442,0,0,1,0
BU05020443,0,0,1,0
BU05020444,0,0,1,0
BU05020445,0,0,1,0
BU05020446,0,0,1,0
BU05020447,0,0,1,0
BU05020448,0,0,1,0
BU05020449,0,0,1,0
BU05020551,0,0,1,0
BU05020552,0,0,1,0
BU05020553,0,0,1,0
BU05020554,0,0,1,0
BU05020555,0,0,1,0
BU05020556,0,0,1,0
BU05020557,0,0,1,0
BU05020621,0,0,1,0
BU05020622,0,0,1,0
BU05020631,0,0,1,0
BU05020658,0,0,1,0
BU05020659,0,0,1,0
BU05020661,0,0,1,0
BU05020662,0,0,1,0
BU05020663,0,0,1,0
BU05020664,0,0,1,0
BU05020665,0,0,1,0
BU05020666,0,0,1,0
BU05020770,0,0,1,0
BU05020771,0,0,1,0
BU05020772,0,0,1,0
BU05020773,0,0,1,0
BU05020774,0,0,1,0
BU05020775,0,0,1,0
BU05020776,0,0,1,0
BU05020777,0,0,1,0
BU05020778,0,0,1,0
BU05020779,0,0,1,0
BU05020880,0,0,1,0
BU05020881,0,0,1,0
BU05020882,0,0,1,0
BU05020883,0,0,1,0
BU05020884,0,0,1,0
BU05020885,0,0,1,0
BU05020886,0,0,1,0
BU05020887,0,0,1,0
BU05020888,0,0,1,0
BU05020889,0,0,1,0
BU05020991,0,0,1,0
BU05020992,0,0,1,0
BU05020993,0,0,1,0
BU05020994,0,0,1,0
BU05020995,0,0,1,0
BU05020996,0,0,1,0
BU05020997,0,0,1,0
BU05020998,0,0,1,0
BU05031100,0,0,1,0
BU05031101,0,0,1,0
BU05031102,0,0,1,0
BU05031103,0,0,1,0
BU05031104,0,0,1,0
BU05031105,0,0,1,0
BU05031106,0,0,1,0
BU05031107,0,0,1,0
BU05031108,0,0,1,0
BU05031109,0,0,1,0
BU05031200,0,0,1,0
BU05031201,0,0,1,0
BU05031202,0,0,1,0
BU05031203,0,0,1,0
BU05031204,0,0,1,0
BU05031205,0,0,1,0
BU05031206,0,0,1,0
BU05031207,0,0,1,0
BU05031208,0,0,1,0
BU05031300,0,0,1,0
BU05031301,0,0,1,0
BU05031302,0,0,1,0
BU05031303,0,0,1,0
BU05031304,0,0,1,0
BU05031305,0,0,1,0
BU05031306,0,0,1,0
BU05031307,0,0,1,0
BU05031400,0,0,1,0
BU05031401,0,0,1,0
BU05031402,0,0,1,0
BU05031403,0,0,1,0
BU05031404,0,0,1,0
BU05031405,0,0,1,0
BU05031407,0,0,1,0
BU05031600,0,0,1,0
BU05031601,0,0,1,0
BU05031602,0,0,1,0
BU05031603,0,0,1,0
BU05031604,0,0,1,0
BU05032200,0,0,1,0
BU05032201,0,0,1,0
BU05032202,0,0,1,0
BU05032203,0,0,1,0
BU05032204,0,0,1,0
BU05032205,0,0,1,0
BU05032300,0,0,1,0
BU05032301,0,0,1,0
BU05032302,0,0,1,0
BU05032303,0,0,1,0
BU05032304,0,0,1,0
BU05032305,0,0,1,0
BU05032400,0,0,1,0
BU05032401,0,0,1,0
BU05032402,0,0,1,0
BU05032403,0,0,1,0
BU05032404,0,0,1,0
BU05032405,0,0,1,0
BU05032406,0,0,1,0
BU05032407,0,0,1,0
BU05032408,0,0,1,0
BU05032500,0,0,1,0
BU05032501,0,0,1,0
BU05032502,0,0,1,0
BU05032503,0,0,1,0
BU05032504,0,0,1,0
BU05032505,0,0,1,0
BU05032506,0,0,1,0
BU05032507,0,0,1,0
BU05032508,0,0,1,0
BU05032509,0,0,1,0
BU05032510,0,0,1,0
BU05032600,0,0,1,0
BU05032700,0,0,1,0
BU05032701,0,0,1,0
BU05032702,0,0,1,0
BU05032703,0,0,1,0
BU05032704,0,0,1,0
BU05032800,0,0,1,0
BU05032801,0,0,1,0
BU05032802,0,0,1,0
BU05032803,0,0,1,0
BU05032804,0,0,1,0
BU05032805,0,0,1,0
BU05032806,0,0,1,0
BU05032807,0,0,1,0
BU05032808,0,0,1,0
BU05032809,0,0,1,0
BU05032900,0,0,1,0
BU05032901,0,0,1,0
BU05032902,0,0,1,0
BU05050100,0,0,1,0
BU05050101,0,0,1,0
BU05050102,0,0,1,0
BU05050103,0,0,1,0
BU05050104,0,0,1,0
BU05050105,0,0,1,0
BU05050106,0,0,1,0
BU05050107,0,0,1,0
BU05050108,0,0,1,0
BU05050109,0,0,1,0
BU05050110,0,0,1,0
BU05050111,0,0,1,0
BU05050112,0,0,1,0
BU05050113,0,0,1,0
BU05050114,0,0,1,0
BU05050200,0,0,1,0
BU05050201,0,0,1,0
BU05050202,0,0,1,0
BU05050203,0,0,1,0
BU05050204,0,0,1,0
BU05050205,0,0,1,0
BU05050206,0,0,1,0
BU05050300,0,0,1,0
BU05050301,0,0,1,0
BU05050302,0,0,1,0
BU05050303,0,0,1,0
BU05050304,0,0,1,0
BU05050305,0,0,1,0
BU05050306,0,0,1,0
BU05050307,0,0,1,0
BU05050400,0,0,1,0
BU05050401,0,0,1,0
BU05050402,0,0,1,0
BU05050403,0,0,1,0
BU05050404,0,0,1,0
BU05050405,0,0,1,0
BU05050406,0,0,1,0
BU05050500,0,0,1,0
BU05050501,0,0,1,0
BU05050502,0,0,1,0
BU05050503,0,0,1,0
BU05050504,0,0,1,0
BU05050505,0,0,1,0
BU05050506,0,0,1,0
BU05050507,0,0,1,0
BU05050508,0,0,1,0
BU05050509,0,0,1,0
BU05050510,0,0,1,0
BU05050600,0,0,1,0
BU05050601,0,0,1,0
BU05050602,0,0,1,0
BU05050603,0,0,1,0
BU05050604,0,0,1,0
BU05050605,0,0,1,0
BU05050606,0,0,1,0
BU05050607,0,0,1,0
BU05050608,0,0,1,0
BU05050700,0,0,1,0
BU05050701,0,0,1,0
BU05050702,0,0,1,0
BU05050703,0,0,1,0
BU05050704,0,0,1,0
BU05050705,0,0,1,0
BU05050706,0,0,1,0
BU05050707,0,0,1,0
BU05050800,0,0,1,0
BU05050801,0,0,1,0
BU05050802,0,0,1,0
BU05050900,0,0,1,0
BU05050901,0,0,1,0
BU05050902,0,0,1,0
BU05050903,0,0,1,0
BU05050904,0,0,1,0
BU05050905,0,0,1,0
BU05050906,0,0,1,0
BU05050907,0,0,1,0
BU05050908,0,0,1,0
BU05050909,0,0,1,0
BU05050910,0,0,1,0
BU05051000,0,0,1,0
BU05051001,0,0,1,0
BU05051002,0,0,1,0
BU05051003,0,0,1,0
BU05051004,0,0,1,0
BU05051005,0,0,1,0
BU05051006,0,0,1,0
BU05051007,0,0,1,0
BU05051008,0,0,1,0
BU05051009,0,0,1,0
BU05051010,0,0,1,0
BU05051011,0,0,1,0
BU05051012,0,0,1,0
BU05051013,0,0,1,0
BU05051100,0,0,1,0
BU05051101,0,0,1,0
BU05051102,0,0,1,0
BU05051103,0,0,1,0
BU05051104,0,0,1,0
BU05051105,0,0,1,0
BU05051106,0,0,1,0
BU05051107,0,0,1,0
BU05051108,0,0,1,0
BU05051109,0,0,1,0
BU05051110,0,0,1,0
BU05051111,0,0,1,0
BU05051900,0,0,1,0
BU05051901,0,0,1,0
BU05051902,0,0,1,0
BU05051903,0,0,1,0
BU05051904,0,0,1,0
BU05051905,0,0,1,0
BU05051906,0,0,1,0
BU05051907,0,0,1,0
BU05051909,0,0,1,0
BU05051910,0,0,1,0
BU05051911,0,0,1,0
BU05051912,0,0,1,0
BU05051913,0,0,1,0
BU05051914,0,0,1,0
BU05051915,0,0,1,0
BU05051916,0,0,1,0
BU05051917,0,0,1,0
BU05051918,0,0,1,0
BU05051919,0,0,1,0
BU05059800,0,0,1,0
BU05059801,0,0,1,0
BU05059804,0,0,1,0
BU05059805,0,0,1,0
BU05120101,0,0,1,0
BU05120102,0,0,1,0
BU05120200,0,0,1,0
BU05120300,0,0,1,0
BU05120403,0,0,1,0
BU05120404,0,0,1,0
BU05120500,0,0,1,0
BU05120600,0,0,1,0
BU05120700,0,0,1,0
BU05120800,0,0,1,0
BU05120900,0,0,1,0
BU05121000,0,0,1,0
BU05121105,0,0,1,0
BU05121106,0,0,1,0
BU05121107,0,0,1,0
BU05121108,0,0,1,0
BU05121200,0,0,1,0
BU05121300,0,0,1,0
BU05121409,0,0,1,0
BU05121410,0,0,1,0
BU05121411,0,0,1,0
BU05121500,0,0,1,0
BU05121600,0,0,1,0
BU05121700,0,0,1,0
BU05121800,0,0,1,0
BU05121900,0,0,1,0
BU05122000,0,0,1,0
BU05122100,0,0,1,0
BU05130100,0,0,1,0
BU05130101,0,0,1,0
BU05130102,0,0,1,0
BU05130103,0,0,1,0
BU05130104,0,0,1,0
BU05130105,0,0,1,0
BU05130200,0,0,1,0
BU05130201,0,0,1,0
BU05130202,0,0,1,0
BU05130203,0,0,1,0
BU05130204,0,0,1,0
BU05130300,0,0,1,0
BU05130301,0,0,1,0
BU05130302,0,0,1,0
BU05130303,0,0,1,0
BU05130304,0,0,1,0
BU05130305,0,0,1,0
BU05130400,0,0,1,0
BU05130401,0,0,1,0
BU05130402,0,0,1,0
BU05130403,0,0,1,0
BU05130404,0,0,1,0
BU05130405,0,0,1,0
BU05130406,0,0,1,0
BU05130407,0,0,1,0
BU05130500,0,0,1,0
BU05130501,0,0,1,0
BU05130502,0,0,1,0
BU05130503,0,0,1,0
BU05130504,0,0,1,0
BU05130509,0,0,1,0
BU05130600,0,0,1,0
BU05130601,0,0,1,0
BU05130602,0,0,1,0
BU05130603,0,0,1,0
BU05130604,0,0,1,0
BU05130700,0,0,1,0
BU05130701,0,0,1,0
BU05130702,0,0,1,0
BU05130703,0,0,1,0
BU05130704,0,0,1,0
BU05130705,0,0,1,0
BU05130800,0,0,1,0
BU05130809,0,0,1,0
BU05130900,0,0,1,0
BU05130901,0,0,1,0
BU05130909,0,0,1,0
BU05180170,0,0,1,0
BU05180271,0,0,1,0
BU05180373,0,0,1,0
BU05180374,0,0,1,0
BU05180448,0,0,1,0
BU05180475,0,0,1,0
BU05180476,0,0,1,0
BU05180477,0,0,1,0
BU05180478,0,0,1,0
BU05180479,0,0,1,0
BU05180546,0,0,1,0
BU05180605,0,0,1,0
BU05180701,0,0,1,0
BU05180702,0,0,1,0
BU05180703,0,0,1,0
BU05180704,0,0,1,0
BU05180772,0,0,1,0
BU05180800,0,0,1,0
BU05180907,0,0,1,0
BU05180908,0,0,1,0
BU05181041,0,0,1,0
BU05181142,0,0,1,0
BU05181143,0,0,1,0
BU05181250,0,0,1,0
BU05181251,0,0,1,0
BU05181252,0,0,1,0
BU05181309,0,0,1,0
BU05181481,0,0,1,0
BU05181492,0,0,1,0
BU05181590,0,0,1,0
BU05181591,0,0,1,0
BU05181697,0,0,1,0
BU05181785,0,0,1,0
BU05181786,0,0,1,0
BU05181795,0,0,1,0
BU05181806,0,0,1,0
BU05181840,0,0,1,0
BU05181882,0,0,1,0
BU05181893,0,0,1,0
BU05181894,0,0,1,0
BU05181953,0,0,1,0
BU05181983,0,0,1,0
BU05182054,0,0,1,0
BU05182055,0,0,1,0
BU05182110,0,0,1,0
BU05182144,0,0,1,0
BU05182245,0,0,1,0
BU05182347,0,0,1,0
BU05182449,0,0,1,0
BU05182561,0,0,1,0
BU05182567,0,0,1,0
BU05182568,0,0,1,0
BU05182569,0,0,1,0
BU05182664,0,0,1,0
BU05182665,0,0,1,0
BU05182666,0,0,1,0
BU05182718,0,0,1,0
BU05182762,0,0,1,0
BU05182763,0,0,1,0
BU05182811,0,0,1,0
BU05182812,0,0,1,0
BU05182813,0,0,1,0
BU05182814,0,0,1,0
BU05182915,0,0,1,0
BU05182916,0,0,1,0
BU05182917,0,0,1,0
BU05183032,0,0,1,0
BU05183033,0,0,1,0
BU05183034,0,0,1,0
BU05183130,0,0,1,0
BU05183131,0,0,1,0
BU05183135,0,0,1,0
BU05183284,0,0,1,0
BU05183387,0,0,1,0
BU05183396,0,0,1,0
BU05183398,0,0,1,0
BU05183399,0,0,1,0
BU05183480,0,0,1,0
BU05183488,0,0,1,0
BU05183489,0,0,1,0
BU05183536,0,0,1,0
BU05183620,0,0,1,0
BU05183637,0,0,1,0
BU05183638,0,0,1,0
BU05183639,0,0,1,0
BU05183721,0,0,1,0
BU05183819,0,0,1,0
BU05183822,0,0,1,0
BU05183823,0,0,1,0
BU05183824,0,0,1,0
BU05183825,0,0,1,0
BU05183826,0,0,1,0
BU05183960,0,0,1,0
BU05184001,0,0,1,0
BU05184002,0,0,1,0
BU05184003,0,0,1,0
BU05184004,0,0,1,0
BU05184005,0,0,1,0
BU05184106,0,0,1,0
BU05184107,0,0,1,0
BU05184110,0,0,1,0
BU05184208,0,0,1,0
BU05184209,0,0,1,0
BU05184211,0,0,1,0
BU05184212,0,0,1,0
BU05184213,0,0,1,0
BU05184214,0,0,1,0
BU05184215,0,0,1,0
BU05184316,0,0,1,0
BU05184317,0,0,1,0
BU05184418,0,0,1,0
BU05184419,0,0,1,0
BU05184420,0,0,1,0
BU05184421,0,0,1,0
BU05230000,0,0,1,0
BU05230001,0,0,1,0
BU05230002,0,0,1,0
BU05230003,0,0,1,0
BU05300000,0,0,1,0
BU05300001,0,0,1,0
BU05300003,0,0,1,0
BU05300004,0,0,1,0
BU05300005,0,0,1,0
BU05300100,0,0,1,0
BU05300101,0,0,1,0
BU05300102,0,0,1,0
BU05300103,0,0,1,0
BU05300104,0,0,1,0
BU05300105,0,0,1,0
BU05300106,0,0,1,0
BU05300107,0,0,1,0
BU05300200,0,0,1,0
BU05300201,0,0,1,0
BU05300300,0,0,1,0
BU05300301,0,0,1,0
BU05300302,0,0,1,0
BU05300303,0,0,1,0
BU05300400,0,0,1,0
BU05300401,0,0,1,0
BU05300402,0,0,1,0
BU05300404,0,0,1,0
BU05300500,0,0,1,0
BU05300502,0,0,1,0
BU05300503,0,0,1,0
BU05300504,0,0,1,0
BU05300505,0,0,1,0
BU05300600,0,0,1,0
BU05300601,0,0,1,0
BU05300700,0,0,1,0
BU05300701,0,0,1,0
BU05300800,0,0,1,0
BU05300900,0,0,1,0
BU05300901,0,0,1,0
BU05300902,0,0,1,0
BU05310101,0,0,1,0
BU05310102,0,0,1,0
BU05310103,0,0,1,0
BU05310201,0,0,1,0
BU05310202,0,0,1,0
BU05310203,0,0,1,0
BU05310204,0,0,1,0
BU05310301,0,0,1,0
BU05310302,0,0,1,0
BU05310400,0,0,1,0
BU05310501,0,0,1,0
BU05310502,0,0,1,0
BU05340401,0,0,1,0
BU05340402,0,0,1,0
BU05420000,0,0,1,0
BU05420001,0,0,1,0
BU05420002,0,0,1,0
BU05420003,0,0,1,0
BU05420004,0,0,1,0
BU05420005,0,0,1,0
BU05450001,0,0,1,0
BU05450002,0,0,1,0
BU05450003,0,0,1,0
BU05450004,0,0,1,0
BU05450005,0,0,1,0
BU05450006,0,0,1,0
BU05450007,0,0,1,0
BU05560101,0,0,1,0
BU05560201,0,0,1,0
BU05560202,0,0,1,0
BU05560203,0,0,1,0
BU05560301,0,0,1,0
BU05560302,0,0,1,0
BU05560303,0,0,1,0
BU05560401,0,0,1,0
BU05560402,0,0,1,0
BU05560403,0,0,1,0
BU05560404,0,0,1,0
BU05560405,0,0,1,0
BU05560501,0,0,1,0
BU05560502,0,0,1,0
BU05560601,0,0,1,0
BU05560602,0,0,1,0
BU05560701,0,0,1,0
BU05560702,0,0,1,0
BU05560801,0,0,1,0
BU05690001,0,0,1,0
BU05690004,0,0,1,0
BU05690006,0,0,1,0
BU05690009,0,0,1,0
BU05690104,0,0,1,0
BU05690108,0,0,1,0
BU05690109,0,0,1,0
BU05690203,0,0,1,0
BU05690209,0,0,1,0
BU05840001,0,0,1,0
BU05840002,0,0,1,0
BU05840003,0,0,1,0
BU05840004,0,0,1,0
BU05840005,0,0,1,0
BU05840006,0,0,1,0
BU05840007,0,0,1,0
BU05840008,0,0,1,0
BU05840009,0,0,1,0
BU05840010,0,0,1,0
BU05840011,0,0,1,0
BU05840012,0,0,1,0
BU05840013,0,0,1,0
BU05850000,0,0,1,0
BU05850001,0,0,1,0
BU05850002,0,0,1,0
BU05850003,0,0,1,0
BU05850009,0,0,1,0
BU05850100,0,0,1,0
BU05850101,0,0,1,0
BU05850102,0,0,1,0
BU05850103,0,0,1,0
BU05850104,0,0,1,0
BU05850108,0,0,1,0
BU05850109,0,0,1,0
BU05850200,0,0,1,0
BU05850201,0,0,1,0
BU05850202,0,0,1,0
BU05850208,0,0,1,0
BU05850209,0,0,1,0
BU05850300,0,0,1,0
BU05850301,0,0,1,0
BU05850302,0,0,1,0
BU05850303,0,0,1,0
BU05850304,0,0,1,0
BU05850307,0,0,1,0
BU05850309,0,0,1,0
BU05850400,0,0,1,0
BU05850401,0,0,1,0
BU05850402,0,0,1,0
BU05850403,0,0,1,0
BU05850405,0,0,1,0
BU05850406,0,0,1,0
BU05850408,0,0,1,0
BU05850409,0,0,1,0
BU05850500,0,0,1,0
BU05850501,0,0,1,0
BU05850502,0,0,1,0
BU05850503,0,0,1,0
BU05850504,0,0,1,0
BU05850505,0,0,1,0
BU05850506,0,0,1,0
BU05850509,0,0,1,0
BU05880000,0,0,1,0
BU05880001,0,0,1,0
BU05880009,0,0,1,0
BU05880100,0,0,1,0
BU05880103,0,0,1,0
BU05880109,0,0,1,0
BU05880200,0,0,1,0
BU05880201,0,0,1,0
BU05880202,0,0,1,0
BU05880208,0,0,1,0
BU05880209,0,0,1,0
BU05880300,0,0,1,0
BU05880301,0,0,1,0
BU05880302,0,0,1,0
BU05880303,0,0,1,0
BU05880304,0,0,1,0
BU05880308,0,0,1,0
BU05880309,0,0,1,0
BU05890101,0,0,1,0
BU05890102,0,0,1,0
BU05890201,0,0,1,0
BU05890202,0,0,1,0
BU05890203,0,0,1,0
BU05890204,0,0,1,0
BU05890205,0,0,1,0
BU05890206,0,0,1,0
BU05890207,0,0,1,0
BU05890208,0,0,1,0
BU05890209,0,0,1,0
BU05890210,0,0,1,0
BU05890211,0,0,1,0
BU05890212,0,0,1,0
BU05890213,0,0,1,0
BU05890301,0,0,1,0
BU05890302,0,0,1,0
BU05890401,0,0,1,0
BU05900001,0,0,1,0
BU05900002,0,0,1,0
BU05900003,0,0,1,0
BU05900004,0,0,1,0
BU05900005,0,0,1,0
BU05900006,0,0,1,0
BU05900007,0,0,1,0
BU05900008,0,0,1,0
BU05970100,0,0,1,0
BU05970200,0,0,1,0
BU05970300,0,0,1,0
BU05970400,0,0,1,0
BU05970500,0,0,1,0
BU05970600,0,0,1,0
BU05970700,0,0,1,0
BU05970800,0,0,1,0
BU05970900,0,0,1,0
BU05971000,0,0,1,0
BU05971100,0,0,1,0
BU05971200,0,0,1,0
BU05990110,0,0,1,0
BU05990111,0,0,1,0
BU05990112,0,0,1,0
BU05990113,0,0,1,0
BU05990118,0,0,1,0
BU05990119,0,0,1,0
BU05990320,0,0,1,0
BU05990321,0,0,1,0
BU05990322,0,0,1,0
BU05990323,0,0,1,0
BU05990324,0,0,1,0
BU05990325,0,0,1,0
BU05990327,0,0,1,0
BU05990328,0,0,1,0
BU05990329,0,0,1,0
BU05990451,0,0,1,0
BU05990452,0,0,1,0
BU05990454,0,0,1,0
BU05990455,0,0,1,0
BU05990456,0,0,1,0
BU05990457,0,0,1,0
BU05990515,0,0,1,0
BU05990516,0,0,1,0
BU05990531,0,0,1,0
BU05990532,0,0,1,0
BU05990534,0,0,1,0
BU05990535,0,0,1,0
BU05990558,0,0,1,0
BU05990660,0,0,1,0
BU05990661,0,0,1,0
BU05990662,0,0,1,0
BU05990664,0,0,1,0
BU05990665,0,0,1,0
BU05990814,0,0,1,0
BU05990836,0,0,1,0
BU05990837,0,0,1,0
BU05990841,0,0,1,0
BU05990842,0,0,1,0
BU05990843,0,0,1,0
BU05990845,0,0,1,0
BU05990847,0,0,1,0
BU05991017,0,0,1,0
BU05991079,0,0,1,0
BU05991080,0,0,1,0
BU05991081,0,0,1,0
BU05991082,0,0,1,0
BU05991085,0,0,1,0
BU05991086,0,0,1,0
BU05991087,0,0,1,0
BU05991088,0,0,1,0
BU05991283,0,0,1,0
BU05991284,0,0,1,0
BU05991289,0,0,1,0
BU05991290,0,0,1,0
BU05991391,0,0,1,0
BU05991444,0,0,1,0
BU05991446,0,0,1,0
BU05991448,0,0,1,0
BU05991449,0,0,1,0
BU05991463,0,0,1,0
BU05991466,0,0,1,0
BU05991467,0,0,1,0
BU05991468,0,0,1,0
BU05991570,0,0,1,0
BU05991571,0,0,1,0
BU05991572,0,0,1,0
BU05991573,0,0,1,0
BU05991574,0,0,1,0
BU05991575,0,0,1,0
BU05991576,0,0,1,0
BU05991577,0,0,1,0
BU05991578,0,0,1,0
BU05991593,0,0,1,0
BU05991692,0,0,1,0
BU05991699,0,0,1,0
BU05991701,0,0,1,0
BU05991702,0,0,1,0
BU05991703,0,0,1,0
BU05991853,0,0,1,0
BU05991926,0,0,1,0
BU05992194,0,0,1,0
BU05992196,0,0,1,0
BU05992198,0,0,1,0
BU05992295,0,0,1,0
BU05992306,0,0,1,0
BU05992307,0,0,1,0
BU05992308,0,0,1,0
BU05992459,0,0,1,0
BU05992540,0,0,1,0
BU05992704,0,0,1,0
BU05992705,0,0,1,0
BU06030111,0,0,1,0
BU06030112,0,0,1,0
BU06030221,0,0,1,0
BU06030222,0,0,1,0
BU06030223,0,0,1,0
BU06030224,0,0,1,0
BU06030225,0,0,1,0
BU06030331,0,0,1,0
BU06030332,0,0,1,0
BU06030333,0,0,1,0
BU06030334,0,0,1,0
BU06030441,0,0,1,0
BU06030442,0,0,1,0
BU06030443,0,0,1,0
BU06030551,0,0,1,0
BU06030552,0,0,1,0
BU06030553,0,0,1,0
BU06030554,0,0,1,0
BU06030661,0,0,1,0
BU06030662,0,0,1,0
BU06030663,0,0,1,0
BU06030664,0,0,1,0
BU06030771,0,0,1,0
BU06030772,0,0,1,0
BU06030881,0,0,1,0
BU06030882,0,0,1,0
BU06030883,0,0,1,0
BU06030884,0,0,1,0
BU06030991,0,0,1,0
BU06030992,0,0,1,0
BU06030993,0,0,1,0
BU06030994,0,0,1,0
BU06060000,0,0,1,0
BU06060101,0,0,1,0
BU06060102,0,0,1,0
BU06060103,0,0,1,0
BU06060104,0,0,1,0
BU06060105,0,0,1,0
BU06060106,0,0,1,0
BU06060107,0,0,1,0
BU06060201,0,0,1,0
BU06060202,0,0,1,0
BU06060203,0,0,1,0
BU06060301,0,0,1,0
BU06060302,0,0,1,0
BU06060303,0,0,1,0
BU06060304,0,0,1,0
BU06060305,0,0,1,0
BU06060306,0,0,1,0
BU06060307,0,0,1,0
BU06060308,0,0,1,0
BU06060309,0,0,1,0
BU06060401,0,0,1,0
BU06060402,0,0,1,0
BU06060403,0,0,1,0
BU06060404,0,0,1,0
BU06060405,0,0,1,0
BU06060500,0,0,1,0
BU06060602,0,0,1,0
BU06060603,0,0,1,0
BU06060604,0,0,1,0
BU06060605,0,0,1,0
BU06060606,0,0,1,0
BU06060607,0,0,1,0
BU06060608,0,0,1,0
BU06060701,0,0,1,0
BU06060702,0,0,1,0
BU06060703,0,0,1,0
BU06060704,0,0,1,0
BU06060705,0,0,1,0
BU06060706,0,0,1,0
BU06060707,0,0,1,0
BU06060801,0,0,1,0
BU06060802,0,0,1,0
BU06060803,0,0,1,0
BU06060901,0,0,1,0
BU06060902,0,0,1,0
BU06060903,0,0,1,0
BU06060904,0,0,1,0
BU06060905,0,0,1,0
BU06060906,0,0,1,0
BU06060907,0,0,1,0
BU06060908,0,0,1,0
BU06060909,0,0,1,0
BU06100101,0,0,1,0
BU06100102,0,0,1,0
BU06100103,0,0,1,0
BU06100104,0,0,1,0
BU06100105,0,0,1,0
BU06100106,0,0,1,0
BU06100107,0,0,1,0
BU06100108,0,0,1,0
BU06100109,0,0,1,0
BU06100201,0,0,1,0
BU06100202,0,0,1,0
BU06100203,0,0,1,0
BU06100204,0,0,1,0
BU06100205,0,0,1,0
BU06100206,0,0,1,0
BU06100207,0,0,1,0
BU06100208,0,0,1,0
BU06100209,0,0,1,0
BU06100210,0,0,1,0
BU06100211,0,0,1,0
BU06100301,0,0,1,0
BU06100302,0,0,1,0
BU06100303,0,0,1,0
BU06100304,0,0,1,0
BU06100305,0,0,1,0
BU06100306,0,0,1,0
BU06100307,0,0,1,0
BU06100401,0,0,1,0
BU06100403,0,0,1,0
BU06100404,0,0,1,0
BU06100405,0,0,1,0
BU06100406,0,0,1,0
BU06110000,0,0,1,0
BU06110001,0,0,1,0
BU06110003,0,0,1,0
BU06110004,0,0,1,0
BU06110009,0,0,1,0
BU06110100,0,0,1,0
BU06110101,0,0,1,0
BU06110108,0,0,1,0
BU06110109,0,0,1,0
BU06130101,0,0,1,0
BU06130102,0,0,1,0
BU06130103,0,0,1,0
BU06130104,0,0,1,0
BU06130205,0,0,1,0
BU06130207,0,0,1,0
BU06130308,0,0,1,0
BU06130309,0,0,1,0
BU06130310,0,0,1,0
BU06130311,0,0,1,0
BU06130312,0,0,1,0
BU06130313,0,0,1,0
BU06130414,0,0,1,0
BU06130415,0,0,1,0
BU06130416,0,0,1,0
BU06130417,0,0,1,0
BU06130418,0,0,1,0
BU06130419,0,0,1,0
BU06130420,0,0,1,0
BU06130521,0,0,1,0
BU06130522,0,0,1,0
BU06130623,0,0,1,0
BU06130624,0,0,1,0
BU06130625,0,0,1,0
BU06130626,0,0,1,0
BU06130706,0,0,1,0
BU06140000,0,0,1,0
BU06140001,0,0,1,0
BU06140002,0,0,1,0
BU06140003,0,0,1,0
BU06140004,0,0,1,0
BU06140005,0,0,1,0
BU06140009,0,0,1,0
BU06140100,0,0,1,0
BU06140101,0,0,1,0
BU06140102,0,0,1,0
BU06140103,0,0,1,0
BU06140104,0,0,1,0
BU06140105,0,0,1,0
BU06140106,0,0,1,0
BU06140108,0,0,1,0
BU06140109,0,0,1,0
BU06170001,0,0,1,0
BU06170002,0,0,1,0
BU06170003,0,0,1,0
BU06170004,0,0,1,0
BU06170005,0,0,1,0
BU06170007,0,0,1,0
BU06170008,0,0,1,0
BU06170009,0,0,1,0
BU06170010,0,0,1,0
BU06170011,0,0,1,0
BU06170012,0,0,1,0
BU06170013,0,0,1,0
BU06170014,0,0,1,0
BU06200000,0,0,1,0
BU06200001,0,0,1,0
BU06200002,0,0,1,0
BU06200003,0,0,1,0
BU06200004,0,0,1,0
BU06200005,0,0,1,0
BU06200007,0,0,1,0
BU06200009,0,0,1,0
BU06200100,0,0,1,0
BU06200101,0,0,1,0
BU06200107,0,0,1,0
BU06200108,0,0,1,0
BU06200109,0,0,1,0
BU06200200,0,0,1,0
BU06200201,0,0,1,0
BU06200202,0,0,1,0
BU06200209,0,0,1,0
BU06220101,0,0,1,0
BU06220102,0,0,1,0
BU06220103,0,0,1,0
BU06220104,0,0,1,0
BU06220201,0,0,1,0
BU06220202,0,0,1,0
BU06220203,0,0,1,0
BU06220204,0,0,1,0
BU06220205,0,0,1,0
BU06220301,0,0,1,0
BU06220302,0,0,1,0
BU06220303,0,0,1,0
BU06220304,0,0,1,0
BU06220305,0,0,1,0
BU06220306,0,0,1,0
BU06220307,0,0,1,0
BU06220401,0,0,1,0
BU06220402,0,0,1,0
BU06220403,0,0,1,0
BU06220404,0,0,1,0
BU06220501,0,0,1,0
BU06220502,0,0,1,0
BU06220503,0,0,1,0
BU06220504,0,0,1,0
BU06220505,0,0,1,0
BU06220601,0,0,1,0
BU06220602,0,0,1,0
BU06220603,0,0,1,0
BU06220604,0,0,1,0
BU06220605,0,0,1,0
BU06220606,0,0,1,0
BU06220701,0,0,1,0
BU06220702,0,0,1,0
BU06220703,0,0,1,0
BU06220704,0,0,1,0
BU06220705,0,0,1,0
BU06220706,0,0,1,0
BU06220707,0,0,1,0
BU06220708,0,0,1,0
BU06220801,0,0,1,0
BU06260014,0,0,1,0
BU06270101,0,0,1,0
BU06270102,0,0,1,0
BU06270103,0,0,1,0
BU06270104,0,0,1,0
BU06270105,0,0,1,0
BU06270106,0,0,1,0
BU06270202,0,0,1,0
BU06270203,0,0,1,0
BU06270204,0,0,1,0
BU06270205,0,0,1,0
BU06270301,0,0,1,0
BU06270302,0,0,1,0
BU06270303,0,0,1,0
BU06270304,0,0,1,0
BU06270401,0,0,1,0
BU06270402,0,0,1,0
BU06270403,0,0,1,0
BU06270404,0,0,1,0
BU06270405,0,0,1,0
BU06270406,0,0,1,0
BU06270407,0,0,1,0
BU06270408,0,0,1,0
BU06290003,0,0,1,0
BU06290004,0,0,1,0
BU06290009,0,0,1,0
BU06320101,0,0,1,0
BU06320102,0,0,1,0
BU06320103,0,0,1,0
BU06320104,0,0,1,0
BU06320105,0,0,1,0
BU06320106,0,0,1,0
BU06320201,0,0,1,0
BU06320202,0,0,1,0
BU06320203,0,0,1,0
BU06320204,0,0,1,0
BU06320301,0,0,1,0
BU06320302,0,0,1,0
BU06320303,0,0,1,0
BU06320304,0,0,1,0
BU06320305,0,0,1,0
BU06320401,0,0,1,0
BU06320402,0,0,1,0
BU06320501,0,0,1,0
BU06320502,0,0,1,0
BU06320503,0,0,1,0
BU06320601,0,0,1,0
BU06320602,0,0,1,0
BU06320603,0,0,1,0
BU06320604,0,0,1,0
BU06320605,0,0,1,0
BU06320606,0,0,1,0
BU06320701,0,0,1,0
BU06320702,0,0,1,0
BU06320703,0,0,1,0
BU06320801,0,0,1,0
BU06320802,0,0,1,0
BU06370001,0,0,1,0
BU06370002,0,0,1,0
BU06370003,0,0,1,0
BU06370004,0,0,1,0
BU06370100,0,0,1,0
BU06370101,0,0,1,0
BU06370200,0,0,1,0
BU06370201,0,0,1,0
BU06370300,0,0,1,0
BU06370301,0,0,1,0
BU06370400,0,0,1,0
BU06370401,0,0,1,0
BU06370500,0,0,1,0
BU06370501,0,0,1,0
BU06370600,0,0,1,0
BU06370601,0,0,1,0
BU06370800,0,0,1,0
BU06370801,0,0,1,0
BU06370802,0,0,1,0
BU06370803,0,0,1,0
BU06370902,0,0,1,0
BU06370903,0,0,1,0
BU06370904,0,0,1,0
BU06370905,0,0,1,0
BU06370906,0,0,1,0
BU06370907,0,0,1,0
BU06380009,0,0,1,0
BU06420101,0,0,1,0
BU06420102,0,0,1,0
BU06420103,0,0,1,0
BU06420104,0,0,1,0
BU06420105,0,0,1,0
BU06420106,0,0,1,0
BU06420107,0,0,1,0
BU06420108,0,0,1,0
BU06420109,0,0,1,0
BU06420110,0,0,1,0
BU06420111,0,0,1,0
BU06420112,0,0,1,0
BU06420113,0,0,1,0
BU06420114,0,0,1,0
BU06420115,0,0,1,0
BU06420201,0,0,1,0
BU06420203,0,0,1,0
BU06420205,0,0,1,0
BU06420206,0,0,1,0
BU06420207,0,0,1,0
BU06420208,0,0,1,0
BU06420209,0,0,1,0
BU06420301,0,0,1,0
BU06420302,0,0,1,0
BU06420303,0,0,1,0
BU06420304,0,0,1,0
BU06420305,0,0,1,0
BU06420306,0,0,1,0
BU06420307,0,0,1,0
BU06420308,0,0,1,0
BU06420309,0,0,1,0
BU06420310,0,0,1,0
BU06420311,0,0,1,0
BU06420312,0,0,1,0
BU06420313,0,0,1,0
BU06420401,0,0,1,0
BU06420402,0,0,1,0
BU06420403,0,0,1,0
BU06420404,0,0,1,0
BU06420405,0,0,1,0
BU06420406,0,0,1,0
BU06420407,0,0,1,0
BU06420408,0,0,1,0
BU06420409,0,0,1,0
BU06420410,0,0,1,0
BU06420501,0,0,1,0
BU06420502,0,0,1,0
BU06420503,0,0,1,0
BU06420504,0,0,1,0
BU06420505,0,0,1,0
BU06420506,0,0,1,0
BU06420507,0,0,1,0
BU06420508,0,0,1,0
BU06420509,0,0,1,0
BU06420510,0,0,1,0
BU06420511,0,0,1,0
BU06420512,0,0,1,0
BU06420513,0,0,1,0
BU06420514,0,0,1,0
BU06420515,0,0,1,0
BU06420601,0,0,1,0
BU06420602,0,0,1,0
BU06420603,0,0,1,0
BU06420604,0,0,1,0
BU06420605,0,0,1,0
BU06420606,0,0,1,0
BU06420607,0,0,1,0
BU06420608,0,0,1,0
BU06420609,0,0,1,0
BU06420610,0,0,1,0
BU06420701,0,0,1,0
BU06420702,0,0,1,0
BU06420703,0,0,1,0
BU06420704,0,0,1,0
BU06420705,0,0,1,0
BU06420707,0,0,1,0
BU06420708,0,0,1,0
BU06420801,0,0,1,0
BU06420802,0,0,1,0
BU06420803,0,0,1,0
BU06420804,0,0,1,0
BU06420805,0,0,1,0
BU06420901,0,0,1,0
BU06420902,0,0,1,0
BU06420903,0,0,1,0
BU06420904,0,0,1,0
BU06420905,0,0,1,0
BU06420906,0,0,1,0
BU06420907,0,0,1,0
BU06540101,0,0,1,0
BU06540102,0,0,1,0
BU06540201,0,0,1,0
BU06540202,0,0,1,0
BU06540301,0,0,1,0
BU06540302,0,0,1,0
BU06540401,0,0,1,0
BU06540402,0,0,1,0
BU06540501,0,0,1,0
BU06540502,0,0,1,0
BU06540601,0,0,1,0
BU06540602,0,0,1,0
BU06540701,0,0,1,0
BU06540702,0,0,1,0
BU06540801,0,0,1,0
BU06540802,0,0,1,0
BU06540901,0,0,1,0
BU06540902,0,0,1,0
BU06540903,0,0,1,0
BU06541001,0,0,1,0
BU06541002,0,0,1,0
BU06541101,0,0,1,0
BU06541102,0,0,1,0
BU06541201,0,0,1,0
BU06541202,0,0,1,0
BU06541301,0,0,1,0
BU06541302,0,0,1,0
BU06541401,0,0,1,0
BU06541402,0,0,1,0
BU06541501,0,0,1,0
BU06541502,0,0,1,0
BU06640101,0,0,1,0
BU06640102,0,0,1,0
BU06640103,0,0,1,0
BU06640104,0,0,1,0
BU06640105,0,0,1,0
BU06640106,0,0,1,0
BU06640107,0,0,1,0
BU06640108,0,0,1,0
BU06640109,0,0,1,0
BU06640110,0,0,1,0
BU06640111,0,0,1,0
BU06640220,0,0,1,0
BU06640229,0,0,1,0
BU06640330,0,0,1,0
BU06640331,0,0,1,0
BU06640338,0,0,1,0
BU06640339,0,0,1,0
BU06640440,0,0,1,0
BU06640449,0,0,1,0
BU06640550,0,0,1,0
BU06640551,0,0,1,0
BU06640559,0,0,1,0
BU06640660,0,0,1,0
BU06640770,0,0,1,0
BU06640778,0,0,1,0
BU06640779,0,0,1,0
BU06640880,0,0,1,0
BU06640889,0,0,1,0
BU06640990,0,0,1,0
BU06770101,0,0,1,0
BU06770102,0,0,1,0
BU06770103,0,0,1,0
BU06770104,0,0,1,0
BU06770105,0,0,1,0
BU06770106,0,0,1,0
BU06770107,0,0,1,0
BU06770108,0,0,1,0
BU06770109,0,0,1,0
BU06770110,0,0,1,0
BU06770112,0,0,1,0
BU06770213,0,0,1,0
BU06770214,0,0,1,0
BU06770315,0,0,1,0
BU06770316,0,0,1,0
BU06770417,0,0,1,0
BU06770418,0,0,1,0
BU06770419,0,0,1,0
BU06770420,0,0,1,0
BU06770521,0,0,1,0
BU06770522,0,0,1,0
BU06770623,0,0,1,0
BU06770624,0,0,1,0
BU06770725,0,0,1,0
BU06770826,0,0,1,0
BU06770827,0,0,1,0
BU06770828,0,0,1,0
BU06770929,0,0,1,0
BU06770930,0,0,1,0
BU06770931,0,0,1,0
BU06770932,0,0,1,0
BU06771033,0,0,1,0
BU06771034,0,0,1,0
BU06771135,0,0,1,0
BU06771136,0,0,1,0
BU06771237,0,0,1,0
BU06771238,0,0,1,0
BU06771339,0,0,1,0
BU06771340,0,0,1,0
BU06780000,0,0,1,0
BU06780009,0,0,1,0
BU06780100,0,0,1,0
BU06780109,0,0,1,0
BU06780200,0,0,1,0
BU06780209,0,0,1,0
BU06870000,0,0,1,0
BU06870100,0,0,1,0
BU06870101,0,0,1,0
BU06870102,0,0,1,0
BU06870103,0,0,1,0
BU06870104,0,0,1,0
BU06870105,0,0,1,0
BU06870106,0,0,1,0
BU06870107,0,0,1,0
BU06870108,0,0,1,0
BU06870109,0,0,1,0
BU06870200,0,0,1,0
BU06870209,0,0,1,0
BU06870300,0,0,1,0
BU06870301,0,0,1,0
BU06870302,0,0,1,0
BU06870309,0,0,1,0
BU06870400,0,0,1,0
BU06870409,0,0,1,0
BU06870500,0,0,1,0
BU06870501,0,0,1,0
BU06870502,0,0,1,0
BU06870509,0,0,1,0
BU06890000,0,0,1,0
BU06890001,0,0,1,0
BU06890002,0,0,1,0
BU06890100,0,0,1,0
BU06890101,0,0,1,0
BU06890200,0,0,1,0
BU06890201,0,0,1,0
BU06890308,0,0,1,0
BU06890309,0,0,1,0
BU06890400,0,0,1,0
BU06890401,0,0,1,0
BU06890402,0,0,1,0
BU06890500,0,0,1,0
BU06890501,0,0,1,0
BU06890502,0,0,1,0
BU06890509,0,0,1,0
BU06890600,0,0,1,0
BU06890601,0,0,1,0
BU06890602,0,0,1,0
BU06890603,0,0,1,0
BU06890700,0,0,1,0
BU06890701,0,0,1,0
BU06890702,0,0,1,0
BU06890800,0,0,1,0
BU07030000,0,0,1,0
BU07030001,0,0,1,0
BU07030002,0,0,1,0
BU07030006,0,0,1,0
BU07030009,0,0,1,0
BU07030100,0,0,1,0
BU07030101,0,0,1,0
BU07030102,0,0,1,0
BU07030106,0,0,1,0
BU07030109,0,0,1,0
BU07030200,0,0,1,0
BU07030201,0,0,1,0
BU07030202,0,0,1,0
BU07030206,0,0,1,0
BU07030209,0,0,1,0
BU07030300,0,0,1,0
BU07030309,0,0,1,0
BU07030400,0,0,1,0
BU07030401,0,0,1,0
BU07030402,0,0,1,0
BU07030403,0,0,1,0
BU07030406,0,0,1,0
BU07030409,0,0,1,0
BU07030500,0,0,1,0
BU07030501,0,0,1,0
BU07030509,0,0,1,0
BU07030600,0,0,1,0
BU07030609,0,0,1,0
BU07070100,0,0,1,0
BU07070101,0,0,1,0
BU07070102,0,0,1,0
BU07070103,0,0,1,0
BU07070200,0,0,1,0
BU07070201,0,0,1,0
BU07070203,0,0,1,0
BU07070300,0,0,1,0
BU07070301,0,0,1,0
BU07070302,0,0,1,0
BU07070400,0,0,1,0
BU07070401,0,0,1,0
BU07070402,0,0,1,0
BU07070500,0,0,1,0
BU07070501,0,0,1,0
BU07070600,0,0,1,0
BU07070601,0,0,1,0
BU07070602,0,0,1,0
BU07070603,0,0,1,0
BU07070700,0,0,1,0
BU07070701,0,0,1,0
BU07070702,0,0,1,0
BU07070703,0,0,1,0
BU07150101,0,0,1,0
BU07150401,0,0,1,0
BU07150402,0,0,1,0
BU07150403,0,0,1,0
BU07150404,0,0,1,0
BU07150701,0,0,1,0
BU07150702,0,0,1,0
BU07150703,0,0,1,0
BU07150704,0,0,1,0
BU07150705,0,0,1,0
BU07151001,0,0,1,0
BU07151002,0,0,1,0
BU07151003,0,0,1,0
BU07151004,0,0,1,0
BU07151005,0,0,1,0
BU07151301,0,0,1,0
BU07151600,0,0,1,0
BU07151900,0,0,1,0
BU07152200,0,0,1,0
BU07152500,0,0,1,0
BU07152800,0,0,1,0
BU07153100,0,0,1,0
BU07153400,0,0,1,0
BU07153700,0,0,1,0
BU07154000,0,0,1,0
BU07154600,0,0,1,0
BU07154900,0,0,1,0
BU07155200,0,0,1,0
BU07155500,0,0,1,0
BU07155800,0,0,1,0
BU07156100,0,0,1,0
BU07156400,0,0,1,0
BU07156700,0,0,1,0
BU07157000,0,0,1,0
BU07157300,0,0,1,0
BU07157600,0,0,1,0
BU07157900,0,0,1,0
BU07158200,0,0,1,0
BU07158500,0,0,1,0
BU07158800,0,0,1,0
BU07160000,0,0,1,0
BU07160009,0,0,1,0
BU07160100,0,0,1,0
BU07160109,0,0,1,0
BU07160200,0,0,1,0
BU07160209,0,0,1,0
BU07160300,0,0,1,0
BU07160309,0,0,1,0
BU07160400,0,0,1,0
BU07160409,0,0,1,0
BU07160500,0,0,1,0
BU07160509,0,0,1,0
BU07160600,0,0,1,0
BU07160609,0,0,1,0
BU07160700,0,0,1,0
BU07160709,0,0,1,0
BU07160710,0,0,1,0
BU07170000,0,0,1,0
BU07170001,0,0,1,0
BU07170002,0,0,1,0
BU07170009,0,0,1,0
BU07170100,0,0,1,0
BU07170109,0,0,1,0
BU07170200,0,0,1,0
BU07170201,0,0,1,0
BU07170209,0,0,1,0
BU07170300,0,0,1,0
BU07170309,0,0,1,0
BU07170400,0,0,1,0
BU07170409,0,0,1,0
BU07170500,0,0,1,0
BU07170501,0,0,1,0
BU07170502,0,0,1,0
BU07170508,0,0,1,0
BU07170509,0,0,1,0
BU07170600,0,0,1,0
BU07170609,0,0,1,0
BU07170700,0,0,1,0
BU07170709,0,0,1,0
BU07170800,0,0,1,0
BU07170809,0,0,1,0
BU07170900,0,0,1,0
BU07170901,0,0,1,0
BU07170908,0,0,1,0
BU07170909,0,0,1,0
BU07171000,0,0,1,0
BU07171001,0,0,1,0
BU07171008,0,0,1,0
BU07171009,0,0,1,0
BU07171100,0,0,1,0
BU07171101,0,0,1,0
BU07171109,0,0,1,0
BU07171200,0,0,1,0
BU07171201,0,0,1,0
BU07171209,0,0,1,0
BU07180100,0,0,1,0
BU07180101,0,0,1,0
BU07180102,0,0,1,0
BU07180103,0,0,1,0
BU07180200,0,0,1,0
BU07180201,0,0,1,0
BU07180202,0,0,1,0
BU07180203,0,0,1,0
BU07180204,0,0,1,0
BU07180205,0,0,1,0
BU07180206,0,0,1,0
BU07180207,0,0,1,0
BU07180208,0,0,1,0
BU07180209,0,0,1,0
BU07180300,0,0,1,0
BU07180301,0,0,1,0
BU07180302,0,0,1,0
BU07180303,0,0,1,0
BU07180400,0,0,1,0
BU07180401,0,0,1,0
BU07180402,0,0,1,0
BU07180403,0,0,1,0
BU07180405,0,0,1,0
BU07180406,0,0,1,0
BU07180407,0,0,1,0
BU07180408,0,0,1,0
BU07180500,0,0,1,0
BU07180501,0,0,1,0
BU07180502,0,0,1,0
BU07180503,0,0,1,0
BU07180504,0,0,1,0
BU07180505,0,0,1,0
BU07180506,0,0,1,0
BU07180507,0,0,1,0
BU07180600,0,0,1,0
BU07180601,0,0,1,0
BU07180602,0,0,1,0
BU07180603,0,0,1,0
BU07180700,0,0,1,0
BU07180701,0,0,1,0
BU07180800,0,0,1,0
BU07330000,0,0,1,0
BU07330001,0,0,1,0
BU07330002,0,0,1,0
BU07330009,0,0,1,0
BU07330100,0,0,1,0
BU07330101,0,0,1,0
BU07330102,0,0,1,0
BU07330109,0,0,1,0
BU07330200,0,0,1,0
BU07330209,0,0,1,0
BU07330309,0,0,1,0
BU07360000,0,0,1,0
BU07360001,0,0,1,0
BU07360003,0,0,1,0
BU07360004,0,0,1,0
BU07360100,0,0,1,0
BU07360101,0,0,1,0
BU07360200,0,0,1,0
BU07360201,0,0,1,0
BU07360202,0,0,1,0
BU07360203,0,0,1,0
BU07360204,0,0,1,0
BU07360207,0,0,1,0
BU07360208,0,0,1,0
BU07360209,0,0,1,0
BU07360300,0,0,1,0
BU07360308,0,0,1,0
BU07360309,0,0,1,0
BU07360400,0,0,1,0
BU07360401,0,0,1,0
BU07360402,0,0,1,0
BU07360405,0,0,1,0
BU07360406,0,0,1,0
BU07360407,0,0,1,0
BU07360409,0,0,1,0
BU07370000,0,0,1,0
BU07370009,0,0,1,0
BU07370100,0,0,1,0
BU07370101,0,0,1,0
BU07370102,0,0,1,0
BU07370108,0,0,1,0
BU07370109,0,0,1,0
BU07370200,0,0,1,0
BU07370201,0,0,1,0
BU07370208,0,0,1,0
BU07370209,0,0,1,0
BU07370300,0,0,1,0
BU07370309,0,0,1,0
BU07370400,0,0,1,0
BU07370401,0,0,1,0
BU07370408,0,0,1,0
BU07370409,0,0,1,0
BU07370500,0,0,1,0
BU07370501,0,0,1,0
BU07370508,0,0,1,0
BU07370509,0,0,1,0
BU07370600,0,0,1,0
BU07370609,0,0,1,0
BU07370700,0,0,1,0
BU07370701,0,0,1,0
BU07370708,0,0,1,0
BU07370709,0,0,1,0
BU07370800,0,0,1,0
BU07370809,0,0,1,0
BU07370900,0,0,1,0
BU07370909,0,0,1,0
BU15810000,0,0,1,0
BU15810001,0,0,1,0
BU15810002,0,0,1,0
BU15810003,0,0,1,0
BU15810004,0,0,1,0
BU15810007,0,0,1,0
BU15810008,0,0,1,0
BU15810009,0,0,1,0
BU15810101,0,0,1,0
BU15810102,0,0,1,0
BU15810103,0,0,1,0
BU15810104,0,0,1,0
BU15810105,0,0,1,0
BU15810106,0,0,1,0
BU15810107,0,0,1,0
BU15810108,0,0,1,0
BU15810109,0,0,1,0
BU15810110,0,0,1,0
BU15810200,0,0,1,0
BU15810201,0,0,1,0
BU15810207,0,0,1,0
BU15810208,0,0,1,0
BU15810209,0,0,1,0
BU15810300,0,0,1,0
BU15810302,0,0,1,0
BU15810308,0,0,1,0
BU15810309,0,0,1,0
BU15810400,0,0,1,0
BU15810402,0,0,1,0
BU15810403,0,0,1,0
BU15810408,0,0,1,0
BU15810409,0,0,1,0
BU16211111,0,0,1,0
BU16211121,0,0,1,0
BU16211211,0,0,1,0
BU16211221,0,0,1,0
BU16211231,0,0,1,0
BU16211311,0,0,1,0
BU16211321,0,0,1,0
BU16211331,0,0,1,0
BU16211411,0,0,1,0
BU16211514,0,0,1,0
BU16211522,0,0,1,0
BU16211531,0,0,1,0
BU16211543,0,0,1,0
BU16211552,0,0,1,0
BU16212111,0,0,1,0
BU16212121,0,0,1,0
BU16212131,0,0,1,0
BU16212144,0,0,1,0
BU16212211,0,0,1,0
BU16212221,0,0,1,0
BU16212231,0,0,1,0
BU16212241,0,0,1,0
BU16212311,0,0,1,0
BU16212321,0,0,1,0
BU16212331,0,0,1,0
BU16212412,0,0,1,0
BU16212511,0,0,1,0
BU16212521,0,0,1,0
BU16212531,0,0,1,0
BU16212541,0,0,1,0
BU16212611,0,0,1,0
BU16212621,0,0,1,0
BU16212633,0,0,1,0
BU16212711,0,0,1,0
BU16212721,0,0,1,0
BU16212731,0,0,1,0
BU16212741,0,0,1,0
BU16212814,0,0,1,0
BU16212823,0,0,1,0
BU16212833,0,0,1,0
BU16212843,0,0,1,0
BU16212851,0,0,1,0
BU16212864,0,0,1,0
BU16213111,0,0,1,0
BU16213121,0,0,1,0
BU16213133,0,0,1,0
BU16213141,0,0,1,0
BU16213162,0,0,1,0
BU16213211,0,0,1,0
BU16213221,0,0,1,0
BU16213231,0,0,1,0
BU16213242,0,0,1,0
BU16213251,0,0,1,0
BU16213261,0,0,1,0
BU16213312,0,0,1,0
BU16213323,0,0,1,0
BU16213334,0,0,1,0
BU16213344,0,0,1,0
BU16213353,0,0,1,0
BU16760000,0,0,1,0
BU16760001,0,0,1,0
BU16760002,0,0,1,0
BU16760003,0,0,1,0
BU16760004,0,0,1,0
BU16760007,0,0,1,0
BU16760008,0,0,1,0
BU16760009,0,0,1,0
BU16760100,0,0,1,0
BU16760109,0,0,1,0
BU16760200,0,0,1,0
BU16760209,0,0,1,0
BU16760300,0,0,1,0
BU16760309,0,0,1,0
BU16760400,0,0,1,0
BU16760401,0,0,1,0
BU16760409,0,0,1,0
BU16760500,0,0,1,0
BU16760501,0,0,1,0
BU16760509,0,0,1,0
BU16760600,0,0,1,0
BU16760609,0,0,1,0
BU16760700,0,0,1,0
BU16760701,0,0,1,0
BU16760708,0,0,1,0
BU16760709,0,0,1,0
BU16760800,0,0,1,0
BU16760809,0,0,1,0
BU16760900,0,0,1,0
BU16760909,0,0,1,0
BU16761000,0,0,1,0
BU16761009,0,0,1,0
BU16761100,0,0,1,0
BU16761109,0,0,1,0
BU16761200,0,0,1,0
BU16761201,0,0,1,0
BU16761202,0,0,1,0
BU16761203,0,0,1,0
BU16761204,0,0,1,0
BU16761205,0,0,1,0
BU16761208,0,0,1,0
BU16761209,0,0,1,0
BU16761300,0,0,1,0
BU16761301,0,0,1,0
BU16761302,0,0,1,0
BU16761303,0,0,1,0
BU16761309,0,0,1,0
BU16761400,0,0,1,0
BU16761409,0,0,1,0
BU16761500,0,0,1,0
BU16761509,0,0,1,0
BU16950000,0,0,1,0
BU16950001,0,0,1,0
BU16950009,0,0,1,0
BU16950100,0,0,1,0
BU16950109,0,0,1,0
BU16950200,0,0,1,0
BU16950209,0,0,1,0
BU16950300,0,0,1,0
BU16950301,0,0,1,0
BU16950309,0,0,1,0
BU16950400,0,0,1,0
BU16950409,0,0,1,0
BU16950500,0,0,1,0
BU16950509,0,0,1,0
BU16960100,0,0,1,0
BU16960102,0,0,1,0
BU16960300,0,0,1,0
BU16960400,0,0,1,0
BU16960401,0,0,1,0
BU16960402,0,0,1,0
BU16960500,0,0,1,0
BU16960604,0,0,1,0
BU17140000,0,0,1,0
BU17140001,0,0,1,0
BU17140009,0,0,1,0
BU17140100,0,0,1,0
BU17140109,0,0,1,0
BU17140200,0,0,1,0
BU17140209,0,0,1,0
BU17140300,0,0,1,0
BU17140309,0,0,1,0
BU17140400,0,0,1,0
BU17140409,0,0,1,0
BU17140500,0,0,1,0
BU17140509,0,0,1,0
BU17140600,0,0,1,0
BU17140609,0,0,1,0
BU17140700,0,0,1,0
BU17140701,0,0,1,0
BU17140709,0,0,1,0
BU17140800,0,0,1,0
BU17140801,0,0,1,0
BU17140809,0,0,1,0
BU17140900,0,0,1,0
BU17140909,0,0,1,0
BU17141000,0,0,1,0
BU17141009,0,0,1,0
BU17141100,0,0,1,0
BU17141101,0,0,1,0
BU17141108,0,0,1,0
BU17141109,0,0,1,0
BU17141200,0,0,1,0
BU17141209,0,0,1,0
BU17141300,0,0,1,0
BU17141309,0,0,1,0
BU17141400,0,0,1,0
BU17141409,0,0,1,0
BU17220000,0,0,1,0
BU17220001,0,0,1,0
BU17220002,0,0,1,0
BU17220003,0,0,1,0
BU17220007,0,0,1,0
BU17220008,0,0,1,0
BU17220009,0,0,1,0
BU17220100,0,0,1,0
BU17220109,0,0,1,0
BU17220200,0,0,1,0
BU17220201,0,0,1,0
BU17220202,0,0,1,0
BU17220203,0,0,1,0
BU17220204,0,0,1,0
BU17220205,0,0,1,0
BU17220206,0,0,1,0
BU17220208,0,0,1,0
BU17220209,0,0,1,0
BU17830509,0,0,1,0
BU17830602,0,0,1,0
BU17830607,0,0,1,0
BU17830610,0,0,1,0
BU17830612,0,0,1,0
BU17830803,0,0,1,0
BU18420002,0,0,1,0
BU18420005,0,0,1,0
BU18420101,0,0,1,0
BU18420108,0,0,1,0
BU18840407,0,0,1,0
BU18910000,0,0,1,0
BU18910001,0,0,1,0
BU18910002,0,0,1,0
BU18910008,0,0,1,0
BU18910009,0,0,1,0
BU18910100,0,0,1,0
BU18910101,0,0,1,0
BU18910108,0,0,1,0
BU18910109,0,0,1,0
BU18910200,0,0,1,0
BU18910201,0,0,1,0
BU18910202,0,0,1,0
BU18910208,0,0,1,0
BU18910209,0,0,1,0
BU18910300,0,0,1,0
BU18910301,0,0,1,0
BU18910309,0,0,1,0
BU18920106,0,0,1,0
BU18920191,0,0,1,0
BU18920209,0,0,1,0
BU18920292,0,0,1,0
BU18920301,0,0,1,0
BU18920302,0,0,1,0
BU18920303,0,0,1,0
BU18920304,0,0,1,0
BU18920305,0,0,1,0
BU18920306,0,0,1,0
BU18920307,0,0,1,0
BU18920308,0,0,1,0
BU18920309,0,0,1,0
BU18920310,0,0,1,0
BU18920399,0,0,1,0
BU18920401,0,0,1,0
BU18920402,0,0,1,0
BU18920403,0,0,1,0
BU18920404,0,0,1,0
BU18920405,0,0,1,0
BU18920406,0,0,1,0
BU18920407,0,0,1,0
BU18920408,0,0,1,0
BU18920409,0,0,1,0
BU18920410,0,0,1,0
BU18920411,0,0,1,0
BU18920412,0,0,1,0
BU18920491,0,0,1,0
BU18920492,0,0,1,0
BU18920493,0,0,1,0
BU19010101,0,0,1,0
BU19010102,0,0,1,0
BU19010103,0,0,1,0
BU19010104,0,0,1,0
BU19010205,0,0,1,0
BU19010306,0,0,1,0
BU19010307,0,0,1,0
BU19010308,0,0,1,0
BU19010309,0,0,1,0
BU19010310,0,0,1,0
BU19010311,0,0,1,0
BU19010312,0,0,1,0
BU19010413,0,0,1,0
BU19010514,0,0,1,0
BU19010615,0,0,1,0
BU19010616,0,0,1,0
BU19010617,0,0,1,0
BU19010618,0,0,1,0
BU19010619,0,0,1,0
BU19010620,0,0,1,0
BU19010621,0,0,1,0
BU19010722,0,0,1,0
BU19010723,0,0,1,0
BU19010724,0,0,1,0
BU19010725,0,0,1,0
BU19010726,0,0,1,0
BU19010727,0,0,1,0
BU19010728,0,0,1,0
BU19010729,0,0,1,0
BU19010730,0,0,1,0
BU19010831,0,0,1,0
BU19010832,0,0,1,0
BU19010833,0,0,1,0
BU19010834,0,0,1,0
BU19010935,0,0,1,0
BU19010936,0,0,1,0
BU19010937,0,0,1,0
BU19040101,0,0,1,0
BU19040102,0,0,1,0
BU19040103,0,0,1,0
BU19040104,0,0,1,0
BU19040105,0,0,1,0
BU19040106,0,0,1,0
BU19040107,0,0,1,0
BU19040108,0,0,1,0
BU19040109,0,0,1,0
BU19040110,0,0,1,0
BU19040111,0,0,1,0
BU19040112,0,0,1,0
BU19040113,0,0,1,0
BU19040114,0,0,1,0
BU19040115,0,0,1,0
BU19040116,0,0,1,0
BU19040117,0,0,1,0
BU19040118,0,0,1,0
BU19040119,0,0,1,0
BU19040201,0,0,1,0
BU19040202,0,0,1,0
BU19040203,0,0,1,0
BU19040204,0,0,1,0
BU19040205,0,0,1,0
BU19040206,0,0,1,0
BU19040207,0,0,1,0
BU19040208,0,0,1,0
BU19040209,0,0,1,0
BU19040211,0,0,1,0
BU19040212,0,0,1,0
BU19040213,0,0,1,0
BU19040214,0,0,1,0
BU19040215,0,0,1,0
BU19040216,0,0,1,0
BU19040301,0,0,1,0
BU19040302,0,0,1,0
BU19040303,0,0,1,0
BU19040306,0,0,1,0
BU19040307,0,0,1,0
BU19040308,0,0,1,0
BU19040309,0,0,1,0
BU19040310,0,0,1,0
BU19040311,0,0,1,0
BU19040312,0,0,1,0
BU19040401,0,0,1,0
BU19040402,0,0,1,0
BU19040501,0,0,1,0
BU19040502,0,0,1,0
BU19040503,0,0,1,0
BU19040504,0,0,1,0
BU19040505,0,0,1,0
BU19040506,0,0,1,0
BU19040507,0,0,1,0
BU19040508,0,0,1,0
BU19040601,0,0,1,0
BU19040602,0,0,1,0
BU19040603,0,0,1,0
BU19040604,0,0,1,0
BU19040701,0,0,1,0
BU19040702,0,0,1,0
BU19040703,0,0,1,0
BU19040801,0,0,1,0
BU19040802,0,0,1,0
BU19040804,0,0,1,0
BU19040805,0,0,1,0
BU19040901,0,0,1,0
BU19040902,0,0,1,0
BU19040903,0,0,1,0
BU19040904,0,0,1,0
BU19040905,0,0,1,0
BU19040906,0,0,1,0
BU19040907,0,0,1,0
BU19041001,0,0,1,0
BU19041002,0,0,1,0
BU19041003,0,0,1,0
BU19041101,0,0,1,0
BU19041201,0,0,1,0
BU19041202,0,0,1,0
BU19041203,0,0,1,0
BU19041204,0,0,1,0
BU19041205,0,0,1,0
BU19041206,0,0,1,0
BU19041207,0,0,1,0
BU19041208,0,0,1,0
BU19041209,0,0,1,0
BU19041210,0,0,1,0
BU19041211,0,0,1,0
BU19041212,0,0,1,0
BU19041213,0,0,1,0
BU19041214,0,0,1,0
BU19041215,0,0,1,0
BU19160100,0,0,1,0
BU19160101,0,0,1,0
BU19160102,0,0,1,0
BU19160103,0,0,1,0
BU19160104,0,0,1,0
BU19160200,0,0,1,0
BU19160201,0,0,1,0
BU19160300,0,0,1,0
BU19160301,0,0,1,0
BU19160400,0,0,1,0
BU19160401,0,0,1,0
BU19160500,0,0,1,0
BU19160501,0,0,1,0
BU19160502,0,0,1,0
BU19160503,0,0,1,0
BU19160600,0,0,1,0
BU19160601,0,0,1,0
BU19160700,0,0,1,0
BU19160701,0,0,1,0
BU19160702,0,0,1,0
BU19160703,0,0,1,0
BU19160800,0,0,1,0
BU19160801,0,0,1,0
BU19160900,0,0,1,0
BU19160901,0,0,1,0
BU19161000,0,0,1,0
BU19161100,0,0,1,0
BU19161200,0,0,1,0
BU19161201,0,0,1,0
BU19240001,0,0,1,0
BU19240002,0,0,1,0
BU19240003,0,0,1,0
BU19240101,0,0,1,0
BU19240102,0,0,1,0
BU19240103,0,0,1,0
BU19240104,0,0,1,0
BU19240105,0,0,1,0
BU19240106,0,0,1,0
BU19240107,0,0,1,0
BU19240108,0,0,1,0
BU19240109,0,0,1,0
BU19240201,0,0,1,0
BU19240202,0,0,1,0
BU19240203,0,0,1,0
BU19240204,0,0,1,0
BU19240205,0,0,1,0
BU19240301,0,0,1,0
BU19240302,0,0,1,0
BU19240303,0,0,1,0
BU19240304,0,0,1,0
BU19240305,0,0,1,0
BU19240306,0,0,1,0
BU19240307,0,0,1,0
BU19240401,0,0,1,0
BU19240402,0,0,1,0
BU19240403,0,0,1,0
BU19240501,0,0,1,0
BU19240502,0,0,1,0
BU19240601,0,0,1,0
BU19240602,0,0,1,0
BU19240603,0,0,1,0
BU19240604,0,0,1,0
BU19240605,0,0,1,0
BU19240606,0,0,1,0
BU19240701,0,0,1,0
BU19240702,0,0,1,0
BU19240703,0,0,1,0
BU19240704,0,0,1,0
BU19240705,0,0,1,0
BU19240801,0,0,1,0
BU19240802,0,0,1,0
BU19240901,0,0,1,0
BU19240902,0,0,1,0
BU19240903,0,0,1,0
BU19241001,0,0,1,0
BU19241002,0,0,1,0
BU19241003,0,0,1,0
BU19241004,0,0,1,0
BU19241005,0,0,1,0
BU19241006,0,0,1,0
BU19241101,0,0,1,0
BU19241102,0,0,1,0
BU19241103,0,0,1,0
BU19241201,0,0,1,0
BU19241202,0,0,1,0
BU19241301,0,0,1,0
BU19241302,0,0,1,0
BU19260101,0,0,1,0
BU19260102,0,0,1,0
BU19260103,0,0,1,0
BU19260104,0,0,1,0
BU19260105,0,0,1,0
BU19260106,0,0,1,0
BU19260107,0,0,1,0
BU19260111,0,0,1,0
BU19260112,0,0,1,0
BU19260113,0,0,1,0
BU19260114,0,0,1,0
BU19260221,0,0,1,0
BU19260222,0,0,1,0
BU19260223,0,0,1,0
BU19260224,0,0,1,0
BU19260225,0,0,1,0
BU19260226,0,0,1,0
BU19260231,0,0,1,0
BU19260232,0,0,1,0
BU19260341,0,0,1,0
BU19260342,0,0,1,0
BU19260351,0,0,1,0
BU19270000,0,0,1,0
BU19270001,0,0,1,0
BU19270002,0,0,1,0
BU19270003,0,0,1,0
BU19270009,0,0,1,0
BU19270100,0,0,1,0
BU19270109,0,0,1,0
BU19270200,0,0,1,0
BU19270201,0,0,1,0
BU19270202,0,0,1,0
BU19270300,0,0,1,0
BU19270309,0,0,1,0
BU19270400,0,0,1,0
BU19270409,0,0,1,0
BU19270500,0,0,1,0
BU19270501,0,0,1,0
BU19270600,0,0,1,0
BU19270609,0,0,1,0
BU19270700,0,0,1,0
BU19270800,0,0,1,0
BU19270801,0,0,1,0
BU19270802,0,0,1,0
BU19270803,0,0,1,0
BU19270900,0,0,1,0
BU19270901,0,0,1,0
BU19270909,0,0,1,0
BU19271000,0,0,1,0
BU19271100,0,0,1,0
BU19271109,0,0,1,0
BU19300101,0,0,1,0
BU19300102,0,0,1,0
BU19300103,0,0,1,0
BU19300104,0,0,1,0
BU19300105,0,0,1,0
BU19300106,0,0,1,0
BU19300201,0,0,1,0
BU19300202,0,0,1,0
BU19300301,0,0,1,0
BU19300302,0,0,1,0
BU19300401,0,0,1,0
BU19300501,0,0,1,0
BU19300502,0,0,1,0
BU19300503,0,0,1,0
BU19300504,0,0,1,0
BU19300601,0,0,1,0
BU19300602,0,0,1,0
BU19300603,0,0,1,0
BU19300701,0,0,1,0
BU19300702,0,0,1,0
BU19300703,0,0,1,0
BU19300801,0,0,1,0
BU19300802,0,0,1,0
BU19300803,0,0,1,0
BU19300804,0,0,1,0
BU19300805,0,0,1,0
BU19300901,0,0,1,0
BU19300902,0,0,1,0
BU19300903,0,0,1,0
BU19300904,0,0,1,0
BU19300905,0,0,1,0
BU19301001,0,0,1,0
BU19301002,0,0,1,0
BU19301003,0,0,1,0
BU19301004,0,0,1,0
BU19301101,0,0,1,0
BU19301102,0,0,1,0
BU19301201,0,0,1,0
BU19301202,0,0,1,0
BU19301203,0,0,1,0
BU19301204,0,0,1,0
BU19301205,0,0,1,0
BU19301206,0,0,1,0
BU19301301,0,0,1,0
BU19301401,0,0,1,0
BU19301402,0,0,1,0
BU19301403,0,0,1,0
BU19301404,0,0,1,0
BU19301405,0,0,1,0
BU19301406,0,0,1,0
BU19301407,0,0,1,0
BU19301408,0,0,1,0
BU19301409,0,0,1,0
BU19301410,0,0,1,0
BU19301411,0,0,1,0
BU19301501,0,0,1,0
BU19301502,0,0,1,0
BU19301503,0,0,1,0
BU19301504,0,0,1,0
BU19301505,0,0,1,0
BU19301506,0,0,1,0
BU19301601,0,0,1,0
BU19301701,0,0,1,0
BU19301702,0,0,1,0
BU19301703,0,0,1,0
BU19301704,0,0,1,0
BU19301705,0,0,1,0
BU19301706,0,0,1,0
BU19301707,0,0,1,0
BU19301708,0,0,1,0
BU19302501,0,0,1,0
BU19302502,0,0,1,0
BU19302503,0,0,1,0
BU19302504,0,0,1,0
BU19302701,0,0,1,0
BU19302702,0,0,1,0
BU19302703,0,0,1,0
BU19302901,0,0,1,0
BU19302902,0,0,1,0
BU19303101,0,0,1,0
BU19303102,0,0,1,0
BU19303103,0,0,1,0
BU19303104,0,0,1,0
BU19303105,0,0,1,0
BU19303301,0,0,1,0
BU19303302,0,0,1,0
BU19303501,0,0,1,0
BU19303502,0,0,1,0
BU19303503,0,0,1,0
BU19305001,0,0,1,0
BU19305002,0,0,1,0
BU19305003,0,0,1,0
BU19310000,0,0,1,0
BU19310001,0,0,1,0
BU19310002,0,0,1,0
BU19310003,0,0,1,0
BU19310004,0,0,1,0
BU19310005,0,0,1,0
BU19310006,0,0,1,0
BU19310007,0,0,1,0
BU19310008,0,0,1,0
BU19310009,0,0,1,0
BU19310010,0,0,1,0
BU19310011,0,0,1,0
BU19310100,0,0,1,0
BU19310101,0,0,1,0
BU19310102,0,0,1,0
BU19310103,0,0,1,0
BU19310104,0,0,1,0
BU19310105,0,0,1,0
BU19310106,0,0,1,0
BU19310107,0,0,1,0
BU19310108,0,0,1,0
BU19310109,0,0,1,0
BU19310200,0,0,1,0
BU19310208,0,0,1,0
BU19310209,0,0,1,0
BU19310300,0,0,1,0
BU19310400,0,0,1,0
BU19310401,0,0,1,0
BU19310402,0,0,1,0
BU19310403,0,0,1,0
BU19310404,0,0,1,0
BU19310409,0,0,1,0
BU19310500,0,0,1,0
BU19310501,0,0,1,0
BU19310502,0,0,1,0
BU19310503,0,0,1,0
BU19310504,0,0,1,0
BU19310600,0,0,1,0
BU19310700,0,0,1,0
BU19310701,0,0,1,0
BU19310800,0,0,1,0
BU19310801,0,0,1,0
BU19310802,0,0,1,0
BU19310803,0,0,1,0
BU19310804,0,0,1,0
BU19310805,0,0,1,0
BU19310806,0,0,1,0
BU19310807,0,0,1,0
BU19310808,0,0,1,0
BU19310809,0,0,1,0
BU19310810,0,0,1,0
BU19311000,0,0,1,0
BU19311001,0,0,1,0
BU19311002,0,0,1,0
BU19311003,0,0,1,0
BU19311004,0,0,1,0
BU19311005,0,0,1,0
BU19311006,0,0,1,0
BU19311007,0,0,1,0
BU19311008,0,0,1,0
BU19311100,0,0,1,0
BU19311101,0,0,1,0
BU19311200,0,0,1,0
BU19311201,0,0,1,0
BU19311202,0,0,1,0
BU19311203,0,0,1,0
BU19311204,0,0,1,0
BU19311205,0,0,1,0
GM0003,0,0,1,0
GM0005,0,0,1,0
GM0009,0,0,1,0
GM0010,0,0,1,0
GM0014,0,0,1,0
GM0015,0,0,1,0
GM0017,0,0,1,0
GM0022,0,0,1,0
GM0024,0,0,1,0
GM0025,0,0,1,0
GM0034,0,0,1,0
GM0037,0,0,1,0
GM0047,0,0,1,0
GM0050,0,0,1,0
GM0053,0,0,1,0
GM0056,0,0,1,0
GM0058,0,0,1,0
GM0059,0,0,1,0
GM0060,0,0,1,0
GM0072,0,0,1,0
GM0074,0,0,1,0
GM0079,0,0,1,0
GM0080,0,0,1,0
GM0085,0,0,1,0
GM0086,0,0,1,0
GM0088,0,0,1,0
GM0090,0,0,1,0
GM0093,0,0,1,0
GM0096,0,0,1,0
GM0098,0,0,1,0
GM0106,0,0,1,0
GM0109,0,0,1,0
GM0114,0,0,1,0
GM0118,0,0,1,0
GM0119,0,0,1,0
GM0141,0,0,1,0
GM0147,0,0,1,0
GM0148,0,0,1,0
GM0150,0,0,1,0
GM0153,0,0,1,0
GM0158,0,0,1,0
GM0160,0,0,1,0
GM0163,0,0,1,0
GM0164,0,0,1,0
GM0166,0,0,1,0
GM0168,0,0,1,0
GM0171,0,0,1,0
GM0173,0,0,1,0
GM0175,0,0,1,0
GM0177,0,0,1,0
GM0180,0,0,1,0
GM0183,0,0,1,0
GM0184,0,0,1,0
GM0189,0,0,1,0
GM0193,0,0,1,0
GM0197,0,0,1,0
GM0200,0,0,1,0
GM0202,0,0,1,0
GM0203,0,0,1,0
GM0209,0,0,1,0
GM0213,0,0,1,0
GM0214,0,0,1,0
GM0216,0,0,1,0
GM0221,0,0,1,0
GM0222,0,0,1,0
GM0225,0,0,1,0
GM0226,0,0,1,0
GM0228,0,0,1,0
GM0230,0,0,1,0
GM0232,0,0,1,0
GM0233,0,0,1,0
GM0236,0,0,1,0
GM0243,0,0,1,0
GM0244,0,0,1,0
GM0246,0,0,1,0
GM0252,0,0,1,0
GM0262,0,0,1,0
GM0263,0,0,1,0
GM0267,0,0,1,0
GM0268,0,0,1,0
GM0269,0,0,1,0
GM0273,0,0,1,0
GM0274,0,0,1,0
GM0275,0,0,1,0
GM0277,0,0,1,0
GM0279,0,0,1,0
GM0281,0,0,1,0
GM0285,0,0,1,0
GM0289,0,0,1,0
GM0293,0,0,1,0
GM0294,0,0,1,0
GM0296,0,0,1,0
GM0297,0,0,1,0
GM0299,0,0,1,0
GM0301,0,0,1,0
GM0302,0,0,1,0
GM0303,0,0,1,0
GM0304,0,0,1,0
GM0307,0,0,1,0
GM0308,0,0,1,0
GM0310,0,0,1,0
GM0312,0,0,1,0
GM0313,0,0,1,0
GM0317,0,0,1,0
GM0321,0,0,1,0
GM0327,0,0,1,0
GM0331,0,0,1,0
GM0335,0,0,1,0
GM0339,0,0,1,0
GM0340,0,0,1,0
GM0342,0,0,1,0
GM0344,0,0,1,0
GM0345,0,0,1,0
GM0351,0,0,1,0
GM0352,0,0,1,0
GM0353,0,0,1,0
GM0355,0,0,1,0
GM0356,0,0,1,0
GM0358,0,0,1,0
GM0361,0,0,1,0
GM0362,0,0,1,0
GM0363,0,0,1,0
GM0370,0,0,1,0
GM0373,0,0,1,0
GM0375,0,0,1,0
GM0376,0,0,1,0
GM0377,0,0,1,0
GM0383,0,0,1,0
GM0384,0,0,1,0
GM0385,0,0,1,0
GM0388,0,0,1,0
GM0392,0,0,1,0
GM0393,0,0,1,0
GM0394,0,0,1,0
GM0396,0,0,1,0
GM0397,0,0,1,0
GM0398,0,0,1,0
GM0399,0,0,1,0
GM0400,0,0,1,0
GM0402,0,0,1,0
GM0405,0,0,1,0
GM0406,0,0,1,0
GM0415,0,0,1,0
GM0416,0,0,1,0
GM0417,0,0,1,0
GM0420,0,0,1,0
GM0431,0,0,1,0
GM0432,0,0,1,0
GM0437,0,0,1,0
GM0439,0,0,1,0
GM0441,0,0,1,0
GM0448,0,0,1,0
GM0450,0,0,1,0
GM0451,0,0,1,0
GM0453,0,0,1,0
GM0457,0,0,1,0
GM0473,0,0,1,0
GM0479,0,0,1,0
GM0482,0,0,1,0
GM0484,0,0,1,0
GM0489,0,0,1,0
GM0498,0,0,1,0
GM0501,0,0,1,0
GM0502,0,0,1,0
GM0503,0,0,1,0
GM0505,0,0,1,0
GM0512,0,0,1,0
GM0513,0,0,1,0
GM0518,0,0,1,0
GM0523,0,0,1,0
GM0530,0,0,1,0
GM0531,0,0,1,0
GM0532,0,0,1,0
GM0534,0,0,1,0
GM0537,0,0,1,0
GM0542,0,0,1,0
GM0545,0,0,1,0
GM0546,0,0,1,0
GM0547,0,0,1,0
GM0553,0,0,1,0
GM0556,0,0,1,0
GM0569,0,0,1,0
GM0575,0,0,1,0
GM0576,0,0,1,0
GM0579,0,0,1,0
GM0584,0,0,1,0
GM0585,0,0,1,0
GM0588,0,0,1,0
GM0589,0,0,1,0
GM0590,0,0,1,0
GM0597,0,0,1,0
GM0599,0,0,1,0
GM0603,0,0,1,0
GM0606,0,0,1,0
GM0610,0,0,1,0
GM0611,0,0,1,0
GM0613,0,0,1,0
GM0614,0,0,1,0
GM0617,0,0,1,0
GM0620,0,0,1,0
GM0622,0,0,1,0
GM0626,0,0,1,0
GM0627,0,0,1,0
GM0629,0,0,1,0
GM0632,0,0,1,0
GM0637,0,0,1,0
GM0638,0,0,1,0
GM0642,0,0,1,0
GM0654,0,0,1,0
GM0664,0,0,1,0
GM0668,0,0,1,0
GM0677,0,0,1,0
GM0678,0,0,1,0
GM0687,0,0,1,0
GM0689,0,0,1,0
GM0703,0,0,1,0
GM0707,0,0,1,0
GM0715,0,0,1,0
GM0716,0,0,1,0
GM0717,0,0,1,0
GM0718,0,0,1,0
GM0733,0,0,1,0
GM0736,0,0,1,0
GM0737,0,0,1,0
GM0738,0,0,1,0
GM0743,0,0,1,0
GM0744,0,0,1,0
GM0748,0,0,1,0
GM0753,0,0,1,0
GM0755,0,0,1,0
GM0756,0,0,1,0
GM0757,0,0,1,0
GM0758,0,0,1,0
GM0762,0,0,1,0
GM0765,0,0,1,0
GM0766,0,0,1,0
GM0770,0,0,1,0
GM0772,0,0,1,0
GM0777,0,0,1,0
GM0779,0,0,1,0
GM0784,0,0,1,0
GM0785,0,0,1,0
GM0786,0,0,1,0
GM0788,0,0,1,0
GM0794,0,0,1,0
GM0796,0,0,1,0
GM0797,0,0,1,0
GM0798,0,0,1,0
GM0809,0,0,1,0
GM0815,0,0,1,0
GM0820,0,0,1,0
GM0823,0,0,1,0
GM0824,0,0,1,0
GM0826,0,0,1,0
GM0828,0,0,1,0
GM0840,0,0,1,0
GM0845,0,0,1,0
GM0847,0,0,1,0
GM0848,0,0,1,0
GM0851,0,0,1,0
GM0852,0,0,1,0
GM0855,0,0,1,0
GM0856,0,0,1,0
GM0858,0,0,1,0
GM0861,0,0,1,0
GM0865,0,0,1,0
GM0866,0,0,1,0
GM0867,0,0,1,0
GM0870,0,0,1,0
GM0873,0,0,1,0
GM0874,0,0,1,0
GM0879,0,0,1,0
GM0880,0,0,1,0
GM0881,0,0,1,0
GM0882,0,0,1,0
GM0888,0,0,1,0
GM0889,0,0,1,0
GM0893,0,0,1,0
GM0899,0,0,1,0
GM0907,0,0,1,0
GM0917,0,0,1,0
GM0928,0,0,1,0
GM0935,0,0,1,0
GM0938,0,0,1,0
GM0944,0,0,1,0
GM0946,0,0,1,0
GM0951,0,0,1,0
GM0957,0,0,1,0
GM0962,0,0,1,0
GM0965,0,0,1,0
GM0971,0,0,1,0
GM0981,0,0,1,0
GM0983,0,0,1,0
GM0984,0,0,1,0
GM0986,0,0,1,0
GM0988,0,0,1,0
GM0994,0,0,1,0
GM0995,0,0,1,0
GM1507,0,0,1,0
GM1509,0,0,1,0
GM1525,0,0,1,0
GM1581,0,0,1,0
GM1586,0,0,1,0
GM1598,0,0,1,0
GM1621,0,0,1,0
GM1640,0,0,1,0
GM1641,0,0,1,0
GM1651,0,0,1,0
GM1652,0,0,1,0
GM1655,0,0,1,0
GM1658,0,0,1,0
GM1659,0,0,1,0
GM1663,0,0,1,0
GM1667,0,0,1,0
GM1669,0,0,1,0
GM1674,0,0,1,0
GM1676,0,0,1,0
GM1680,0,0,1,0
GM1681,0,0,1,0
GM1684,0,0,1,0
GM1685,0,0,1,0
GM1690,0,0,1,0
GM1695,0,0,1,0
GM1696,0,0,1,0
GM1699,0,0,1,0
GM1700,0,0,1,0
GM1701,0,0,1,0
GM1702,0,0,1,0
GM1705,0,0,1,0
GM1706,0,0,1,0
GM1708,0,0,1,0
GM1709,0,0,1,0
GM1711,0,0,1,0
GM1714,0,0,1,0
GM1719,0,0,1,0
GM1721,0,0,1,0
GM1722,0,0,1,0
GM1723,0,0,1,0
GM1724,0,0,1,0
GM1728,0,0,1,0
GM1729,0,0,1,0
GM1730,0,0,1,0
GM1731,0,0,1,0
GM1734,0,0,1,0
GM1735,0,0,1,0
GM1740,0,0,1,0
GM1742,0,0,1,0
GM1771,0,0,1,0
GM1773,0,0,1,0
GM1774,0,0,1,0
GM1783,0,0,1,0
GM1842,0,0,1,0
GM1859,0,0,1,0
GM1876,0,0,1,0
GM1883,0,0,1,0
GM1884,0,0,1,0
GM1891,0,0,1,0
GM1892,0,0,1,0
GM1894,0,0,1,0
GM1895,0,0,1,0
GM1896,0,0,1,0
GM1900,0,0,1,0
GM1901,0,0,1,0
GM1903,0,0,1,0
GM1904,0,0,1,0
GM1911,0,0,1,0
GM1916,0,0,1,0
GM1924,0,0,1,0
GM1926,0,0,1,0
GM1927,0,0,1,0
GM1930,0,0,1,0
GM1931,0,0,1,0
GM1940,0,0,1,0
GM1942,0,0,1,0
GM1945,0,0,1,0
GM1948,0,0,1,0
GM1949,0,0,1,0
GM1950,0,0,1,0
GM1952,0,0,1,0
GM1955,0,0,1,0
GM1960,0,0,1,0
GM1961,0,0,1,0
GM1966,0,0,1,0
PV20,0,0,1,0
PV21,0,0,1,0
PV22,0,0,1,0
PV23,0,0,1,0
PV24,0,0,1,0
PV25,0,0,1,0
PV26,0,0,1,0
PV27,0,0,1,0
PV28,0,0,1,0
PV29,0,0,1,0
PV30,0,0,1,0
PV31,0,0,1,0
RES01,0,0,1,0
RES02,0,0,1,0
RES03,0,0,1,0
RES04,0,0,1,0
RES05,0,0,1,0
RES06,0,0,1,0
RES07,0,0,1,0
RES08,0,0,1,0
RES09,0,0,1,0
RES10,0,0,1,0
RES11,0,0,1,0
RES12,0,0,1,0
RES13,0,0,1,0
RES14,0,0,1,0
RES16,0,0,1,0
RES17,0,0,1,0
RES18,0,0,1,0
RES19,0,0,1,0
RES20,0,0,1,0
RES21,0,0,1,0
RES22,0,0,1,0
RES23,0,0,1,0
RES24,0,0,1,0
RES25,0,0,1,0
RES26,0,0,1,0
RES27,0,0,1,0
RES28,0,0,1,0
RES29,0,0,1,0
RES30,0,0,1,0
RES31,0,0,1,0
RGGD01,0,0,1,0
RGGL01,0,0,1,0
RGGL02,0,0,1,0
RGGL03,0,0,1,0
RGGL04,0,0,1,0
RGGL05,0,0,1,0
RGGL06,0,0,1,0
RGNB01,0,0,1,0
RGNB02,0,0,1,0
RGNB03,0,0,1,0
RGNH01,0,0,1,0
RGNH02,0,0,1,0
RGNH03,0,0,1,0
RGNH04,0,0,1,0
RGNH05,0,0,1,0
RGNH06,0,0,1,0
RGNH07,0,0,1,0
RGNH08,0,0,1,0
RGUT01,0,0,1,0