geo_id,energy_greengas_gasification_dry_biomass_energy_greengas_production_child_share,energy_greengas_gasification_wet_biomass_energy_greengas_production_child_share,energy_greengas_upgrade_biogas_energy_greengas_production_child_share,energy_distribution_biogenic_waste_energy_distribution_waste_mix_child_share,energy_distribution_non_biogenic_waste_energy_distribution_waste_mix_child_share,energy_production_dry_biomass_max_demand,energy_production_wet_biomass_max_demand,energy_production_oily_biomass_max_demand,input_energy_power_supercritical_coal_electricity_output_conversion,input_energy_power_ultra_supercritical_coal_electricity_output_conversion,input_energy_power_ultra_supercritical_ccs_coal_electricity_output_conversion,input_energy_power_ultra_supercritical_cofiring_coal_electricity_output_conversion,input_energy_power_combined_cycle_coal_electricity_output_conversion,input_energy_power_combined_cycle_ccs_coal_electricity_output_conversion,input_energy_power_ultra_supercritical_lignite_electricity_output_conversion,input_energy_power_ultra_supercritical_oxyfuel_ccs_lignite_electricity_output_conversion,input_energy_chp_ultra_supercritical_cofiring_coal_electricity_output_conversion,input_energy_chp_ultra_supercritical_cofiring_coal_steam_hot_water_output_conversion,input_energy_chp_ultra_supercritical_coal_electricity_output_conversion,input_energy_chp_ultra_supercritical_coal_steam_hot_water_output_conversion,input_industry_chp_ultra_supercritical_coal_electricity_output_conversion,input_industry_chp_ultra_supercritical_coal_steam_hot_water_output_conversion,input_energy_chp_ultra_supercritical_lignite_electricity_output_conversion,input_energy_chp_ultra_supercritical_lignite_steam_hot_water_output_conversion,input_energy_power_turbine_network_gas_electricity_output_conversion,input_energy_power_combined_cycle_network_gas_electricity_output_conversion,input_energy_power_combined_cycle_ccs_network_gas_electricity_output_conversion,input_energy_power_ultra_supercritical_network_gas_electricity_output_conversion,input_energy_power_engine_network_gas_electricity_output_conversion,input_energy_chp_combined_cycle_network_gas_electricity_output_conversion,input_energy_chp_combined_cycle_network_gas_steam_hot_water_output_conversion,input_energy_chp_local_engine_network_gas_electricity_output_conversion,input_energy_chp_local_engine_network_gas_steam_hot_water_output_conversion,input_industry_chp_engine_gas_power_fuelmix_electricity_output_conversion,input_industry_chp_engine_gas_power_fuelmix_steam_hot_water_output_conversion,input_agriculture_chp_engine_network_gas_dispatchable_electricity_output_conversion,input_agriculture_chp_engine_network_gas_dispatchable_steam_hot_water_output_conversion,input_industry_chp_turbine_gas_power_fuelmix_electricity_output_conversion,input_industry_chp_turbine_gas_power_fuelmix_steam_hot_water_output_conversion,input_industry_chp_combined_cycle_gas_power_fuelmix_electricity_output_conversion,input_industry_chp_combined_cycle_gas_power_fuelmix_steam_hot_water_output_conversion,input_energy_power_ultra_supercritical_crude_oil_electricity_output_conversion,input_energy_power_engine_diesel_electricity_output_conversion,input_energy_power_supercritical_waste_mix_electricity_output_conversion,input_energy_power_supercritical_ccs_waste_mix_electricity_output_conversion,input_energy_power_nuclear_gen2_uranium_oxide_electricity_output_conversion,input_energy_power_nuclear_gen3_uranium_oxide_electricity_output_conversion,input_energy_chp_local_wood_pellets_electricity_output_conversion,input_energy_chp_local_wood_pellets_steam_hot_water_output_conversion,input_industry_chp_wood_pellets_electricity_output_conversion,input_industry_chp_wood_pellets_steam_hot_water_output_conversion,input_agriculture_chp_wood_pellets_electricity_output_conversion,input_agriculture_chp_wood_pellets_steam_hot_water_output_conversion,input_energy_chp_local_engine_biogas_electricity_output_conversion,input_energy_chp_local_engine_biogas_steam_hot_water_output_conversion,input_agriculture_chp_engine_biogas_electricity_output_conversion,input_agriculture_chp_engine_biogas_steam_hot_water_output_conversion,input_energy_chp_supercritical_waste_mix_electricity_output_conversion,input_energy_chp_supercritical_waste_mix_steam_hot_water_output_conversion,input_industry_chp_turbine_hydrogen_electricity_output_conversion,input_industry_chp_turbine_hydrogen_steam_hot_water_output_conversion,input_energy_heat_burner_wood_pellets_steam_hot_water_output_conversion,input_energy_heat_burner_coal_steam_hot_water_output_conversion,input_energy_heat_burner_hydrogen_steam_hot_water_output_conversion,input_energy_heat_burner_crude_oil_steam_hot_water_output_conversion,input_energy_heat_burner_network_gas_steam_hot_water_output_conversion,input_energy_heat_burner_waste_mix_steam_hot_water_output_conversion,input_energy_heat_boiler_electricity_steam_hot_water_output_conversion,input_industry_heat_burner_lignite_steam_hot_water_output_conversion,input_industry_heat_burner_coal_steam_hot_water_output_conversion,input_industry_heat_burner_crude_oil_steam_hot_water_output_conversion,input_industry_heat_burner_hydrogen_steam_hot_water_output_conversion,energy_power_sector_own_use_electricity_demand,energy_power_hv_network_loss_demand,energy_distribution_greengas_demand,energy_regasification_lng_energy_national_gas_network_natural_gas_demand,energy_distribution_network_gas_loss_demand,input_energy_heat_distribution_ht_loss_share,input_energy_heat_distribution_mt_loss_share,input_energy_heat_distribution_lt_loss_share,input_energy_power_ultra_supercritical_coal_production,input_energy_power_supercritical_coal_production,input_energy_power_combined_cycle_coal_production,input_energy_power_ultra_supercritical_cofiring_coal_production,input_energy_power_combined_cycle_ccs_coal_production,input_energy_power_ultra_supercritical_ccs_coal_production,input_energy_chp_ultra_supercritical_ht_coal_production,input_energy_chp_ultra_supercritical_mt_coal_production,input_energy_chp_ultra_supercritical_cofiring_ht_coal_production,input_energy_chp_ultra_supercritical_cofiring_mt_coal_production,input_energy_power_ultra_supercritical_lignite_production,input_energy_chp_ultra_supercritical_ht_lignite_production,input_energy_chp_ultra_supercritical_mt_lignite_production,input_energy_power_ultra_supercritical_oxyfuel_ccs_lignite_production,input_energy_power_ultra_supercritical_network_gas_production,input_energy_power_turbine_network_gas_production,input_energy_power_engine_network_gas_production,input_energy_power_combined_cycle_network_gas_production,input_energy_power_combined_cycle_ccs_network_gas_production,input_energy_chp_combined_cycle_ht_network_gas_production,input_energy_chp_combined_cycle_mt_network_gas_production,input_energy_chp_local_engine_ht_network_gas_production,input_energy_chp_local_engine_mt_network_gas_production,input_energy_power_nuclear_gen2_uranium_oxide_production,input_energy_power_nuclear_gen3_uranium_oxide_production,input_energy_power_ultra_supercritical_crude_oil_production,input_energy_power_engine_diesel_production,energy_extraction_coal_demand,energy_extraction_lignite_demand,energy_extraction_crude_oil_demand,energy_extraction_natural_gas_demand,energy_extraction_uranium_oxide_demand,energy_power_combined_cycle_network_gas_full_load_hours,energy_power_ultra_supercritical_network_gas_full_load_hours,energy_power_turbine_network_gas_full_load_hours,energy_power_engine_network_gas_full_load_hours,energy_power_supercritical_coal_full_load_hours,energy_power_combined_cycle_coal_gas_full_load_hours,energy_power_ultra_supercritical_ccs_coal_full_load_hours,energy_power_ultra_supercritical_coal_full_load_hours,energy_power_ultra_supercritical_cofiring_coal_full_load_hours,energy_power_ultra_supercritical_lignite_full_load_hours,energy_power_ultra_supercritical_oxyfuel_ccs_lignite_full_load_hours,energy_power_engine_diesel_full_load_hours,energy_power_ultra_supercritical_crude_oil_full_load_hours,energy_power_nuclear_gen2_uranium_oxide_full_load_hours,energy_power_nuclear_gen3_uranium_oxide_full_load_hours,energy_power_wind_turbine_inland_full_load_hours,energy_power_wind_turbine_coastal_full_load_hours,input_energy_power_wind_turbine_offshore_full_load_hours,input_solar_panels_roofs_and_parks_full_load_hours,energy_power_geothermal_full_load_hours,energy_power_hydro_mountain_full_load_hours,energy_power_hydro_river_full_load_hours,energy_power_supercritical_waste_mix_full_load_hours,energy_power_supercritical_ccs_waste_mix_full_load_hours,flh_solar_pv_solar_radiation_max,energy_chp_coal_gas_full_load_hours,industry_chp_turbine_gas_power_fuelmix_full_load_hours,industry_chp_combined_cycle_gas_power_fuelmix_full_load_hours,industry_chp_engine_gas_power_fuelmix_full_load_hours,agriculture_chp_engine_network_gas_dispatchable_full_load_hours,input_energy_chp_local_engine_network_gas_full_load_hours,input_energy_chp_combined_cycle_network_gas_full_load_hours,input_energy_chp_ultra_supercritical_cofiring_coal_full_load_hours,input_energy_chp_ultra_supercritical_coal_full_load_hours,input_energy_chp_ultra_supercritical_lignite_full_load_hours,industry_chp_ultra_supercritical_coal_full_load_hours,input_energy_chp_local_wood_pellets_full_load_hours,industry_chp_wood_pellets_full_load_hours,agriculture_chp_wood_pellets_full_load_hours,input_energy_chp_local_engine_biogas_full_load_hours,agriculture_chp_engine_biogas_full_load_hours,input_energy_chp_supercritical_waste_mix_full_load_hours,industry_chp_turbine_hydrogen_full_load_hours,input_energy_heat_burner_coal_full_load_hours,industry_heat_burner_coal_full_load_hours,industry_heat_burner_crude_oil_full_load_hours,input_energy_heat_burner_crude_oil_full_load_hours,input_energy_heat_burner_network_gas_full_load_hours,industry_heat_burner_lignite_full_load_hours,input_energy_heat_burner_wood_pellets_full_load_hours,input_energy_heat_solar_solar_thermal_full_load_hours,input_energy_heat_burner_waste_mix_full_load_hours,input_energy_heat_heatpump_water_water_electricity_full_load_hours,industry_heat_burner_hydrogen_full_load_hours,aquathermal_potential_for_surface_water,aquathermal_potential_for_waste_water,aquathermal_potential_for_drink_water,input_energy_heat_burner_ht_wood_pellets_production,input_energy_heat_burner_mt_wood_pellets_production,input_energy_heat_burner_ht_coal_production,input_energy_heat_burner_mt_coal_production,input_energy_heat_burner_ht_crude_oil_production,input_energy_heat_burner_mt_crude_oil_production,input_energy_heat_heatpump_water_water_ht_electricity_production,input_energy_heat_heatpump_water_water_mt_electricity_production,input_energy_heat_heatpump_water_water_lt_electricity_production,input_energy_heat_boiler_ht_electricity_production,input_energy_heat_boiler_mt_electricity_production,input_energy_heat_boiler_lt_electricity_production,input_energy_heat_well_deep_ht_geothermal_production,input_energy_heat_well_deep_mt_geothermal_production,input_energy_heat_well_shallow_heatpump_mt_geothermal_production,input_energy_heat_well_shallow_lt_geothermal_production,input_energy_heat_burner_ht_hydrogen_production,input_energy_heat_burner_mt_hydrogen_production,input_energy_heat_burner_lt_hydrogen_production,input_energy_heat_burner_ht_network_gas_production,input_energy_heat_burner_mt_network_gas_production,input_energy_heat_solar_ht_solar_thermal_production,input_energy_heat_solar_mt_solar_thermal_production,input_energy_heat_solar_lt_solar_thermal_production,input_energy_heat_burner_ht_waste_mix_production,input_energy_heat_burner_mt_waste_mix_production,energy_heat_import_ht_steam_hot_water_demand,energy_heat_import_mt_steam_hot_water_demand,energy_heat_import_lt_steam_hot_water_demand,input_energy_power_wind_turbine_inland_production,input_energy_power_wind_turbine_coastal_production,input_energy_power_wind_turbine_offshore_production,input_energy_power_solar_pv_solar_radiation_production,input_energy_power_solar_csp_solar_radiation_production,input_energy_power_supercritical_waste_mix_production,input_energy_chp_supercritical_ht_waste_mix_production,input_energy_chp_supercritical_mt_waste_mix_production,input_energy_power_supercritical_ccs_waste_mix_production,input_energy_chp_local_ht_wood_pellets_production,input_energy_chp_local_mt_wood_pellets_production,input_energy_chp_local_engine_ht_biogas_production,input_energy_chp_local_engine_mt_biogas_production,input_energy_power_hydro_river_production,input_energy_power_hydro_mountain_production,input_energy_power_geothermal_production
BE,0,0,1,0.431644353,0.568355647,12010.0032,51654.0348,62304.8688,36,46,36.1,42,45.3,37.3,40,30.5,37,14,40,40,86.28950532,0,35,15,42.19395404,57.71105969672016,49,42.59033390899575,48,46,42,43,47,67.20060285340719,28.49848126183347,43,47,42.69214769510575,21.299405189380582,68.46555537770662,15.674144432354629,26.21813767990289,38,23.02176008182158,27,35.32675772,36,28.9,82.1,56.17257008561357,4.020480107436629,43,47,65.05798728,11.21503096811739,28.9,83.5,19.14345960881262,15.22722315131244,33.445,41.472,90,72,110,72,82.73076672529477,93.15068493150685,99.5,72,72,72,100,13415.04,12924.72,4862.167,0,1145.323,9.091197462331484,9.091197462331484,9.091197462331484,0,0,0,0,0,0,0,0,0,0,0,0,0,0,7167.927755,2511.764911,0,38450.50733456403,0,0,0,0,0,156684.96,0,30.24,0,0,0,0,122.628,0,2373.171684,2373.171684,2373.171684,1126,8000,1789,4000,8000,5400,8000,7500,4000,53.16455696,7323.506646,8000,2205.431,2714.7834,2714.7834,869.4526222230244,8000,8000,8000,3101.430843,4100,1361.356345,5320,5450.567493,5450.567493,5450.567493,3920,5450.567493,5450.567493,5350,4501.033963,8000,4501.033963,4501.033963,4501.033963,6500,8500,4200,4501.033963,8300,6000,6000,6000,6000,6000,6000,6000,938.8,6000,6000,7900,0,0,0,0,0,0,0,0,0,0,0,0,0,0,0,0,0,0,0,0,0,0,63.5,0,0,0,0,6.8,0,0,0,0,19184.394044485263,0,15916.325955514774,5745.849513867928,0,3511.44,3949.2,0,0,0,0,3130.2,0,0,4252.32,0
BG,0,0,1,0.5978897279404158,0.4021102720595841,13559.9976,41098.7484,82453.05,26.904623571555447,46,36.1,42,45.3,37.3,33.652572710964016,30.5,37,14,24.148796567829333,51.88976439956701,24.14879656782933,51.88976439956699,27.782176402849917,22.48786775782904,47.42737389120503,65.49494489737839,49,40.65203476389006,48,31.60881514,74.99332022821544,31.02481855612835,22.58494233929115,31.02481855612834,22.584942339291157,43,47,20.44924081548808,50.74188765269096,31.60881514,74.99332022821544,29.334583529654857,38,29.47979797979798,27,33.45755756321235,36,26.14701679184828,34.92541795332067,26.14701679184828,34.92541795332067,43,47,42.84591288228376,17.119226745055055,28.9,83.5,26.486206896551728,32.52279693,33.445,41.472,80.78904503958483,72,110,75.63025210084034,94.19775060043943,76.28982569922982,99.5,72,72,75.63025210084034,100,14240.297,9959.465,864.4938100000002,0,316.77,26.873783550766912,26.873783550766912,26.873783550766912,0,290.811,0,0,0,0,1685.8078767784616,0,0,0,56750.544,2279.412,0,0,395.4915924784216,5.173205918618991,0,18.88220160295929,0,2945.486765619486,0,2295.408943,0,59599.037,0,187.399,0,0,195780.503,278.726,1355.818,0,71.8500822,71.8500822,71.8500822,1126,362.2458894,1789,4000,8000,5400,4404.593462,7500,4000,8000,8446.575539,8000,1869.5268,1869.5268,1869.5268,1063.4851599862843,8000,1345.375544,8000,8000,4100,1361.356345,5320,6558.464925,8000,8000,3920,8000,8000,5350,2734.956714,2734.956714,2734.956714,2734.956714,2734.956714,6500,8500,4200,2734.956714,8300,6000,6000,6000,6000,6000,6000,6000,1309,6000,6000,7900,0,0,0,383.895,0,0,0,0.5087223385868485,0,0,0,0,0,0,0,0,0,0,0,0,0,0,6410.172,0,0,0,0,188.207,0,0,0,0,4741.157,0,0,0,0,58.37,138.258,0,0,2867.4136203000658,0,541.775,0,0,12177.882,0
UK,0,0,1,0.4411882433668802,0.5588117566331199,13100.0004,242582.3712,249188.72759999995,33.841457130754286,46,36.1,42,45.3,37.3,40,30.5,37,14,40,40,42.03278166176222,0,35,15,34,60,49,50.32482465762224,48,46,42,43,47,42,48,43,47,38,42,58.229682894488974,0,35.694299801676266,38,30.595172384053125,27,36.45311257250016,36,28.9,82.1,29.69941522,0,43,47,43,47,28.9,83.5,41.287766576192325,0,33.445,41.472,66.56640810511318,72,110,72,66.56649038954517,66.55879180151025,99.5,72,63.04698944521654,67.82257146110922,100,45019.512,96235.607,97279.42965,0,16642.801,0,0,0,0,24628.536,0,0,0,0,0,0,0,0,0,0,0,0,422557.621,0,0,0,0,0,0,0,0,202262.162,0,1680.473,0,58762.304,0,2253322.899,1422362.067,0,3476.501405,3476.501405,3476.501405,1126,579.6204355,1789,4000,8000,5400,8000,7500,4000,671.8452152,6070.001501,8000,2481.6584999999995,3173.7174,3173.7174,754.5110881,8000,3698.810756,2314.283232,5965.629847,4100,1361.356345,5320,1843.3333333333333,1843.3333333333333,1843.3333333333333,3920,5265,5265,5350,5350,5350,5350,6000,6000,6500,8500,4200,4390,8300,6000,6000,6000,6000,6000,6000,6000,722.7,6000,6000,7900,0,0,0,4205,0,100.71,0,1107.723,0,0,0,0,0,0,0,0,0,0,0,0,0,0,58757.178,0,0,0,0,1234,0,0,0,0,135766.48929667583,0,95838.9487,37584.55648673761,0,28379.47,4259.246,0,0,0,0,0,0,1999.5407128186148,25739.284287181377,0
PT,0,0,1,0.5619776464774158,0.4380223535225842,24349.9968,35846.8596,22971.898800000003,38.42923197288034,46,36.1,42,45.3,37.3,40,30.5,37,14,40,40,40,15,35,15,34,54.30004253590501,49,40,48,49.09734645,79.74194413,48.19023612555357,24.50083168064028,48.19023612555357,24.50083168064028,43,47,30.61497353858697,39.48221640592308,49.09734645,79.74194413,40.935979480602754,38,25.46150553118917,27,32,36,41.23460220487466,0,41.23460220487466,0,43,47,34.21232592838196,0,28.9,83.5,31.436215788027223,0,33.445,41.472,90,72,110,72,103,105,99.5,72,72,72,100,3488.292,17811.58,3146.32333,0,265.452,0,0,0,0,19917.698,0,0,0,0,0,0,0,0,0,0,0,0,0,0,0,44571.427,0,231.67283351976735,0,1296.6352970122864,0,0,0,3191.983,0,0,0,0,0,0,3233.468776,8000,8000,1126,3150.736839,1789,4000,8000,5400,8000,7500,4000,8000,8000,8000,2434.508,2434.508,2434.508,1176.108633664796,7400.687285,1645.030652,1029.267812,7192.913658,4100,1361.356345,5320,6310.325516,6310.325516,6310.325516,3920,6310.325516,6310.325516,5350,8000,8000,8000,3220.762068,3220.762068,6500,8500,4200,3220.762068,8300,6000,6000,6000,6000,6000,6000,6000,1547,6000,6000,7900,0,0,0,0,0,0,0,0,0,0,0,0,0,0,0,0,0,0,0,0,0,0,0,0,0,0,0,0,0,0,0,0,49201.016,0,0,4683.343986388413,0,2206.5730000000003,38.891,0,0,1254.9219726976214,0,66.038,0,10251.88288863564,26621.17111136439,0
HR,0,0,1,50,50,12150,15255.5724,40340.40119999999,36,41.59901755590322,36.1,42,45.3,37.3,40,30.5,37,14,40,40,40,15,46.09800362976407,0,34,39.787161219999135,49,25.402499826290605,48,46,42,60.44242113416294,47,42,48,43,47,38.39871460287999,29.92219822066932,46,42,43.19831421212831,38,25,27,32,36,19.121568976647893,34.34807773647069,27.9,83.5,43,47,42.96529956133813,16.70937853739887,28.9,83.5,27,15,33.445,41.472,85.71428571428572,72,110,82.00328013120524,84.10835778,105,99.5,72,72,72,100,1836.72,5972.4,367.3898200000003,0,1091.16,18.76062684745778,18.76062684745778,18.76062684745778,5856.12,0,0,0,0,0,0,0,0,0,0,45.72,0,0,29.45828571428577,0,0,99.42171428571424,0,0,0,152.1125470488051,0,0,0,14.76,0,0,0,31070.446,35641.096,0,46.49350649,46.49350649,8000,1126,8000,1789,4000,5609.310345,5400,8000,7500,4000,8000,8000,8000,1332.5665,1332.5665,1332.5665,985.7757611304614,8000,2911.9074,1821.931133,8000,4100,1361.356345,5320,3781.132219,8000,3781.132219,3920,3781.132219,8000,5350,8000,2139.30131,8000,2139.30131,2139.30131,6500,8500,4200,8000,8300,6000,6000,6000,6000,6000,6000,6000,1137.2,6000,6000,7900,0,0,0,2.4,0,0,0,0,0,0,0,0,0,0,0,0,0,0,0,0,0,0,1509.2,0,0,0,0,0,0,0,0,0,5282.28,0,0,262.4705660377359,0,0,0,0,0,1717.92,0,1320.12,0,2844.617515912128,18512.742484087878,0
IT,0,0,1,0.4927407329957667,0.5072592670042333,66340.008,194575.33080000005,295139.07360000006,35.05708570178378,45.40593024004952,36.1,42,45.3,37.3,40,30.5,37,14,22.417284582179043,85.80294281,22.417284582179043,85.80294280712059,35,15,35.91303898071089,54.27601809789998,49,40,48,43.69646178727364,8.245301361559374,42.88913685817851,74.94280187361157,42.88913685817851,74.94280187361159,43,47,27.247216356960468,67.62323525451308,43.69646178727364,8.245301361559374,40.66497655333262,38,24.134493204238638,27,32,36,17.055035516747367,40.62437880827671,17.05503551674737,40.62437880827671,43,47,37.01382569313258,21.80170787884617,28.9,83.5,22.605233755480143,27.548866075880756,33.445,41.472,79.47208338086143,72,110,84.6828098,91.08560817,105,99.5,72,72,84.6828098,100,35651.344,64145.65,31476.189195000003,0,13962.69,4.466425822146873,4.466425822146873,4.466425822146873,19651.12885856671,47673.95814143329,0,0,0,0,56.98324479,0,0,0,0,0,0,0,0,15585.662312196417,0,202280.8756878036,0,33036.76873105265,0,4952.229154738211,0,0,0,15380.916999999998,0,0,0,197116.457,164589.132,0,1668.343215,8000,1668.343215,1126,2958.616209,1789,4000,2958.616209,5400,8000,7500,4000,4933.576148,8000,8000,1787.8463,1787.8463,1787.8463,1066.8601559257188,7918.325317,2921.173502,1827.728776,2684.236467,4100,1361.356345,5320,4676.730364,4676.730364,4676.730364,3920,4676.730364,4676.730364,5350,2641.494002,8000,2641.494002,2641.494002,2641.494002,6500,8500,4200,2641.494002,8300,6000,6000,6000,6000,6000,6000,6000,1282.5,6000,6000,7900,0,0,0,3574.129,0,0,0,176.8826234363935,0,0,0,0,0,0,0,0,0,0,0,0,0,0,9865.556,0,5.963,0,0,0,0,0,0,0,72727.351,0,0,66973.31134952021,0,7917.410999999999,9352.724000000002,0,0,870.4122125568822,0,19489.205,0,37202.54631398304,136150.11068601697,0
DE,0,0,1,0.4613685673825207,0.5386314326174793,128320.00199999996,329017.2552,269377.77959999995,39.33190837473351,47.70163158129212,36.1,42,45.3,37.3,38.97279975004955,30.5,37,14,26.560783287011265,54.72965960485296,26.560783287011265,54.72965960485296,31.85623089238637,50.91000686369992,39.69761069496517,51.96409680000231,49,38.65462428849848,48,52.20270429697321,23.03261674206617,43,47,42,48,43,47,32.55133986185397,27.61575083060149,52.20270429697321,23.03261674206617,37.678191891883394,38,31.44138872635069,27,33.38994470339431,36,33.91382377481463,28.803072999480488,33.91382377481463,28.803072999480488,43,47,53.69886759,9.133414681430969,28.9,83.5,15.361083963526298,52.90205045971668,33.445,41.472,76.92398350029464,68.14080615446804,110,83.05935499539116,86.90937080625731,73.05331568179083,99.5,51.90356317961228,68.14080615446802,83.05935499539116,100,111790.8,98906.4,141844.215,0,3081,15.187704411184038,15.187704411184038,15.187704411184038,53361.39085833968,116630.60914166032,0,0,0,0,14798.89777488788,0,0,0,391172.4,14238,0,0,22200.84953856576,13793.445314700088,0,86484.90514673415,0,66495.23561,0,0,0,270255.6,0,9345.6,0,0,1189899.973,134532.449,183113.851,0,1312.311053,1312.311053,1312.311053,1126,2242.553909,1789,4000,2242.553909,5400,6014.784128,7500,4000,799.1749658,8000,8000,1712.2049,2951.7815,2951.7815,867.9708785259245,4925,6594.633938,4126.150743,2616.883117,4100,1361.356345,5320,5229.668569,5229.668569,8000,3920,8000,5229.668569,5350,601.8143135,601.8143135,601.8143135,601.8143135,601.8143135,6500,8500,4200,601.8143135,8300,6000,6000,6000,6000,6000,6000,6000,913.2,6000,6000,7900,0,0,0,6527,0,4779.263763562575,0,2572.157502060648,0,0,0,0,0,0,0,0,0,0,0,0,0,0,60746,0,13,0,0,24280,0,0,0,0,364065.2533080668,0,89153.14669193319,121392.29609911676,0,29016,16189.2,0,0,7623.674611305877,0,94176,0,58941.23812983773,33474.36187016228,0
HU,0,0,1,0.3609650479430869,0.6390349520569131,20000.0016,114707.4984,150164.478,36,46,36.1,42,45.3,37.3,65.28189910979229,30.5,37,14,71.14071880911258,0,71.14071880911258,0,34.35606966920767,1.197577712730922,42.209011248921335,57.42815157252025,49,40,48,40.25553827141437,18.347440184389608,39.511786986954064,47,39.51178698695407,48,43,47,25.10160585053553,42,40.25553827141438,18.347440184389608,30.76923076923077,38,23.869565217391305,27,34.44930335641712,36,31.525714285714283,15.328571428571433,31.525714285714283,15.328571428571427,43,47,51.12299465240642,7.427213309566251,28.9,83.5,24.599111487201185,22.255130103659827,33.445,41.472,84.83910891,72,110,88.30845771144278,90.88029943136831,45.2991453,99.5,211.56171007803053,72,88.30845771144278,100,7754.4,11851.2,2091.49,0,4092.3,12.781444099378882,12.781444099378882,12.781444099378882,0,0,0,0,0,0,292.75835484957645,0,0,0,79.2,13827.6,0,0,0,2010.804429395078,0,14264.795570604922,0,6549.8650323173815,0,861.1514470465568,0,58636.8,0,39.6,0,0,41595.525,48708.8,55607.4,0,2068.728837,8000,2068.728837,1126,8000,1789,4000,8000,5400,25.79132474,7500,4000,26.82926829,8572.631579,8000,2260.9465,2260.9465,2260.9465,951.4124506,6000,8000,3775.862069,910.4477612,4100,1361.356345,5320,4353.789174,4353.789174,4353.789174,3920,4353.789174,4353.789174,5350,2649.047619,2649.047619,2649.047619,2649.047619,2649.047619,6500,8500,4200,2649.047619,8300,6000,6000,6000,6000,6000,6000,6000,1050.7,6000,6000,7900,0,0,0,1371,0,0,0,37.625171492742574,0,0,0,0,0,0,0,0,0,0,0,0,0,0,18939,0,0,0,0,371,0,0,0,0,2624.4,0,0,4134.2862857142845,0,219.6,1162.8,0,0,2074.6921563328365,0,860.4,0,788.4,0,0
EE,0,0,1,0.5,0.5,20199.9996,14868.0504,14132.6208,36,46,36.1,42,45.3,37.3,34.05483405483405,30.5,37,14,40,40,40,15,29.835372056215142,60.31559503655748,34,60,49,40,48,46,42,43,47,42,48,43,47,20.603779785074117,54.16522348566806,46,42,36.428553796676034,38,35.29170114497321,27,32,36,19.061226406235328,43.79785791,27.9,83.5,43,47,61.38323090430201,29.850746268656717,28.9,83.5,19.67180206600415,60.82621707118416,33.445,41.472,66.29611159,72,110,84.08500229322733,81.75484131267345,105,99.5,76.58487433120929,72,72,100,3655.746,1800,351.434,0,0,13.43247781242504,13.43247781242504,13.43247781242504,0,0,0,0,0,0,0,0,0,0,3.776,81.245,0,0,0,0,0,0,0,0,0,0,0,0,0,14875.632,0,0,657.72,127767.378,0,0,8000,8000,8000,1126,8000,1789,4000,8000,5400,8000,7500,4000,2763.959866,8000,8000,2169.0111,2169.0111,2169.0111,751.9638032,8000,3166.666667,8000,159.0899471,4100,1361.356345,5320,5874.73592,8000,620,3920,4500,8000,5350,8000,5874.73592,8000,5874.73592,5874.73592,6500,8500,4200,5874.73592,8300,6000,6000,6000,6000,6000,6000,6000,728.1,6000,6000,7900,0,0,0,3602.597,0,0,0,0,0,0,0,0,0,0,0,0,0,0,0,0,0,0,3931.063,0,0,0,0,0,0,0,0,0,2473.2,0,0,216.11194029850756,0,120.272,341.028,0,0,3653.694,0,139.831,0,0,68.39999999999999,0
FI,0,0,1,0.5533194841166796,0.4466805158833203,41879.9988,30247.9776,17961.789600000004,37.36390428459534,46.73514804,36.1,42,45.3,37.3,36.790659788216125,30.5,37,14,32.50945132936352,56.63726204234304,32.50945132936352,56.63726204234304,26.34901152591028,58.06620640653117,31.476760578925838,42.62662628761918,49,40,48,47.110630384483976,45.61942182573191,43,47,42,48,43,47,29.376143657761368,37.99639420469589,47.110630384483976,45.61942182573191,38.11448918277778,38,34.74,27,36.16079495105216,36,42.759322930727286,40.40710544786998,42.759322930727286,40.40710544786998,43,47,43.54075630252101,38.895558223289314,28.9,83.5,19.56129066780822,56.18578767123288,33.445,41.472,84.34709896690313,91.06993966271384,110,84.43353577868186,89.57427070969713,80.58542413381123,99.5,84.58988559647493,91.06993966271384,84.43353577868187,100,9349.2,11023.2,6154.075,0,192.62,10.85970698293905,10.85970698293905,10.85970698293905,352.0934950385883,2031.1065049614117,0,0,0,0,7071.764609311263,0,0,0,1951.2,8870.4,0,0,0,251.6333290468988,0,791.1856709531012,0,6820.305971566264,0,0,0,85932,0,482.332,0,0,43921.08,0,0,0,219.1164481,8000,219.1164481,1126,243.292907,1789,4000,243.292907,5400,8000,7500,4000,8000,8543.307087,8000,2766.0187,3074.6146,3074.6146,669.3194312,8000,3794.828903,8000,748.2246377,4100,1361.356345,5320,1835.070324,1835.070324,8000,3920,8000,1835.070324,5350,3629.331126,3629.331126,3629.331126,3629.331126,3629.331126,6500,8500,4200,3629.331126,8300,6000,6000,6000,6000,6000,6000,6000,504,6000,6000,7900,0,0,0,31270,0,1082.1265227887695,0,3420.2509152500825,0,0,0,0,0,0,0,0,0,0,0,0,0,0,8334,0,0,0,0,2698,0,0,0,0,20921.26901557773,0,767.8169844222616,0,0,371.718,3655.614000000001,0,0,21039.77546983344,0,725.389,0,0,44713.71,0
SI,0,0,1,0,1,14159.9988,2911.4388,3126.15,36,46,36.1,42,45.3,37.3,43.38818393621579,30.5,37,14,21.04709982035569,60.31581144997865,21.047099820355687,60.31581144997864,16.206167492241253,36.01362778561843,35.22457102931412,60,49,36.23098734443735,48,46,42,44.266658332880745,41.001978223751614,44.266658332880745,41.001978223751614,43,47,28.12234765,22.300995408804734,46,42,33.645580780251265,38,25,27,36.39746923391499,36,24.75568893812542,43.72972776637669,24.755688938125424,43.72972777,43,47,38.98786894,21.61535903714193,28.9,83.5,9.443479312581776,40.334967949070354,33.445,41.472,85.80373259006153,81.12665500874344,110,85.25930503398773,84.87257501406063,105,99.5,72,81.12665500874343,85.25930503398774,100,3150.756,3090.049,69.22712500000004,0,0,16.89035350779011,16.89035350779011,16.89035350779011,0,0,0,0,0,0,655.5536329899712,0,0,0,14512.219,509.501,0,0,13.236359756097524,81.14464024390249,0,0,0,0,0,1066.332416328631,0,20956.525,0,6.106,0,0,37317.738,22.199,245.958,0,8000,53.28647245,53.28647245,1126,8000,1789,4000,8000,5400,3691.5494,7500,4000,8000,8280.593093,8000,733.3525,733.3525,733.3525,959.3633277,8000,8000,3999.722534,8000,4100,1361.356345,5320,4677.797952,8000,4677.797952,3920,4677.797952,8000,5350,522.7809593,522.7809593,522.7809593,522.7809593,522.7809593,6500,8500,4200,522.7809593,8300,6000,6000,6000,6000,6000,6000,6000,1061,6000,6000,7900,0,0,0,511.017,0,10.732683177756662,0,44.45759941714631,0,0,0,0,0,0,0,0,0,0,0,0,0,0,1119.712,0,0,0,0,0,0,0,0,0,22.14,0,0,1042.693611633925,0,0,34.355,0,0,319.99939376487134,0,335.337,0,16857.141,0,0
ES,0,0,1,0.4485099479122192,0.5514900520877807,31430.005200000003,220672.25280000005,461101.8996,33.51473051349163,46,36.1,42,45.3,37.3,40,30.5,37,14,69.71073392302175,0,69.71073392302175,0,35,15,34,51.41842394,49,40,48,79.46748232,0,77.99926093722758,0,77.99926093722758,0,43,47,49.55247165423871,0,79.46748231957541,0,38.52153495016502,38,28.01354177038733,27,32.96826731524769,36,43.46196251,0,43.46196251,0,43,47,54.82912332838039,0,28.9,83.5,20.719424460431657,0,33.445,41.472,90,72,110,72,103,105,99.5,72,72,72,100,34059.6,89244,10783.81,0,4833.9,0,0,0,0,45417.600000000006,0,0,0,0,437.4,0,0,0,0,0,0,0,0,0,0,199357.2,0,18135.65603723341,0,23290.59948660125,0,210056.4,0,35190,0,0,0,1692,4865.4,0,2260.418572,8000,8000,1126,1370.94075,1789,4000,8000,5400,8000,7500,4000,8000,8198.124024,8000,2429.7544,2429.7544,2429.7544,1185.6852042013318,8000,1696.861205,1061.697311,5366.505179,4100,1361.356345,5320,6555.214356,6555.214356,6555.214356,3920,6555.214356,6555.214356,5350,5959.090909,8000,5959.090909,5959.090909,5959.090909,6500,8500,4200,5959.090909,8300,6000,6000,6000,6000,6000,6000,6000,1550.6,6000,6000,7900,0,0,0,0,0,0,0,0,0,0,0,0,0,0,0,0,0,0,0,0,0,0,0,0,0,0,0,0,0,0,0,0,200329.2,0,0,33235.76673187204,20458.8,5626.8,691.2,0,0,1576.8,0,738,0,9660.828652137096,87157.57134786286,0
IE,0,0,1,0.5209647637601671,0.4790352362398328,1650.0024,22930.5996,18769.5612,28.749071740486396,46,36.1,42,45.3,37.3,37.69055163823893,30.5,37,14,40,40,40,15,19.462665232674407,0,34,52.75534052260195,49,40,48,46,42,94.92523693702108,0,94.92523693702108,0,43,47,60.30544464,0,46,42,30.191727804758905,38,28.582228003389883,27,32,36,49.01122645497675,0,49.01122645497675,0,43,47,54.92476587404271,0,28.9,83.5,27,15,33.445,41.472,90,72,110,72,103,105,99.5,72,72,72,100,2468.275,8186.069,1720.1410749999998,0,2751.881,0,0,0,0,1828.447,0,0,0,0,0,0,0,0,6880.939,56.642,0,0,0,0,0,50558.749,0,0,0,892.1785411448332,0,0,0,996.34,0,0,16352.349,0,89745.924,0,3742.098839,8000,8000,1126,594.0373619,1789,4000,8000,5400,4507.952699,7500,4000,302.8020909,8000,8000,2511.0937,2600.4235,2600.4235,746.2965638591616,8000,4775.96226,8000,7449.038698,4100,1361.356345,5320,6480.448123,8000,6480.448123,3920,6480.448123,8000,5350,8000,4166.526904,8000,4166.526904,4166.526904,6500,8500,4200,8000,8300,6000,6000,6000,6000,6000,6000,6000,719.3,6000,6000,7900,0,0,0,0,0,0,0,0,0,0,0,0,0,0,0,0,0,0,0,0,0,0,0,0,0,0,0,0,0,0,0,0,36070.146,0,0,144.288,0,2214.483,0,0,0,31.302,0,199.523,0,0,4074.851,0
RO,0,0,1,0,1,43569.9972,102275.1972,387964.31760000007,36,46,36.1,42,45.3,37.3,30.655154447173288,30.5,37,14,18.237935863121372,20.304715435101738,18.237935863121372,20.30471543510173,24.42641045,29.235252960071485,49.36316364762335,70.51880521089042,49,42.31128312653434,48,28.73651680106701,52.497024420633366,28.205588084188165,41.08245666948645,28.20558808418817,41.08245666948645,43,47,17.91884419466072,37.61565955821664,28.7365168,52.49702442063335,36.11919333801546,38,11.965811965811964,27,34.08010441543651,36,25.708662645664425,32.16444887545719,25.708662645664425,32.16444887545719,43,47,49.50610137526026,33.94175917540404,28.9,83.5,27,15,33.445,41.472,79.7488251,39.26940639269407,110,75.53947446318332,91.87363023,94.78845007855249,99.5,41.24339776233838,39.26940639269407,75.53947446318332,100,16004.135,23404.792,577.1795999999999,0,2503.656,20.22885018871204,20.22885018871204,20.22885018871204,0,0,0,0,0,0,857.4322027825906,0,0,0,40195.796,7698.899,0,0,9001.398113980038,644.9880003518252,0,6594.584885668132,0,7315.086324784598,0,4202.958001339662,0,40608.601,0,54,0,0,164453.831,147434.685,346413.119,0,1717.769256,1717.769256,1717.769256,1126,8000,1789,4000,8000,5400,3977.308762,7500,4000,8000,8677.051496,8000,1994.4057,1994.4057,1994.4057,980.2915883127898,8000,2427.05486,8000,3.838982121,4100,1361.356345,5320,8000,8000,8000,3920,8000,8000,5350,1548.864503,1548.864503,1548.864503,1548.864503,1548.864503,6500,8500,4200,8000,8300,6000,6000,6000,6000,6000,6000,6000,1120.1,6000,6000,7900,0,0,0,954.351,0,3.5859145654032485,0,726.9072093868976,0,0,0,0,0,0,0,0,0,0,0,0,0,0,12666.587999999998,0,0,0,0,17.497,0,0,0,0,24382.112,0,0,6399.414,0,0.014,0,0,0,1098.6675857557275,0,106.049,0,0,57620.524,0
SK,0,0,1,0.5208333333333334,0.4791666666666667,4959.9972,29977.9416,28697.2092,36,46,36.1,42,45.3,37.3,40,30.5,37,14,34.09197705632129,27.691000886913177,34.09197706,27.69100088691318,24.685887348613576,22.50030917935077,34,51.87282377,49,40.92527443,48,51.40223809276224,37.99341671747943,50.45254316264194,62.15335743302127,50.45254316264193,62.15335743302127,43,47,32.05220389156076,32.26972535933027,51.40223809276225,37.99341671747943,45,38,16.593186372745492,27,33.57130162131043,36,29.18011620400258,25.61509217416254,29.18011620400258,25.61509217416254,43,47,41.08962135657859,17.324979569599563,28.9,83.5,18.67924528301887,0,33.445,41.472,69.73415132924336,72,110,72,92.25022871351784,63.30935251798561,99.5,134.57465584186374,72,72,100,7444.8,6116.4,2301.435,0,3438.03,17.59917780061665,17.59917780061665,17.59917780061665,0,0,0,0,0,0,3083.2835610530333,0,0,0,0,5094,0,0,525.2563355441522,0,0,5688.343664,0,3769.7314251046064,0,2510.374180162084,0,15490.8,0,3.6,0,0,14884.4,257,4315.488,0,1619.182529,1619.182529,8000,1126,8000,1789,4000,8000,5400,8000,7500,4000,4.032258065,2393.274781,8000,1429.6557,1429.6557,1429.6557,931.8024255,8000,2837.368094,8000,2090.909091,4100,1361.356345,5320,7504.125799,7504.125799,7504.125799,3920,7504.125799,7504.125799,5350,1672.959908,1672.959908,1672.959908,1672.959908,1672.959908,6500,8500,4200,1672.959908,8300,6000,6000,6000,6000,6000,6000,6000,987.4,6000,6000,7900,0,0,0,1705,0,0.4264577710538076,0,0.1421525903512692,0,0,0,0,0,0,0,0,0,0,0,0,0,0,7237,0,2,0,0,176,0,0,0,0,21.6,0,0,0,0,165.6,39.6,0,0,3778.861631225519,0,1508.4,0,0,16455.6,0
SG,0,0,1,0.5,0.5,,,,36,46,36.1,40,45.3,37.3,40,30.5,37,14,40,40,40,15,35,15,34,62.65664160872957,49,40,48,34.44354433827515,44.10161562452206,43,47,42,48,43,47,38,42,46,42,35.175,38,20.8,27,32,36,28.9,82.1,27.9,83.5,43,47,43,47,28.9,83.5,27,15,33.445,41.472,90,72,110,72,103,105,99.5,72,72,72,100,0,2054.99999,0,,0,0,0,0,0,0,0,10469.952,0,0,0,0,0,0,0,0,0,0,0,0,0,103146.8319,0,63734.3,0,0,0,0,0,104.293875,36.4,0,0,0,0,0,4617.6,8000,2498.064223,1126,3182.511233,1789,4000,3182.511233,7270.8,8000,7500,11.8009515,11.4093314,8044.749086,8000,1489.2,1489.2,1489.2,1200,8000,2004.917417,8000,5654.797508,4100,1349.04,5320,4507.878708,4507.878708,4507.878708,3920,4507.878708,4783.19661,5350,3899.549298,8000,3899.549298,3899.549298,3899.549298,6500,8500,4200,3899.549298,8300,6000,6000,6000,6000,6000,6000,6000,899.2,6000,6000,7900,0,0,0,0,0,0,0,0,0,0,0,0,0,0,0,0,0,0,0,0,0,0,0,0,0,0,0,0,0,0,0,0,0.1072224,0,0,1616.257843,0,5227.7472,0,0,0,0,0,0,0,0,0,0
FR,0,0,1,0.4820456295208787,0.5179543704791213,208280.0088,525029.8032,656928.5472,36,32.48118595157523,36.1,42,45.3,37.3,40,30.5,37,14,34.45548405703634,20.40586539725312,34.45548405703634,20.405865397253116,35,15,38.58168872107522,56.353977274584686,49,40,48,58.25997057854534,54.621900953627446,57.18357389349138,18.70210901804056,57.18357389349139,18.70210901804056,43,47,36.328388120571006,51.58437994,58.25997057854533,54.621900953627446,40.78064611090703,38,22.55407852892701,27,32.993375027130426,36,20.13488109356438,41.30642560545205,20.134881093564385,41.30642560545204,43,47,35.80676727644958,12.606919051554083,28.9,83.5,14.073433302877897,40.87882929173011,33.445,41.472,85.50662766823602,86.39830473931627,110,88.32940742831144,96.69733264961936,85.19664926735342,99.5,72,86.39830473931626,88.32940742831144,100,85931.075,137133.806,18031.566114999998,0,17917.418,12.855951725637311,12.855951725637311,12.855951725637311,10504.22,0,0,0,0,0,714.3058762,0,0,0,0,0,0,0,0,8860.186593653141,0,85523.09041,0,798.9265177,0,7616.049781,0,1436441.713,0,19812.571,0,0,0,39383.853,600.798,0,3869.753055,8000,3869.753055,1126,8000,1789,4000,1016.668602,5400,8000,7500,4000,3350.680027,6449.401742,8000,2246.0983,4042.6551,4042.6551,974.8152388514916,8080.870021,2570.395597,8000,2506.72954,4100,1361.356345,5320,2821.620894,2821.620894,2821.620894,3920,2821.620894,2821.620894,5350,3913.137655,8000,3913.137655,3913.137655,3913.137655,6500,8500,4200,3913.137655,8300,6000,6000,6000,6000,6000,6000,6000,1109.5,6000,6000,7900,0,0,0,25134.698,0,2609.6360890936503,0,444.28823356173314,0,0,0,0,0,0,0,0,0,0,0,0,0,0,26577.434,0,0,0,0,8390.569,0,0,0,0,125234.471,0,0,37757.55693527515,0,8448.219000000001,8023.428,0,0,3351.1081207193906,0,8102.433,0,0,223385.839,0
SE,0,0,1,0.514527811,0.485472189,77949.9972,61922.28599999999,23771.6892,36,46,36.1,42,45.3,37.3,40,30.5,37,14,18.60873381610709,63.22385585058395,18.608733816107087,63.22385585058395,14.880826357693932,49.44144475483132,34,60,49,40,48,77.26122565480932,42,75.83376652030935,47,51.65033163508011,48,43,47,38,42,52.62257317174046,42,21.35661995894783,38,25,27,35.015435013433525,36,26.251413567649774,50.39644885809731,26.251413567649774,50.39644885809731,43,47,18.37837837837838,65.16516516516516,28.9,83.5,19.08148787860095,65.00061686509162,33.445,41.472,86.91783592072923,72,110,86.41560419,88.79952231981096,86.28590971,99.5,66.07418856259659,72,86.41560418909928,100,10058.4,39031.2,7230.665,0,0,14.154174326431953,14.154174326431953,14.154174326431953,0,0,0,0,0,0,658.4962378254504,0,0,0,0,738,0,0,0,0,0,0,0,3312.0634284083653,0,139.58888012449026,0,238068,0,36,0,0,4525,0,0,0,8000,8000,8000,1126,8000,1789,4000,8000,5400,8000,7500,4000,8.984725966,8571.613739,8000,2223.3584,4189.6761,4189.6761,685.2000622620058,8000,3972.360588,8000,8000,4100,1361.356345,5320,8000,4085.457536,4085.457536,3920,4085.457536,4085.457536,5350,4861.012577,4861.012577,4861.012577,4861.012577,4861.012577,6500,8500,4200,4861.012577,8300,6000,6000,6000,6000,6000,6000,6000,543.4,6000,6000,7900,0,0,0,27938,0,0,0,449.4359602775479,0,0,0,0,0,0,0,0,0,0,0,0,0,0,348,0,0,0,0,5046,0,0,0,0,69778.40313327956,0,1670.7968667204234,1256.4352941176462,0,0,12373.2,0,0,34850.60277547902,0,61.2,0,0,235414.8,0
EL,0,0,1,0,1,5930.0064,33713.9424,43529.7024,36,46,36.1,42,45.3,37.3,36.55179123446293,30.5,37,14,40,40,40,15,33.09187287480498,3.381502552919438,26.785971126748727,42.38241551158357,49,40,48,46,42,43,47,42,48,43,47,31.300842611887568,0.047054812,46,42,40.32793665899396,38,25,27,32,36,9.816462346760073,0,27.9,83.5,43,47,36.37329666972197,0,28.9,83.5,59.34795225144236,0,33.445,41.472,90,72,110,72,103,105,99.5,72,72,72,100,11049.016,13292.698,1950.0308499999996,0,776.261,0,0,0,0,0,0,0,0,0,0,0,0,0,22233.895,21410.91,0,0,0,1440.2738251379933,0,46334.54917,0,0,0,0,0,0,0,17269.2,0,0,129266.875,6883.955,400.259,0,2707.570705,8000,2707.570705,1126,8000,1789,4000,8000,5400,1837.026158,7500,4000,6775.423729,8000,8000,2333.8093,2333.8093,2333.8093,1113.7736947537494,8000,1187.249414,8000,8000,4100,1361.356345,5320,8000,8000,8000,3920,8000,8000,5350,8000,2478.313516,8000,2478.313516,2478.313516,6500,8500,4200,2478.313516,8300,6000,6000,6000,6000,6000,6000,6000,1475.9,6000,6000,7900,0,0,0,0,0,0,0,0,0,0,0,0,0,0,0,0,0,0,0,0,0,0,0,0,0,0,0,0,0,0,0,0,26158.849,0,0,13388.118250049232,0,0,1043.064,0,0,56.052,0,1190.498,0,0,14583.222,0
PL,0,0,1,0.1671215716860004,0.8328784283139996,34630.002,185899.4892,350004.4488,36,46,36.1,42,45.3,37.3,42.59462687560448,30.5,37,14,34.453634953111965,16.906154461067235,34.45363495311197,16.906154461067235,38.24866272,0.936714987,34,60,49,40,48,62.72907176674158,24.553015300496607,61.57010508282952,56.793457962377225,61.57010508282951,56.79345796237724,43,47,39.11512558203286,26.31745713,62.72907177,24.55301530049661,39.88724453840732,38,25,27,32,36,33.21808512147792,23.92880365923635,33.21808512147791,23.92880365923635,43,47,47.38630749569167,11.457249484507388,28.9,83.5,20.429100582348735,34.44657804631373,33.445,41.472,80.87070784343405,87.11335943498082,110,87.36458791060272,84.81735619020293,70.55532173,99.5,107.88174803889392,87.11335943498081,87.36458791060272,100,45451.915,32223.6,3855.856834999999,0,431.046,11.902904185756674,11.902904185756674,11.902904185756674,0,0,0,0,0,0,230574.9821155021,0,0,0,8755.74,143110.184,0,0,0,0,0,0,0,53208.30889,0,4220.684359367916,0,0,0,33.394,0,1458956.607,397998.395,42225.585,143467.244,0,8000,8000,8000,1126,8000,1789,4000,8000,5400,322.395281,7500,4000,8000,8000,8000,2231.6913,2231.6913,2231.6913,850.7321127573947,8000,2737.390214,8000,8000,4100,1361.356345,5320,8402.910152,8402.910152,8402.910152,3920,8402.910152,8402.910152,5350,4099.990909,4099.990909,4099.990909,4099.990909,4099.990909,6500,8500,4200,4099.990909,8300,6000,6000,6000,6000,6000,6000,6000,881.7,6000,6000,7900,0,0,0,3253.858,0,13281.37717,0,98.82128538439969,0,0,0,0,0,0,0,0,0,0,0,0,0,0,7000.258,0,0,0,0,313.478,0,0,0,0,54384.332,0,0,2558.423,0,0,2421.714,0,0,14805.035739927249,0,4086.036,0,0,9593.576,0
DK,0,0,1,0.5499999893207427,0.4500000106792574,7290,72264.9996,5373.432,36,46,36.1,42,45.3,37.3,40,30.5,37,14,35.60492784409225,37.79275051475712,35.60492784409225,37.79275051475712,35,15,20.746556730905365,22.64755608579445,49,21.641817072534405,48,40.28082518848205,37.28780840045868,39.53660670924912,45.657420471350086,39.53660670924913,45.65742047135009,43,47,25.117373674111214,44.24132531013797,40.28082518848205,37.28780840045868,28.037514850580315,38,25,27,32,36,25.773189348228552,63.814668437319376,25.773189348228552,63.814668437319376,43,47,41.36173168485431,35.553179631665124,28.9,83.5,17.99349486277359,76.76276383,33.445,41.472,99.12064632199883,89.82522568,110,82.23501977608576,96.54861707159644,100.53429088166152,99.5,72,89.82522568282039,82.23501977608575,100,2999.66,5781.834,10988.68249,0,129.167,20.491064176201384,20.491064176201384,20.491064176201384,0,0,0,0,0,0,11556.55982935012,0,0,0,0,0,0,0,0.9688366317816676,0.8500049159972632,0,0.8991584522210664,0,3783.9228488946583,0,3689.828524239111,0,0,0,73.631,0,0,0,215741.062,115740.38,0,0.637728167,0.637728167,0.637728167,1126,8000,1789,4000,8000,5400,8000,7500,4000,23.98341411,8000,8000,2249.3514,3148.1839,3148.1839,777.9944568767935,8000,2334.434807,8000,8000,4100,1361.356345,5320,1106.178733,1106.178733,1106.178733,3920,1106.178733,1106.178733,5350,2645.282572,8000,2645.282572,2645.282572,2645.282572,6500,8500,4200,2645.282572,8300,6000,6000,6000,6000,6000,6000,6000,787.1,6000,6000,7900,0,0,0,20800.426,0,1.185033042779077,0,13.609330536269969,0,0,0,0,0,0,0,0,0,0,0,0,0,0,10414.036999999998,0,2347.418,0,0,2403.042,0,0,0,0,37734.61180865857,0,20404.787191341424,0,0,0,6309.512,0,0,15192.849991257406,0,2274.736,0,0,61.038,0
EU27,0,0,1,0.4757826712061477,0.5242173287938523,891250.0272,2323650.334,3203823.006,37.28363900171004,47.02278447,36.1,42,45.3,37.3,37.50640699049156,30.5,37,14,32.85471971331096,25.745448319795088,32.85471971331097,25.745448319795088,32.86207860635189,15.70588314532116,38.34124218701202,55.24049688417847,49,37.91625911415734,48,50.81873148,17.16980601601088,49.87981726840248,39.40737497734321,49.87981726840248,39.40737497734321,43,47,31.623142114048484,36.56104230527606,50.81873147580771,17.169806016010885,38.98376112767274,38,27.36015223508881,27,33.59243309569569,36,29.24384340470224,39.62077916501132,29.24384340470224,39.62077916501132,43,47,48.57852836408608,12.276857324010429,28.9,83.5,18.221745120429937,44.98641502702597,33.445,41.472,85.24986525272165,85.31970430046646,110,83.81388764925666,90.28435353,77.34650265110945,99.5,86.34747505090282,85.31970430046647,83.81388764925664,100,472211.237,644007.616,274719.5447749999,0,61308.29,14.391184266803531,14.391184266803531,14.391184266803531,93875.59092553504,284227.8620744649,0,0,0,0,212242.1029043033,0,0,0,649184.6510000001,237930.894,0,0,80600.37075040588,74990.09177491967,0,883671.4734746746,0,429756.8097347359,0,125460.84161970182,0,2715691.881,0,135078.60600000003,0,1551847.143,2703600.0310000004,1077077.685,2188162.493,0,1934.77079,1934.770791,1934.77079,1126,1520.837658,1789,4000,1520.837658,5400,4038.748448,7500,4000,2743.675377,7133.18673,8000,2101.26547,2951.193214,2951.193214,951.4128935,7762.888988,2901.717259,1815.555334,1783.877919,4100,1361.356345,5320,4568.860254,4589.253604,4589.253604,3920,4589.253604,4589.253604,5350,2225.386803,2225.386803,2225.386803,2225.386803,2225.386803,6500,8500,4200,2225.386803,8300,6000,6000,6000,6000,6000,6000,6000,795.0485316,6000,6000,7900,0,0,0,177872.138,0,42982.19017876653,0,10982.551277947823,0,0,0,0,0,0,0,0,0,0,0,0,0,0,225008.802,0,2462.307,0,0,45788.056,0,0,0,0,1191864.9207537204,0,129976.89824627912,301009.4687931108,20458.8,62458.787,83058.662,0,0,124033.4424210724,0,153611.943,0,154513.64862554386,1091597.4833744562,0
MT,0,0,1,50,50,0,445.2804,0,36,46,36.1,42,45.3,37.3,40,30.5,37,14,40,40,40,15,35,15,34,51.42872729529323,49,40,48,46,42,43,47,42,48,43,47,38,42,46,42,26.471140595846396,38,25,27,32,36,28.9,82.1,27.9,83.5,43,47,75.52190869465474,2.887293940287746,28.9,83.5,27,15,33.445,41.472,90,72,110,72,103,105,99.5,72,72,72,100,211.043,569.452,37.15727999999999,0,12.678,0,0,0,0,0,0,0,0,0,0,0,0,0,0,0,0,0,0,0,0,6580.21,0,0,0,0,0,0,0,108.533,0,0,0,0,0,0,5435.135626,8000,8000,1126,8000,1789,4000,8000,5400,8000,7500,4000,140.2235142,8000,8000,1787.8463,1787.8463,1787.8463,1217.968,8000,8000,8000,8000,4100,1361.356345,5320,8000,8000,8000,3920,8000,8000,5350,8000,8000,8000,8000,8000,6500,8500,4200,8000,8300,6000,6000,6000,6000,6000,6000,6000,1282.5,6000,6000,7900,0,0,0,0,0,0,0,0,0,0,0,0,0,0,0,0,0,0,0,0,0,0,0,0,0,0,0,0,0,0,0,0,0.209,0,0,306.19501199399355,0,0,0,0,0,0,0,23.044,0,0,0,0
AT,0,0,1,0.3438990902938928,0.6561009097061072,51030,31662.1692,38047.06080000001,44.9632207,46,36.1,42,45.3,37.3,40,30.5,37,14,21.181410699037208,55.19701320480704,21.181410699037208,55.19701320480704,35,15,42.13288561905365,58.49600936963483,49,41.99042323793044,48,38.67935345426255,33.19788283742415,37.964723367347766,47,37.964723367347766,48,43,47,24.11876543337388,37.60371250697703,38.67935345426255,33.197882837424146,44.05396132527173,38,23.99239710992069,27,32,36,33.06138819175348,47.02425507460772,33.06138819175348,47.02425507460772,43,47,30.09836430355252,31.566179845152213,28.9,83.5,16.904066364251317,63.01398565613332,33.445,41.472,86.16747921514342,72,110,87.62878423715624,89.75465883735374,73.54252240427283,99.5,72,72,87.62878423715625,100,11279.434,11896.337,8437.662685,0,111.027,16.846793427234044,16.846793427234044,16.846793427234044,0,4057.892,0,0,0,0,1095.9329733764262,0,0,0,0,0,0,0,6168.129023852025,199.00163319913537,0,16413.471342948826,0,15826.956275982468,0,905.4877548352312,0,0,0,948.884,0,0,0,27643.233,32236.843,0,1489.979284,1489.979284,1489.979284,1126,8000,1789,4000,8000,5400,8000,7500,4000,1611.058817,8000,8000,2413.5576,2413.5576,2413.5576,948.7775442,218.579235,3523.066655,2204.323126,604.7687435,4100,1361.356345,5320,1306.502563,1306.502563,1306.502563,3920,1306.502563,1306.502563,5350,2299.461464,8000,2299.461464,2299.461464,2299.461464,6500,8500,4200,2299.461464,8300,6000,6000,6000,6000,6000,6000,6000,1012.3,6000,6000,7900,0,0,0,22428.366,0,0,0,64.46078864,0,0,0,0,0,0,0,0,0,0,0,0,0,0,6970.678000000001,0,91.125,0,0,1693.207,0,0,0,0,26820.274,0,0,218.22480712276013,0,2132.492,1991.903,0,0,8602.593221,0,151.495,0,43461.91340625153,115672.55859374846,0
CY,0,0,1,50,50,0,4562.7696,1000.0008,36,46,36.1,42,45.3,37.3,40,30.5,37,14,40,40,40,15,35,15,34,60,49,40,48,46,42,43,47,42,48,43,47,38,42,46,42,39.36921183,38,25,27,32,36,28.9,82.1,27.9,83.5,43,47,60.44614514936731,14.921366555057908,28.9,83.5,27,15,33.445,41.472,90,72,110,72,103,105,99.5,72,72,72,100,819.731,662.029,232.64294000000004,0,0,0,0,0,0,0,0,0,0,0,0,0,0,0,0,0,0,0,0,0,0,0,0,0,0,0,0,0,0,16656.26,0,0,0,0,0,0,8000,8000,8000,1126,8000,1789,4000,8000,5400,8000,7500,4000,3131.040731,8000,8000,1037.8417,1037.8417,1037.8417,1199.9111954305024,8000,8000,8000,8000,4100,1361.356345,5320,8000,8000,8000,3920,8000,8000,5350,8000,8000,8000,8000,8000,6500,8500,4200,8000,8300,6000,6000,6000,6000,6000,6000,6000,1475.9,6000,6000,7900,0,0,0,0,0,0,0,0,0,0,0,0,0,0,0,0,0,0,0,0,0,0,0,0,0,0,0,0,0,0,0,0,858.834,0,0,0,0,0,0,0,0,0,0,208.512,0,0,0,0
LV,0,0,1,50,50,36240.001200000006,19178.6004,15902.2188,36,46,36.1,42,45.3,37.3,40,30.5,37,14,0.6133793367835921,65.64117308798161,0.6133793367835921,65.64117308798161,14.342629482071713,59.76095617529881,34,60,49,40,48,49.24014000256282,22.05934982573797,48.330391457480815,37.63427280746797,48.330391457480815,37.63427280746798,43,47,38,42,49.24014000256282,22.05934982573797,45,38,25,27,32,36,18.252294036233213,60.78669851790857,18.252294036233213,60.78669851790857,43,47,41.826848735880176,26.449403061397746,28.9,83.5,27,15,33.445,41.472,76.94513795711916,63.37281379336653,110,86.75732461771915,97.47844429349594,105,99.5,72,63.37281379336653,86.75732461771915,100,1767.884,1538.658,341.2651000000005,0,622.307,13.49404940403418,13.49404940403418,13.49404940403418,0,0,0,0,0,0,0.1813208596093797,0,0,0,0,0.036,0,0,0,0,0,0,0,7437.973168113191,0,839.2518280249941,0,0,0,0,0,0,77.144,0,0,0,8000,8000,8000,1126,8000,1789,4000,8000,5400,8000,7500,4000,8000,8000,8000,2261.1982,2261.1982,2261.1982,751.1047986861815,8000,8000,1328.270908,8000,4100,1361.356345,5320,8000,2848.684457,2848.684457,3920,2848.684457,2848.684457,5350,8088.65057,8088.65057,8088.65057,8088.65057,8088.65057,6500,8500,4200,8000,8300,6000,6000,6000,6000,6000,6000,6000,740.5,6000,6000,7900,0,0,0,7651.226,0,19.385654669993265,0,13.00904791296761,0,0,0,0,0,0,0,0,0,0,0,0,0,0,7490.965,0,2.736,0,0,0,0,0,0,0,554.396,0,0,0,0,0,0,0,0,1466.2050927317391,0,1268.633,0,7587.195,0,0
LT,0,0,1,0.3468634686346863,0.6531365313653137,16790.0004,31480.6788,98674.4592,36,46,36.1,42,45.3,37.3,40,30.5,37,14,40,40,40,15,35,15,34,60,49,40,48,46,42,41.212069445086286,47,41.212069445086286,48,43,47,26.181785294525405,47.07683022296757,46,42,45,38,25,27,32,36,15.194894703254624,74.77983407785577,15.194894703254628,74.77983407785577,43,47,43.97468354,8.148734177215191,28.9,83.5,22.21771217712177,58.25645756457565,33.445,41.472,86.00888980773207,74.48119991781384,110,79.48365805929079,86.93274007554899,105,99.5,73.55174246450535,74.48119991781384,79.48365805929078,100,745.2,3189.96,366.16,0,0,14.699644337129245,14.699644337129245,14.699644337129245,0,0,0,0,0,0,0,0,0,0,0,0,0,0,0,0,0,0,0,0,0,87.52374507989686,0,0,0,0,0,0,352.772,1672.675,0,0,8000,8000,8000,1126,8000,1789,4000,8000,5400,8000,7500,4000,8000,8000,8000,2447.5885,2447.5885,2447.5885,794.3405776831237,8000,8100,8000,8000,4100,1361.356345,5320,8000,8000,8000,3920,8000,8000,5350,8000,8000,8000,451.848249,451.848249,6500,8500,4200,451.848249,8300,6000,6000,6000,6000,6000,6000,6000,791.7,6000,6000,7900,0,0,0,16641,0,20.807498247397163,0,56.68249522566813,0,0,0,0,0,0,0,0,0,0,0,0,0,0,2740,0,0,0,0,0,0,0,0,0,5397.84,0,0,318.40776699029124,0,0,481.68,0,0,763.4209859742884,0,555.84,0,0,3411.72,0
CZ,0,0,1,0.5224820334835361,0.477517967,12980.001599999998,93018.8916,69226.2252,36.91005025642014,46,36.1,42,45.3,37.3,36.91885020869293,30.5,37,14,40,40,12.589200120585236,55.88771864253196,20.495471569408032,46.991188977596494,34,56.190544893330575,49,40,48,46,42,43,47,46.06248707907714,89.56863068626019,43,47,29.26322708553136,42,46.92954565938919,39.86110383310676,32.59357687073371,38,25,27,34.72450536292174,36,28.9,82.1,29.920920833942144,21.12098674133767,43,47,50.86912622400909,4.049116132275922,28.9,83.5,13.381867951891923,56.72403289375354,33.445,41.472,81.56805184,72,110,72,90.39227948,49.60595691147935,99.5,99.80222915798284,75.67287210052666,72.43661629055579,100,24891.019,15479.888,6701.637429999999,0,3633.604,9.198426600100856,9.198426600100856,9.198426600100856,0,4633.474,0,0,0,0,0,0,0,0,106648.942,19970.345,0,0,0,0,0,13631.298,0,0,0,0,0,108886.352,0,91.248,0,92890.536,466516.726,6681.5,7223.818,0,2764.857004,8000,8000,1126,2334.196792,1789,4000,8000,5400,4527.936585,7500,4000,1836.714976,7458.807154,8000,2004.8079,2004.8079,2004.8079,927.5629487,8000,2902.67606,8000,8000,4100,1361.356345,5320,6849.656154,6849.656154,6849.656154,3920,6849.656154,6849.656154,5350,1053.916205,1053.916205,1053.916205,1053.916205,1053.916205,6500,8500,4200,1053.916205,8300,6000,6000,6000,6000,6000,6000,6000,980,6000,6000,7900,0,0,0,1590.462,0,218.121,0,151.796,0,0,0,0,0,0,0,0,0,0,0,0,0,0,23032.365,0,0,0,0,204.256,0,0,0,0,2520.05,0,0,7599.950057938365,0,0,682.255,0,0,0,0,8951.227,0,0,11428.869,0
LU,0,0,1,0.3780000280808883,0.6219999719191117,1010.0016,2071.4328,476.02080000000007,36,46,36.1,42,45.3,37.3,40,30.5,37,14,40,40,40,15,35,15,34,60,49,40,48,46,42,28.382984396163973,51.99141879537266,28.38298439616397,51.99141879537266,43,47,38,42,46,42,45,38,28.706007140204044,27,32,36,16.97729354025451,67.51055824242805,16.977293540254507,67.51055824242805,43,47,53.11338463,21.776495986806392,28.9,83.5,27,15,33.445,41.472,85.00258899972965,72,110,65.67411736829635,72.90048314,105,99.5,72,72,65.67411736829635,100,111.758,561.24,269.180335,0,0,11.510524587059546,11.510524587059546,11.510524587059546,0,0,0,0,0,0,0,0,0,0,0,0,0,0,0,0,0,0,0,0,0,667.5230669994771,0,0,0,0,0,0,0,0,0,0,8000,8000,8000,1126,8000,1789,4000,8000,5400,8000,7500,4000,8000,8000,8000,2245.5085,2245.5085,2245.5085,901.2123197560052,8000,8000,8000,7243.075684,4100,1361.356345,5320,8000,8000,2168.165422,3920,2168.165422,8000,5350,8000,8000,8000,4600.060813,4600.060813,6500,8500,4200,8000,8300,6000,6000,6000,6000,6000,6000,6000,983.8,6000,6000,7900,0,0,0,185.502,0,0,0,0.2688576252331728,0,0,0,0,0,0,0,0,0,0,0,0,0,0,184.689,0,0.065,0,0,0,0,0,0,0,1012.619,0,0,0,0,449.795,0,0,0,556.2995426993328,0,256.356,0,0,3417.447,0