geo_id,input_percentage_of_apartments,input_percentage_of_corner_houses,input_percentage_of_semi_detached_houses,input_percentage_of_detached_houses,input_percentage_of_terraced_houses,input_households_apartments_heat_demand_reduction,input_households_corner_houses_heat_demand_reduction,input_households_semi_detached_houses_heat_demand_reduction,input_households_detached_houses_heat_demand_reduction,input_households_terraced_houses_heat_demand_reduction
GM0003,0.2736040609137056,0.10947546531302876,0.17969543147208122,0.18510998307952625,0.2521150592216582,0.17,0.13,0.13,0.11,0.13
GM0005,0.13540074252020093,0.13496396593142607,0.19545752347674164,0.29526097401179296,0.2389167940598384,0.17,0.21,0.13,0.11,0.21
GM0009,0.0903674280039722,0.13637868255544522,0.1903343263819927,0.4160873882820258,0.16683217477656406,0.27,0.13,0.18,0.11,0.21
GM0010,0.2157201646090535,0.13382716049382715,0.13901234567901236,0.27242798353909464,0.23901234567901236,0.17,0.21,0.13,0.11,0.21
GM0014,0.6317106212979718,0.07113827167818683,0.03140605377396738,0.029517339582900714,0.2362277136669732,0.17,0.21,0.18,0.17,0.21
GM0015,0.07809676771732584,0.10861272836779763,0.1224653683999197,0.5765910459747039,0.11423408954025295,0.27,0.21,0.18,0.11,0.21
GM0017,0.23025946310232506,0.12040885094911828,0.24980343704369315,0.195552061102999,0.20397618780186452,0.17,0.21,0.09,0.11,0.21
GM0022,0.13609398627428174,0.15633360474584154,0.15307665464696987,0.31580783994416656,0.23868791438874026,0.27,0.21,0.18,0.11,0.21
GM0024,0.08374918637448471,0.09698416142330224,0.18333694944673465,0.532002603601649,0.10392709915382946,0.17,0.21,0.13,0.11,0.21
GM0025,0.0661781543393634,0.09594687428440576,0.1561712846347607,0.570185482024273,0.11151820471719716,0.17,0.21,0.18,0.11,0.21
GM0034,0.2641190765492102,0.14127582017010934,0.029416767922235718,0.05438639125151883,0.5108019441069259,0.27,0.29,0.29,0.37,0.29
GM0037,0.2297271513070025,0.10519620937480123,0.12612096928067162,0.32621001081218604,0.21274565922533867,0.17,0.21,0.13,0.11,0.13
GM0047,0.20294624666980096,0.13837956433160947,0.15428616204356685,0.2660241341482526,0.2383638928067701,0.17,0.13,0.13,0.11,0.13
GM0050,0.1381704980842912,0.17863984674329506,0.0763888888888889,0.12320402298850575,0.4835967432950192,0.32,0.29,0.29,0.17,0.29
GM0053,0.0636042402826855,0.1393235739525492,0.23001850917045266,0.3513377082281676,0.21571596836614504,0.27,0.21,0.13,0.11,0.21
GM0056,0.0818193531761371,0.13258600695786624,0.2499677876562299,0.35794356397371474,0.17768328823605206,0.27,0.21,0.18,0.11,0.21
GM0058,0.10630712979890312,0.1522851919561243,0.1847349177330896,0.350091407678245,0.206581352833638,0.17,0.13,0.13,0.11,0.13
GM0059,0.11204996326230712,0.1645113886847906,0.14871418074944892,0.38765613519470976,0.1870683321087436,0.17,0.13,0.18,0.11,0.13
GM0060,0.15073313782991202,0.03695014662756598,0.26099706744868034,0.5120234604105571,0.03929618768328446,0.17,0.13,0.13,0.11,0.21
GM0072,0.21069265209375826,0.18396102185936267,0.1196997629707664,0.11258888596260204,0.3730576771135107,0.17,0.21,0.13,0.17,0.21
GM0074,0.24065962380829686,0.11281456669243325,0.15404105471098514,0.28880013742162675,0.20368461736665808,0.17,0.21,0.13,0.11,0.21
GM0079,0.08732907930720146,0.10082041932543302,0.23865086599817684,0.445943482224248,0.12725615314494074,0.17,0.13,0.13,0.11,0.13
GM0080,0.3433733949328379,0.13927297239531095,0.0929418147740164,0.10443417786034888,0.3199776400374858,0.17,0.13,0.13,0.17,0.13
GM0085,0.09392265193370164,0.12555694172161824,0.17287471039030475,0.4375334165032971,0.17011227945107826,0.27,0.21,0.13,0.11,0.21
GM0086,0.12378508669621335,0.090583935930332,0.18334499650104968,0.4732135914781121,0.12907238939429286,0.27,0.21,0.13,0.11,0.21
GM0088,0.08635578583765112,0.04145077720207254,0.3937823834196891,0.3471502590673575,0.13126079447322972,0.17,0.13,0.13,0.11,0.21
GM0090,0.20428711897738447,0.14257620452310718,0.13392330383480827,0.21254670599803346,0.30666666666666664,0.17,0.21,0.18,0.17,0.21
GM0093,0.10684326710816776,0.13200883002207506,0.17262693156732892,0.4101545253863135,0.17836644591611478,0.27,0.13,0.09,0.11,0.13
GM0096,0.14363636363636365,0.20363636363636364,0.18545454545454546,0.18,0.2872727272727273,0.08,0.13,0.13,0.11,0.21
GM0098,0.11001998783349266,0.12131745893803772,0.16129312592335102,0.4204397323368385,0.18692969496828016,0.17,0.21,0.13,0.11,0.21
GM0106,0.2806593266721823,0.1526443072615032,0.13476102590211927,0.10659963087889007,0.32533570928530514,0.17,0.21,0.18,0.17,0.21
GM0109,0.12396049896049895,0.11304573804573805,0.22193347193347196,0.3655795218295218,0.17548076923076922,0.17,0.21,0.18,0.11,0.21
GM0114,0.1931151843195145,0.13193504736129905,0.17072620658547588,0.24738590232500926,0.2568376594087013,0.17,0.21,0.13,0.11,0.21
GM0118,0.24536123968605356,0.14385188166633125,0.14304689072247934,0.1824914469712216,0.2852485409539143,0.17,0.21,0.13,0.17,0.21
GM0119,0.2554257095158597,0.15834082445100808,0.13901374085013485,0.13471169898548865,0.3125080261975087,0.17,0.21,0.13,0.17,0.21
GM0141,0.2785389511973325,0.17047590178842073,0.10997271900575932,0.11718702637162776,0.32382540163685963,0.17,0.13,0.13,0.17,0.21
GM0147,0.13765140628207762,0.17645247382467666,0.21063436665982346,0.17450215561486349,0.3007595976185588,0.27,0.21,0.13,0.17,0.21
GM0148,0.11897551267630008,0.1229557843731072,0.21199273167777105,0.3731937353984598,0.17288223587436186,0.17,0.21,0.18,0.11,0.21
GM0150,0.3136317963603885,0.14672323322541028,0.07937925644747125,0.09277659930780396,0.36748911465892603,0.17,0.21,0.13,0.17,0.21
GM0153,0.35063330663444703,0.15230583348040347,0.13004167741409972,0.08281180000271514,0.28420738246833466,0.17,0.21,0.09,0.17,0.21
GM0158,0.14192922927775084,0.162094037809016,0.22375181774115369,0.2394571013087736,0.23276781386330586,0.17,0.21,0.13,0.17,0.21
GM0160,0.13912685337726524,0.13838550247116968,0.17883031301482702,0.3191927512355848,0.2244645799011532,0.17,0.21,0.13,0.11,0.21
GM0163,0.14171561262122662,0.16678049446796886,0.17873241360469885,0.2766698538451031,0.2361016254610026,0.27,0.21,0.13,0.11,0.21
GM0164,0.2929932970255551,0.15335672392124006,0.1446899874319229,0.11546920821114368,0.29349078341013823,0.17,0.21,0.09,0.11,0.21
GM0166,0.22077624524584155,0.16711726160472895,0.10534756907849516,0.12120240113641573,0.38555652293451853,0.17,0.21,0.18,0.17,0.21
GM0168,0.14176797856995674,0.16680403873892438,0.21069441582526272,0.2609725942715846,0.2197609725942716,0.17,0.21,0.13,0.17,0.21
GM0171,0.12344916344916344,0.19588159588159587,0.1275160875160875,0.17477477477477474,0.3783783783783784,0.17,0.21,0.18,0.17,0.21
GM0173,0.2168657960544596,0.1913726035009725,0.10551542095026396,0.13837176993609335,0.34787440955821064,0.17,0.21,0.09,0.17,0.21
GM0175,0.16168571822063074,0.12091998347335077,0.15782950006886104,0.380388376256714,0.17917642198044348,0.17,0.21,0.13,0.11,0.21
GM0177,0.12613133063739648,0.1665061942358303,0.17664805186468965,0.2741511008408755,0.25656332242120805,0.17,0.21,0.13,0.11,0.21
GM0180,0.13879310344827586,0.09775862068965516,0.20482758620689656,0.4205172413793104,0.13810344827586207,0.17,0.21,0.13,0.11,0.21
GM0183,0.22732696897374705,0.07852028639618139,0.19749403341288785,0.4025059665871122,0.0941527446300716,0.17,0.21,0.13,0.17,0.21
GM0184,0.12826120918606468,0.23090142165286676,0.1412279331354476,0.07842524605530386,0.4211841899703172,0.32,0.21,0.18,0.17,0.21
GM0189,0.13156805957798925,0.15039304923458832,0.21896979726934213,0.3121638394704179,0.1869052544476624,0.27,0.21,0.13,0.11,0.21
GM0193,0.3408593032294537,0.14516641933432267,0.04503215320472052,0.053724118436859584,0.41521800579464346,0.17,0.21,0.13,0.17,0.21
GM0197,0.17597718503606774,0.1611306827713471,0.19099144438852544,0.2539003522898842,0.21800033551417547,0.17,0.13,0.13,0.11,0.21
GM0200,0.2842131809011432,0.13438690876485093,0.10877605917955616,0.17458249271463794,0.2980413584398117,0.17,0.21,0.13,0.11,0.21
GM0202,0.4692269487361907,0.12384391317771185,0.04733076499724821,0.028027974280843526,0.3315703988080057,0.17,0.21,0.13,0.11,0.21
GM0203,0.20742497491562528,0.15401806074979474,0.112560430539086,0.2148134634680288,0.3111830703274651,0.27,0.21,0.13,0.11,0.21
GM0209,0.1484565945505567,0.18747171177695304,0.14094324250927853,0.1940798406807278,0.3290486104824839,0.27,0.21,0.18,0.17,0.21
GM0213,0.1119603832490042,0.1841963612875444,0.17450748196791904,0.24340617935192166,0.28592959414361074,0.17,0.21,0.13,0.11,0.21
GM0214,0.07146260123868509,0.15616960457360649,0.17370176274416388,0.39094807050976654,0.207717960933778,0.27,0.21,0.13,0.11,0.21
GM0216,0.2443093105431835,0.18867614430109292,0.07765633988002299,0.0783137480483195,0.411044457227381,0.17,0.21,0.18,0.17,0.21
GM0221,0.2075757575757576,0.20738636363636365,0.08863636363636364,0.08011363636363636,0.4162878787878788,0.27,0.21,0.13,0.17,0.21
GM0222,0.2365679503687229,0.1573217839166569,0.13543251785087207,0.16020913808576226,0.31046860977798585,0.17,0.21,0.13,0.11,0.21
GM0225,0.16836030610964747,0.18655124827499686,0.14979299962363568,0.22130222054949192,0.2739932254422281,0.27,0.21,0.18,0.11,0.21
GM0226,0.13348946135831385,0.19091334894613585,0.10079625292740046,0.1325526932084309,0.44224824355971903,0.17,0.21,0.18,0.17,0.21
GM0228,0.2928434157754011,0.1241644385026738,0.09859625668449197,0.19560494652406415,0.28879094251336895,0.17,0.21,0.09,0.11,0.21
GM0230,0.14134656883901595,0.1869874838152784,0.12699611566681054,0.19410876132930516,0.35056107034959005,0.17,0.21,0.13,0.11,0.21
GM0232,0.19705027299156208,0.13663759483797774,0.0965751967666454,0.31950648798128056,0.2502304474225342,0.17,0.21,0.13,0.11,0.21
GM0233,0.2170061192802996,0.15700063932779248,0.11909763448716774,0.23874326422504336,0.2681523426796968,0.17,0.21,0.13,0.11,0.21
GM0236,0.10951378078930503,0.1689405732075817,0.14540792967676952,0.3062906327259409,0.2698470836004029,0.27,0.21,0.13,0.11,0.21
GM0243,0.3082067499611177,0.16869718492404998,0.0581160246772772,0.07776452900616931,0.3872155114313858,0.17,0.21,0.13,0.17,0.21
GM0244,0.1588714258663132,0.17212649119484946,0.1247869721643628,0.23669759515243324,0.3075175156220413,0.17,0.21,0.13,0.11,0.21
GM0246,0.16491542798564834,0.11788826242952333,0.15479241414659148,0.3795489492567914,0.1828549461814454,0.17,0.21,0.13,0.11,0.21
GM0252,0.16989881956155142,0.1558459808881394,0.15823496346261945,0.2355255761663856,0.2804946599213041,0.27,0.21,0.13,0.11,0.21
GM0262,0.15376877682403434,0.1419662017167382,0.1569206008583691,0.35548551502145925,0.19185890557939916,0.17,0.21,0.13,0.11,0.21
GM0263,0.08472505091649694,0.1574338085539715,0.17810590631364562,0.35570264765784115,0.2240325865580448,0.27,0.21,0.13,0.11,0.21
GM0267,0.16291494087280148,0.20055225403685692,0.10150669307881624,0.16195449906957202,0.3730716129419533,0.27,0.21,0.13,0.11,0.21
GM0268,0.4414458557913384,0.13797695777266844,0.03977736735642581,0.027577802068021056,0.35322201701154626,0.17,0.21,0.09,0.11,0.21
GM0269,0.14162102957283682,0.14326396495071195,0.16133625410733846,0.28882803943044905,0.26495071193866376,0.17,0.21,0.13,0.11,0.21
GM0273,0.1492181837009423,0.14228021124572848,0.142487314901108,0.3246349798073936,0.2413793103448276,0.27,0.21,0.13,0.11,0.21
GM0274,0.3047833197056419,0.1281002998092123,0.21259198691741615,0.1650994821477242,0.18942491142000545,0.17,0.13,0.09,0.11,0.21
GM0275,0.2557631066115309,0.17149104044869054,0.1961119825086744,0.09753315271638384,0.2791007177147203,0.17,0.13,0.09,0.11,0.13
GM0277,0.01809954751131222,0.14177978883861234,0.33634992458521873,0.3212669683257919,0.18250377073906485,0.17,0.13,0.13,0.11,0.13
GM0279,0.13649096002037178,0.21899668958492488,0.17443340972752738,0.15711739241151007,0.3129615482556659,0.27,0.21,0.13,0.11,0.21
GM0281,0.25391148860080465,0.17702279839070184,0.08258828788556102,0.08985248100134108,0.3966249441215913,0.17,0.21,0.13,0.11,0.21
GM0285,0.1612133931126586,0.1305923876752838,0.16369359916054566,0.3490413049699513,0.1954593150815606,0.17,0.21,0.13,0.11,0.21
GM0289,0.5162417045057632,0.11037373384561648,0.0838863662824543,0.07247642333216905,0.21702177203399695,0.17,0.21,0.13,0.11,0.21
GM0293,0.12873666816884485,0.21751539732612288,0.09343548144809974,0.08983025386810876,0.4704821991888238,0.27,0.21,0.13,0.11,0.21
GM0294,0.2144816236972024,0.1668364548232897,0.1602538985972886,0.2052346994749628,0.2531933234072565,0.17,0.13,0.09,0.11,0.13
GM0296,0.17739315521200918,0.1739203495210889,0.12205231613734388,0.1682630370245897,0.35837114210496834,0.27,0.21,0.13,0.11,0.21
GM0297,0.1173469387755102,0.15753669889008234,0.12781954887218044,0.2779269602577873,0.3193698532044397,0.27,0.21,0.13,0.11,0.21
GM0299,0.17420503688628847,0.2028491477995421,0.12363266344441615,0.16036631900279827,0.33894683286695504,0.17,0.21,0.13,0.17,0.21
GM0301,0.3097393440385753,0.1629440931628986,0.08006186598735386,0.06491379702497384,0.3823408997861985,0.17,0.21,0.13,0.11,0.21
GM0302,0.16020331325301204,0.16189759036144574,0.16227409638554216,0.25592996987951805,0.25969503012048195,0.17,0.21,0.13,0.11,0.21
GM0303,0.12320340687289287,0.16336428698172353,0.10480865913526942,0.21748388241556751,0.3911397645945465,0.27,0.21,0.18,0.17,0.21
GM0304,0.053860331763260286,0.1443784558672947,0.16956788859307806,0.4329305754659021,0.19926274831046487,0.27,0.21,0.13,0.11,0.21
GM0307,0.3509836751778987,0.14508461400466424,0.06210010165640136,0.03738862644262393,0.4044429827184118,0.17,0.21,0.13,0.17,0.21
GM0308,0.3134056399132321,0.15392624728850327,0.15149674620390455,0.10377440347071584,0.27739696312364426,0.17,0.13,0.09,0.11,0.21
GM0310,0.3404310167044752,0.13126417818106825,0.13270777479892762,0.13085172200453699,0.264745308310992,0.08,0.13,0.09,0.11,0.13
GM0312,0.15186695952306245,0.2020709130844054,0.15531848133040474,0.1055851898336994,0.385158456228428,0.27,0.13,0.09,0.11,0.21
GM0313,0.18850380388841928,0.19828523125226424,0.10819949281487742,0.08453085376162299,0.4204806182828161,0.27,0.21,0.09,0.17,0.21
GM0317,0.09523809523809523,0.227045514338332,0.09392265193370164,0.09497500657721653,0.4888187319126546,0.32,0.21,0.18,0.17,0.21
GM0321,0.22136756405773936,0.1770640827131512,0.04894860396583587,0.07512112282103793,0.4774986264422357,0.27,0.21,0.18,0.17,0.21
GM0327,0.17592592592592593,0.1596232985121874,0.10074390629946184,0.11087369420702754,0.4528331750553973,0.27,0.21,0.13,0.17,0.21
GM0331,0.12497755431854912,0.16897108996229127,0.121565810738014,0.2643203447656671,0.32016520021547856,0.17,0.21,0.13,0.11,0.21
GM0335,0.14126069495372795,0.1925964728479134,0.0679238693906059,0.1571503404924044,0.4410686223153483,0.27,0.21,0.13,0.11,0.21
GM0339,0.11935807422266802,0.1760280842527583,0.13239719157472418,0.23671013039117356,0.33550651955867605,0.17,0.21,0.13,0.17,0.21
GM0340,0.1991773650754082,0.1409697120777764,0.1564252773276829,0.21351115542814408,0.2899164900909884,0.17,0.21,0.09,0.11,0.21
GM0342,0.3427037579306979,0.1189360663738409,0.14289897510980967,0.1214738897022938,0.27398731088335776,0.17,0.21,0.09,0.11,0.21
GM0344,0.5527680181069309,0.07590830734409748,0.017133157001302753,0.01567907570434119,0.33851144184332765,0.17,0.21,0.18,0.17,0.21
GM0345,0.3898446573751452,0.13465447154471544,0.09491144018583043,0.05676538908246225,0.3238240418118467,0.17,0.21,0.13,0.17,0.21
GM0351,0.160111798762228,0.1834697544420044,0.14753443801157914,0.15831503294070673,0.3505689758434817,0.27,0.21,0.13,0.11,0.21
GM0352,0.16459627329192547,0.1813263874974955,0.08956121017832097,0.0973752754958926,0.4671408535363655,0.17,0.21,0.13,0.11,0.21
GM0353,0.300195067576982,0.15751706841298593,0.0596349449630765,0.046328549533231164,0.4363243695137244,0.17,0.21,0.18,0.17,0.21
GM0355,0.4434246479366637,0.1127303299936944,0.1484621312968542,0.07128844671757864,0.22409444405520915,0.17,0.13,0.09,0.11,0.21
GM0356,0.37827767524462863,0.15342828289863147,0.024271337535257863,0.02120695058676045,0.4228157537347216,0.17,0.21,0.13,0.17,0.21
GM0358,0.20383153649267044,0.1801752889164663,0.08725665089583495,0.15194291475994726,0.37679360893508107,0.27,0.21,0.13,0.11,0.21
GM0361,0.3504251633729628,0.14638611132981655,0.03828438705613731,0.061983308400913324,0.4029210298401701,0.17,0.21,0.13,0.11,0.21
GM0362,0.5045698152933296,0.11431715953679775,0.020695760359843048,0.02938080199062111,0.3310364628194086,0.17,0.21,0.13,0.11,0.21
GM0363,0.8744917906406879,0.021714191316158992,0.005641926927983407,0.005513440588834536,0.09263865052633513,0.17,0.21,0.13,0.17,0.21
GM0370,0.10314136125654452,0.14424083769633508,0.13612565445026178,0.3670157068062827,0.2494764397905759,0.17,0.21,0.13,0.11,0.21
GM0373,0.25616748899853314,0.1316842245632751,0.10021336178157088,0.26170156020802776,0.2502333644485931,0.17,0.13,0.09,0.11,0.13
GM0375,0.4391782678971792,0.12284269252828615,0.07518640179362845,0.048594817248031705,0.3141978205328745,0.17,0.21,0.09,0.11,0.21
GM0376,0.1291186161449753,0.19728171334431632,0.17257001647446454,0.2397034596375618,0.26132619439868204,0.27,0.21,0.09,0.11,0.21
GM0377,0.24362606232294615,0.1763456090651558,0.1508498583569405,0.16268717118575474,0.2664912990692028,0.17,0.13,0.09,0.11,0.13
GM0383,0.21620083470342732,0.166687745036044,0.11312760844821045,0.15536866068040978,0.34861515113190844,0.17,0.13,0.13,0.11,0.21
GM0384,0.5768190018039687,0.10748647023451594,0.011575466025255565,0.009019843656043296,0.2950992182802165,0.17,0.21,0.18,0.17,0.21
GM0385,0.11974761712981608,0.2178144717411733,0.05510806819707343,0.10397368774332123,0.5033561551886159,0.27,0.21,0.13,0.11,0.21
GM0388,0.254332606450132,0.18868357626535065,0.08125789050843568,0.08079880638126936,0.3949271203948124,0.27,0.21,0.13,0.17,0.21
GM0392,0.4718047630528544,0.0874119317420772,0.012054970666238046,0.008545634761177636,0.4201826997776528,0.17,0.13,0.09,0.11,0.13
GM0393,0.22760084925690025,0.1851380042462845,0.10063694267515924,0.1048832271762208,0.3817409766454353,0.17,0.21,0.13,0.11,0.21
GM0394,0.24739544636518235,0.15510096257037662,0.07121039509964172,0.07510690640117555,0.4511862895636238,0.27,0.21,0.13,0.17,0.21
GM0396,0.3286697247706422,0.15481651376146788,0.042259174311926606,0.06158256880733945,0.4126720183486238,0.17,0.21,0.13,0.17,0.21
GM0397,0.3309449884563331,0.17546373696361756,0.08478624313350848,0.04561738715070456,0.3631876442958363,0.17,0.13,0.09,0.07,0.13
GM0398,0.2174699573588319,0.15174225782831546,0.05875005383985873,0.10048671232286686,0.4715510186501271,0.27,0.21,0.18,0.17,0.21
GM0399,0.2506170495538257,0.13812416935636984,0.13726979305107273,0.201727738750712,0.27226124928801976,0.27,0.13,0.09,0.11,0.21
GM0400,0.26256963290958435,0.1563348093129553,0.04606484787887445,0.05145693472361091,0.48357377517497496,0.17,0.21,0.13,0.17,0.21
GM0402,0.3944256354012684,0.15211482523484812,0.0755328787373039,0.03986457488913262,0.3380620857374469,0.17,0.13,0.09,0.07,0.13
GM0405,0.27002043991579977,0.1711461606516367,0.04057475822935416,0.06565178925531591,0.4526068519478935,0.17,0.21,0.18,0.17,0.21
GM0406,0.2769492065177008,0.17695451409160873,0.0903349079135927,0.05620720768536702,0.3995541637917308,0.17,0.21,0.09,0.11,0.21
GM0415,0.13951077943615256,0.17371475953565504,0.06343283582089553,0.162106135986733,0.4612354892205638,0.27,0.13,0.13,0.11,0.21
GM0416,0.1473794366442836,0.15636173367053285,0.10421208685794016,0.2783640010464812,0.31368274178076216,0.27,0.21,0.13,0.11,0.21
GM0417,0.16171428571428573,0.1398095238095238,0.2855238095238095,0.21352380952380956,0.19942857142857146,0.17,0.13,0.09,0.11,0.13
GM0420,0.1277276850024009,0.15568478898788882,0.13791815611161498,0.3090220348930267,0.2696473350050685,0.27,0.21,0.18,0.11,0.21
GM0431,0.1675213675213675,0.16336996336996334,0.10842490842490844,0.15067155067155066,0.41001221001221,0.27,0.21,0.13,0.17,0.21
GM0432,0.13362887903736542,0.16846105129829006,0.11526282457251424,0.305256491450285,0.2773907536415453,0.27,0.21,0.13,0.11,0.21
GM0437,0.36533242876526456,0.14620081411126187,0.061567164179104475,0.05885345997286296,0.3680461329715061,0.17,0.21,0.13,0.17,0.21
GM0439,0.3232430617726052,0.1453111011638317,0.022856982990152198,0.032369068934646375,0.4762197851387646,0.17,0.21,0.18,0.17,0.21
GM0441,0.14631715339380047,0.15748031496062992,0.10510315957340777,0.2582976178610585,0.33280175421110336,0.17,0.21,0.13,0.11,0.21
GM0448,0.14714394516374715,0.15171363290175172,0.1773038842345773,0.2712871287128713,0.2525514089870525,0.27,0.21,0.09,0.11,0.21
GM0450,0.191587952236678,0.1865977544109784,0.09427909463553734,0.10247727677775798,0.4250579219390483,0.27,0.21,0.13,0.11,0.21
GM0451,0.29440840284213776,0.14071671300586966,0.03529502625888168,0.07275254865616311,0.4568273092369478,0.17,0.21,0.13,0.17,0.21
GM0453,0.371343886391766,0.14393199140121166,0.06846459514038174,0.022702104097452932,0.3935574229691877,0.17,0.13,0.09,0.07,0.13
GM0457,0.4744664208291429,0.11543189183148955,0.03262934406078891,0.030617946139233437,0.3468543971393452,0.17,0.21,0.09,0.11,0.21
GM0473,0.5239517873699392,0.11795611414443186,0.05851447409086226,0.056969197486350064,0.2426084269084166,0.17,0.13,0.09,0.11,0.13
GM0479,0.36130980300187615,0.15268820356472795,0.06767413227016886,0.05254749061913696,0.3657803705440901,0.17,0.13,0.09,0.11,0.21
GM0482,0.3119188503803889,0.16700881536046372,0.054945054945054944,0.058809322545586275,0.40731795676850624,0.17,0.13,0.13,0.17,0.21
GM0484,0.3339128591116294,0.1440898971695113,0.05440474928442701,0.07870242764762006,0.38889006678681226,0.17,0.21,0.13,0.11,0.21
GM0489,0.2498174230568597,0.17741262389149712,0.06729264475743349,0.05352112676056338,0.4519561815336463,0.27,0.21,0.18,0.17,0.21
GM0498,0.10503842869342442,0.14371111382213006,0.12980358667805295,0.3590337928510431,0.2624130779553495,0.27,0.21,0.18,0.11,0.21
GM0501,0.1921518987341772,0.18848101265822784,0.045063291139240506,0.09759493670886077,0.4767088607594937,0.27,0.13,0.13,0.11,0.13
GM0502,0.5491936532709065,0.10232149824424502,0.022109507088047858,0.01785017557549746,0.3085251658213032,0.17,0.21,0.13,0.17,0.21
GM0503,0.6482775186660528,0.06857897792101207,0.010729227135336387,0.007886782633064436,0.2645274936445343,0.17,0.21,0.13,0.11,0.13
GM0505,0.4353201363207889,0.1227974766151838,0.03634616779058807,0.0264484083822783,0.3790878108911609,0.17,0.21,0.13,0.17,0.21
GM0512,0.4183249908436089,0.13417165181296545,0.04877304358442193,0.051031620070809434,0.34769869368819434,0.17,0.21,0.18,0.17,0.21
GM0513,0.3978688324377137,0.13080117244748413,0.02381533952125061,0.017159257449926718,0.4303553981436248,0.17,0.13,0.13,0.11,0.13
GM0518,0.7754134908314171,0.036289145938627115,0.011372700072757268,0.008528552363833023,0.16839611079336547,0.08,0.21,0.18,0.17,0.21
GM0523,0.2460667954733646,0.15415401600883247,0.15291195142147393,0.15387800165608612,0.2929892354402429,0.17,0.21,0.09,0.11,0.21
GM0530,0.2602533340773394,0.17844986328887896,0.04318955415434406,0.0910663467440433,0.4270409017353942,0.17,0.21,0.13,0.17,0.21
GM0531,0.2368485641822793,0.1780250347705146,0.04982410210259347,0.061768796531129835,0.4735335024134828,0.17,0.21,0.13,0.17,0.21
GM0532,0.09642778873548104,0.21071663379355687,0.0992767915844839,0.19340346263423186,0.4001753232522463,0.27,0.21,0.13,0.17,0.21
GM0534,0.29361965723724964,0.1740656617798885,0.06504232913483378,0.06855255007226925,0.3987198017757588,0.17,0.21,0.13,0.11,0.21
GM0537,0.3995291616038881,0.149111482381531,0.050501215066828684,0.038198663426488456,0.3626594775212637,0.17,0.21,0.13,0.17,0.21
GM0542,0.2888924584370733,0.183037507027548,0.06489438599309293,0.05589912456830776,0.40727652397397796,0.17,0.13,0.09,0.11,0.21
GM0545,0.2740590489069191,0.1737660581473969,0.06535947712418301,0.1105476673427992,0.3762677484787018,0.17,0.21,0.09,0.11,0.21
GM0546,0.5493650848274201,0.08489624556935889,0.009239822430228157,0.006177087993392753,0.3503217591796001,0.17,0.13,0.09,0.11,0.13
GM0547,0.3997365821534409,0.15154757984853473,0.022390516957523872,0.02675337504115904,0.3995719459993415,0.17,0.13,0.13,0.17,0.21
GM0553,0.29898446833930703,0.16616885702907208,0.058841099163679814,0.060035842293906815,0.41596973317403424,0.17,0.21,0.09,0.11,0.21
GM0556,0.4949199814064679,0.1107643269805432,0.012085795869579651,0.0104920645461186,0.37173783119729065,0.17,0.21,0.18,0.17,0.21
GM0569,0.12539879475363347,0.17795108117688765,0.08755760368663594,0.2151719248493442,0.3939205955334988,0.27,0.21,0.13,0.11,0.21
GM0575,0.3801599482995395,0.13474432506664513,0.05016560303740205,0.08611357944906697,0.3488165441473463,0.17,0.13,0.09,0.11,0.21
GM0576,0.2612549240292628,0.1731851435002814,0.07597073719752391,0.11606640405177265,0.3735227912211593,0.27,0.21,0.09,0.11,0.21
GM0579,0.3451073985680191,0.1722195704057279,0.050692124105011935,0.05747016706443914,0.3745107398568019,0.17,0.21,0.13,0.11,0.21
GM0584,0.20738719423058186,0.2169379202806744,0.055355228535230484,0.07007114316343438,0.45024851379007896,0.27,0.21,0.13,0.11,0.21
GM0585,0.15423544067268766,0.1884926814076612,0.08377452507007163,0.1863905325443787,0.3871068203052009,0.27,0.21,0.09,0.11,0.21
GM0588,0.07739263134946588,0.20427294528013956,0.1081316764770002,0.26727708742097234,0.34292565947242204,0.27,0.13,0.13,0.11,0.13
GM0589,0.18097447795823665,0.17053364269141533,0.08074245939675175,0.17726218097447796,0.3904872389791184,0.17,0.21,0.09,0.11,0.21
GM0590,0.3360072544642857,0.15750558035714285,0.03662109375,0.032435825892857144,0.4374302455357143,0.17,0.21,0.13,0.17,0.21
GM0597,0.4367827039382828,0.13376827467974667,0.060145721224820224,0.0504309729034716,0.3188723272536788,0.17,0.21,0.09,0.11,0.21
GM0599,0.738145441591327,0.05645898924544832,0.011630705833646246,0.013729624601638695,0.1800352387279397,0.17,0.21,0.13,0.11,0.21
GM0603,0.7114588127013346,0.061320754716981125,0.009932504985427212,0.011313084828961498,0.2059748427672956,0.08,0.21,0.18,0.11,0.21
GM0606,0.6827662802037057,0.06105753602773865,0.011891862606999676,0.010320728139560082,0.2339635930219959,0.08,0.21,0.09,0.17,0.21
GM0610,0.3826921302703201,0.1329458437125196,0.0950272165328905,0.05517114124919273,0.33416366823507704,0.17,0.21,0.09,0.11,0.21
GM0611,0.13654119318181818,0.1827059659090909,0.09215198863636363,0.22674005681818185,0.3618607954545455,0.17,0.13,0.13,0.11,0.13
GM0613,0.1858235692844001,0.1822407281882444,0.10390239178851554,0.0984797133727123,0.4295535973661277,0.27,0.21,0.13,0.17,0.21
GM0614,0.17260677466863034,0.12739322533136965,0.07407952871870398,0.364359351988218,0.2615611192930781,0.27,0.21,0.09,0.11,0.21
GM0617,0.15569620253164554,0.1620253164556962,0.10506329113924052,0.2678481012658228,0.3093670886075949,0.17,0.21,0.09,0.11,0.21
GM0620,0.1744958481613286,0.20759193357058128,0.06488730723606169,0.1143534994068802,0.4386714116251483,0.27,0.21,0.13,0.11,0.21
GM0622,0.6156123669077037,0.0910436713545522,0.021294767408757045,0.008312930592723339,0.2637362637362637,0.17,0.21,0.13,0.11,0.21
GM0626,0.3516886290252204,0.1805567676062484,0.03429618640370015,0.0354306658521686,0.3980277511126625,0.17,0.13,0.09,0.17,0.13
GM0627,0.32078685174146304,0.16069147577280082,0.04496295665502853,0.06855147747594313,0.4050072383547645,0.17,0.21,0.13,0.11,0.21
GM0629,0.26763229363838364,0.1434449839519381,0.11974323100979345,0.12459879845280225,0.3445806929470825,0.17,0.13,0.09,0.11,0.13
GM0632,0.2670898886742111,0.16478056858956666,0.06743950685435643,0.10097525071303708,0.3997147851688288,0.27,0.21,0.13,0.17,0.21
GM0637,0.42731663685152055,0.12168157423971378,0.02076923076923077,0.022128801431127013,0.4081037567084079,0.17,0.21,0.18,0.17,0.21
GM0638,0.2155123068116772,0.17945048654836862,0.07183743560389239,0.1070406410990269,0.4261591299370349,0.27,0.13,0.09,0.11,0.21
GM0642,0.3883793540833252,0.16411357205581031,0.03717435847399746,0.032637330471265484,0.3776953849156015,0.17,0.13,0.09,0.11,0.13
GM0654,0.07545817548889118,0.1540903040851848,0.17006245520630695,0.3841507115798096,0.2162383536398075,0.32,0.21,0.13,0.11,0.21
GM0664,0.2384508990318119,0.16525587828492394,0.11048409405255878,0.1674688796680498,0.3183402489626556,0.17,0.21,0.13,0.17,0.21
GM0668,0.11568799298860648,0.12946037310629774,0.18943282834606234,0.4057843996494303,0.1596344059096031,0.17,0.21,0.13,0.11,0.21
GM0677,0.09230194319880418,0.12840059790732436,0.17294469357249626,0.4013452914798206,0.20500747384155454,0.27,0.21,0.13,0.11,0.21
GM0678,0.09003939223410241,0.15362971299943726,0.21496904895891952,0.29525417370099416,0.2461076721065466,0.27,0.21,0.13,0.17,0.21
GM0687,0.2903543307086614,0.15354330708661418,0.08301951386511469,0.09166381376241013,0.3814190345771996,0.17,0.21,0.13,0.17,0.21
GM0689,0.10857818304626816,0.16176967240797027,0.1320499831138129,0.30867950016886186,0.2889226612630868,0.17,0.21,0.09,0.11,0.21
GM0703,0.1220294020117166,0.1685641649165469,0.21509892782137724,0.26605504587155965,0.2282524593787996,0.27,0.21,0.13,0.11,0.21
GM0707,0.10913978494623656,0.17795698924731182,0.15681003584229392,0.2853046594982079,0.2707885304659498,0.17,0.21,0.09,0.11,0.21
GM0715,0.1821235305094234,0.15883560365739874,0.1184549356223176,0.21630901287553647,0.32427691733532377,0.17,0.13,0.13,0.11,0.13
GM0716,0.0986738384494111,0.2104238152647686,0.12260038950199388,0.202077343967356,0.3662246128164704,0.27,0.21,0.13,0.11,0.21
GM0717,0.11666666666666667,0.1456959706959707,0.161996336996337,0.3655677655677656,0.21007326007326008,0.17,0.13,0.13,0.11,0.21
GM0718,0.3622820085882044,0.13855052142669355,0.05604241521339059,0.06690912277626851,0.37621593199544295,0.17,0.21,0.13,0.17,0.21
GM0733,0.08663474096647801,0.1782760121898128,0.1610796691336526,0.261210274270788,0.3127993034392686,0.27,0.21,0.13,0.11,0.21
GM0736,0.1831071389164736,0.16468056934789804,0.10178748758689177,0.1553569458236787,0.3950678583250579,0.27,0.21,0.09,0.11,0.21
GM0737,0.11075511541542273,0.136386805504988,0.15779509211388626,0.3991116289230321,0.19595135804267091,0.27,0.13,0.13,0.11,0.21
GM0738,0.12301041461976812,0.12870898015327176,0.18844566712517194,0.3869129494989193,0.17292198860286892,0.32,0.21,0.13,0.11,0.21
GM0743,0.12829966081698865,0.16457749594455096,0.13891756378115322,0.28712579265595045,0.28107948680135675,0.27,0.21,0.13,0.11,0.21
GM0744,0.11539823008849558,0.1270796460176991,0.13946902654867258,0.4134513274336283,0.2046017699115044,0.17,0.21,0.13,0.11,0.21
GM0748,0.2799733865602129,0.15362608117099136,0.06526946107784433,0.10469061876247504,0.3964404524284764,0.17,0.21,0.13,0.17,0.21
GM0753,0.19340730541832024,0.17567020328824814,0.08666072730217866,0.13493156232283146,0.4093302016684215,0.27,0.21,0.13,0.17,0.21
GM0755,0.12450787401574805,0.0922736220472441,0.2428641732283465,0.40600393700787396,0.1343503937007874,0.27,0.21,0.13,0.11,0.29
GM0756,0.15348837209302327,0.1160342717258262,0.19975520195838434,0.3329253365973072,0.19779681762545898,0.27,0.21,0.13,0.11,0.21
GM0757,0.26403138201569104,0.16241701870850936,0.10681955340977672,0.15283645141822572,0.31389559444779724,0.27,0.21,0.13,0.11,0.21
GM0758,0.3812883914940677,0.1292358364687639,0.05078796475495558,0.07556287489932563,0.3631249323828872,0.17,0.13,0.09,0.11,0.21
GM0762,0.13080044264109186,0.16259682773884174,0.14953891552932494,0.2896348210992254,0.2674289929915161,0.27,0.21,0.13,0.11,0.21
GM0765,0.11345784604643044,0.15046255891080468,0.1778669924943271,0.3609705009600279,0.19724210158840985,0.17,0.13,0.13,0.11,0.13
GM0766,0.14763281532345499,0.17356342609324174,0.1312793639320564,0.17726779906035414,0.3702565955908927,0.17,0.21,0.09,0.11,0.21
GM0770,0.1506338553318419,0.14292816306239126,0.1767337807606264,0.337061894108874,0.19264230673626648,0.17,0.21,0.13,0.11,0.21
GM0772,0.3745880462666265,0.1371566291457837,0.02421055514474297,0.038662029049014515,0.4253827403938323,0.17,0.21,0.13,0.17,0.21
GM0777,0.1787086446104589,0.17849519743863393,0.05752401280683031,0.13628601921024547,0.44898612593383136,0.27,0.21,0.13,0.17,0.21
GM0779,0.1887420663822703,0.19987514306523774,0.1055041098741026,0.11622099677452917,0.3896576839038602,0.27,0.21,0.13,0.11,0.21
GM0784,0.1411459730043801,0.19299186555823725,0.12443014212925715,0.1829802449271476,0.3584517743809779,0.27,0.21,0.09,0.11,0.21
GM0785,0.15726243229935993,0.19192516001969476,0.1257508616445101,0.14741506646971936,0.3776464795667159,0.27,0.21,0.09,0.11,0.21
GM0786,0.17805688954562246,0.1834133727373476,0.11913557443664573,0.17399335057258958,0.3454008127077946,0.17,0.21,0.13,0.11,0.21
GM0788,0.13751507840772015,0.10115457521971394,0.2727899362398759,0.3622264346027917,0.12631397552989831,0.27,0.21,0.09,0.11,0.21
GM0794,0.2436064914836959,0.17173290458724816,0.061749485002260976,0.07775209767371752,0.44515902125307744,0.17,0.21,0.13,0.17,0.21
GM0796,0.3860821702378612,0.1288859557976916,0.05320284197815159,0.0795304557836502,0.3522985762026454,0.17,0.21,0.13,0.17,0.21
GM0797,0.14537896782552365,0.1778233642841719,0.11741524508745413,0.19164327359101707,0.3677391492118333,0.27,0.21,0.13,0.11,0.21
GM0798,0.10828320222119388,0.14298935677926886,0.1948172142526608,0.341817060003085,0.21209316674379144,0.27,0.21,0.13,0.11,0.21
GM0809,0.17365328109696376,0.18099902056807046,0.1406464250734574,0.17776689520078354,0.3269343780607248,0.27,0.21,0.09,0.11,0.21
GM0815,0.08668730650154799,0.11432994250331713,0.23839009287925694,0.387218045112782,0.17337461300309598,0.27,0.21,0.13,0.11,0.21
GM0820,0.13166206079747336,0.17943150414528228,0.09603237268061587,0.20795499407816814,0.3849190682984603,0.27,0.21,0.13,0.17,0.21
GM0823,0.142263759086189,0.14524922118380065,0.13278816199376947,0.35358255451713394,0.2261163032191069,0.27,0.21,0.13,0.11,0.21
GM0824,0.1831405538030144,0.1630739572379951,0.15212057483350858,0.206186470382054,0.295478443743428,0.27,0.21,0.09,0.11,0.21
GM0826,0.2585495998059665,0.16751556310130164,0.08145363408521303,0.10077613388309484,0.391705069124424,0.17,0.21,0.13,0.17,0.21
GM0828,0.2123121299529376,0.15593846465259856,0.1170993370780831,0.1882242801477658,0.3264257881686149,0.17,0.21,0.13,0.11,0.21
GM0840,0.07584475363531751,0.11643477351187365,0.2487707919238414,0.4121770059629669,0.14677267496600066,0.27,0.21,0.13,0.11,0.21
GM0845,0.11767655662348515,0.15336397826995404,0.20234015879648976,0.2796489761805265,0.2469703301295445,0.27,0.21,0.09,0.11,0.21
GM0847,0.12470054217627033,0.14285714285714285,0.15937460597654773,0.31484049930651875,0.2582272096835204,0.27,0.21,0.13,0.11,0.21
GM0848,0.1177136389360498,0.18520090548953028,0.12026032823995472,0.17091114883984154,0.4059139784946236,0.32,0.21,0.09,0.11,0.21
GM0851,0.1281706379707917,0.1755380476556495,0.1470023059185242,0.2482705611068409,0.3010184473481937,0.27,0.21,0.13,0.11,0.21
GM0852,0.14925373134328354,0.1984521835268104,0.10074626865671643,0.15105030403537867,0.40049751243781095,0.17,0.13,0.13,0.11,0.13
GM0855,0.3508822293078524,0.1307913919845802,0.04541866163609707,0.042014825143278964,0.43089289192819136,0.17,0.21,0.13,0.17,0.21
GM0856,0.2390209563004278,0.1520008664103536,0.0933015649537012,0.15422104294146316,0.3614555693940543,0.17,0.21,0.13,0.11,0.21
GM0858,0.23238710564299955,0.17554471097669944,0.13107430063921918,0.12440717575091073,0.3365867069901711,0.17,0.21,0.09,0.11,0.21
GM0861,0.19936416777766386,0.15829145728643215,0.1141421392677674,0.15229207260793765,0.3759101630601989,0.27,0.21,0.13,0.17,0.21
GM0865,0.22920144074497056,0.1866818940525345,0.10445401036633577,0.13116050250373365,0.34850215233242554,0.27,0.13,0.09,0.11,0.21
GM0866,0.15411094929167218,0.18112008473454252,0.14709386998543625,0.17542698265589832,0.3422481133324507,0.17,0.21,0.09,0.11,0.21
GM0867,0.22948837209302325,0.16288372093023254,0.11353488372093025,0.16399999999999998,0.330093023255814,0.17,0.21,0.09,0.11,0.21
GM0870,0.1071791555021713,0.19440081308324866,0.1609535249006745,0.23708768363669966,0.300378822877206,0.27,0.21,0.09,0.11,0.21
GM0873,0.10359365589239107,0.15569162818711102,0.1391286890182694,0.3247339891588035,0.27685203774342504,0.27,0.21,0.09,0.11,0.21
GM0874,0.11083621969322116,0.17054263565891473,0.16064654461487712,0.2958931222167244,0.26208147781626256,0.27,0.21,0.13,0.11,0.21
GM0879,0.11694536159335392,0.11694536159335392,0.1815954840771115,0.4074981361167324,0.1770156566194483,0.27,0.21,0.09,0.11,0.21
GM0880,0.2339517078916372,0.15709658421672554,0.1067432273262662,0.15783274440518258,0.3443757361601885,0.17,0.21,0.13,0.11,0.21
GM0881,0.09140818007136976,0.17869887455393907,0.2470491353280264,0.22920669777655775,0.25363711227010705,0.17,0.13,0.09,0.11,0.13
GM0882,0.22501509247571486,0.18637835464573846,0.15701662916415127,0.11086109434169364,0.3207288293727018,0.17,0.13,0.09,0.11,0.21
GM0888,0.2262321572852141,0.1399138163210342,0.2273094532722865,0.18112038782655532,0.2254241852949098,0.08,0.13,0.09,0.11,0.13
GM0889,0.12829554995801848,0.1554995801847187,0.20638119227539886,0.2225020990764064,0.2873215785054576,0.27,0.21,0.09,0.11,0.21
GM0893,0.06365720331511197,0.10897548933168752,0.2997707635337683,0.3755951331334861,0.15200141068594605,0.17,0.21,0.13,0.11,0.21
GM0899,0.3018399834608228,0.17248983529736062,0.14430432086003722,0.08193784025911377,0.2994280201226656,0.17,0.13,0.09,0.11,0.13
GM0907,0.11348862405200433,0.14558504875406286,0.1920368364030336,0.28196099674972913,0.2669284940411701,0.27,0.21,0.13,0.11,0.21
GM0917,0.3587502446024395,0.15763268323440524,0.07979475137520928,0.04857260887526363,0.35524971191268234,0.17,0.13,0.09,0.11,0.13
GM0928,0.3843391636742731,0.151743310552531,0.08772539480288814,0.054789760222402416,0.3214023707479053,0.08,0.13,0.09,0.11,0.21
GM0935,0.47011410536538,0.12109735372663268,0.04853928947155458,0.026349437565752202,0.3338998138706806,0.17,0.13,0.09,0.11,0.13
GM0938,0.15798045602605862,0.14692880409492787,0.2099813866914844,0.2352256863657515,0.2498836668217776,0.17,0.13,0.09,0.11,0.13
GM0944,0.12666297117516628,0.12444567627494454,0.17267184035476718,0.3131929046563193,0.26302660753880264,0.27,0.21,0.09,0.11,0.21
GM0946,0.11492210986608364,0.13883574747198688,0.17614102213719596,0.3645804864717136,0.20552063405302,0.27,0.21,0.13,0.11,0.21
GM0951,0.16472282217422607,0.1375089992800576,0.25169186465082793,0.2416126709863211,0.2044636429085673,0.17,0.13,0.09,0.11,0.13
GM0957,0.3135777050626861,0.1438288172359278,0.09882716276333688,0.11959998529357695,0.32416632964447223,0.17,0.21,0.09,0.11,0.21
GM0962,0.1392959407107967,0.1505811015664477,0.2361462017854135,0.2418729998315648,0.2321037561057773,0.17,0.13,0.09,0.11,0.13
GM0965,0.20831728917982287,0.14613015017327685,0.18713900654601465,0.19195225259915288,0.26646130150173275,0.08,0.13,0.09,0.11,0.13
GM0971,0.1616213442791175,0.15614845219770826,0.24072173764323584,0.20985120574653668,0.2316572601334017,0.17,0.13,0.09,0.11,0.13
GM0981,0.4540992546809671,0.10979821850572624,0.10779858207598618,0.1356117069623705,0.19269223777495,0.17,0.13,0.09,0.11,0.13
GM0983,0.3024940693723152,0.1577440106003291,0.08463165993460281,0.1029898912183967,0.3521403688743562,0.17,0.21,0.09,0.11,0.21
GM0984,0.17524235645041014,0.14855651432832642,0.12698412698412698,0.2349525940129967,0.31426440822413976,0.17,0.21,0.13,0.11,0.21
GM0986,0.10845460845460846,0.17515592515592515,0.2380457380457381,0.22886347886347885,0.2494802494802495,0.17,0.21,0.13,0.11,0.21
GM0988,0.2514697431817177,0.1522786544666932,0.12531494496751094,0.19480175043097733,0.27613490695310083,0.17,0.21,0.09,0.11,0.21
GM0994,0.324981667074065,0.1156196528966023,0.1789293571253972,0.19274016132974825,0.18772916157418726,0.17,0.13,0.09,0.11,0.13
GM0995,0.16782683031080173,0.18205410026256336,0.03947609452280638,0.10316297246137876,0.5074800024424497,0.27,0.21,0.29,0.24,0.21
GM1507,0.10559253570006258,0.14627069465779144,0.17437560448313136,0.33942083404449,0.23434033111452465,0.17,0.21,0.13,0.11,0.21
GM1509,0.14540179866550626,0.16164780968958514,0.19599651871192345,0.26214099216710185,0.23481288076588336,0.17,0.21,0.09,0.11,0.21
GM1525,0.2457293882550119,0.18378134467865664,0.06787855347128215,0.0752916908399407,0.42731902275510864,0.17,0.21,0.13,0.17,0.21
GM1581,0.2360018509949097,0.12795002313743634,0.23100416473854696,0.18324849606663585,0.22179546506247108,0.17,0.21,0.09,0.11,0.21
GM1586,0.15124679561873688,0.15963644838033092,0.1765711178435485,0.25339858618814576,0.25914705196923793,0.17,0.21,0.13,0.11,0.21
GM1598,0.15798536375376668,0.1452862677572105,0.12268618166164445,0.3195221696082652,0.2545200172191132,0.27,0.21,0.13,0.11,0.21
GM1621,0.16895365138705978,0.18467224605973065,0.06691023407961255,0.10425251709928204,0.475211351374315,0.32,0.21,0.18,0.17,0.21
GM1640,0.11052464228934818,0.12585055643879173,0.19294117647058825,0.3792050874403816,0.1914785373608903,0.17,0.21,0.09,0.11,0.21
GM1641,0.11095505617977527,0.1457865168539326,0.2199438202247191,0.3031835205992509,0.2201310861423221,0.17,0.13,0.09,0.11,0.13
GM1651,0.11484710114847099,0.118998201189982,0.1612010516120105,0.479728794797288,0.12522485125224853,0.17,0.13,0.13,0.11,0.21
GM1652,0.12956836798991808,0.16138941398865786,0.19588846880907373,0.3000945179584121,0.21305923125393825,0.17,0.21,0.13,0.17,0.21
GM1655,0.1223148077364116,0.16634813852151975,0.12965369620059627,0.2872104579160615,0.2944728996254109,0.27,0.21,0.09,0.11,0.21
GM1658,0.08913525498891353,0.149150036954915,0.1770879526977088,0.3388026607538803,0.2458240946045824,0.27,0.21,0.13,0.11,0.21
GM1659,0.1082030003191829,0.16682625811256516,0.20736248537078414,0.26204915416533675,0.25555910203213106,0.27,0.21,0.13,0.11,0.21
GM1663,0.05258995650454725,0.11427441676551996,0.1884143930407276,0.5268880980624753,0.11783313562672995,0.17,0.13,0.13,0.11,0.21
GM1667,0.0945292147376256,0.106810569408262,0.2478600669892073,0.3982136211388165,0.15258652772608858,0.27,0.21,0.13,0.11,0.21
GM1669,0.08177298212207765,0.1321273669734476,0.2744102401354068,0.3377763672908072,0.17391304347826084,0.27,0.13,0.09,0.11,0.21
GM1674,0.23656801365964714,0.15796812749003986,0.08656801365964713,0.1527319294251565,0.3661639157655094,0.17,0.21,0.09,0.11,0.21
GM1676,0.0907133887460384,0.16133468875201815,0.107994976977815,0.36153800155474497,0.2784189439693835,0.27,0.21,0.13,0.11,0.21
GM1680,0.08301509365339152,0.08374249863611566,0.23331514820876526,0.4970903800691035,0.10283687943262412,0.17,0.21,0.13,0.11,0.21
GM1681,0.06701742280489907,0.06865620148352597,0.2166637916163533,0.5572710022425392,0.09039158185268242,0.17,0.21,0.13,0.11,0.21
GM1684,0.19803975451131264,0.16460566089585052,0.11990473573326005,0.20261976733534853,0.31483008152422826,0.27,0.21,0.13,0.11,0.21
GM1685,0.11239993465120078,0.13396503839241955,0.18836791373958506,0.3721614115340631,0.1931057016827316,0.27,0.21,0.13,0.11,0.21
GM1690,0.12419721371405988,0.10048414188321313,0.18268945756348187,0.492836676217765,0.09979251062148008,0.17,0.21,0.13,0.11,0.21
GM1695,0.08159090909090909,0.1475,0.14,0.3684090909090909,0.2625,0.27,0.13,0.09,0.11,0.13
GM1696,0.15236031282389526,0.19466691793083954,0.11730896070856495,0.19381890134740407,0.34184490718929617,0.17,0.13,0.13,0.11,0.21
GM1699,0.11874829188302816,0.13425799398742827,0.19158239956272205,0.3656053566548237,0.1898059579119978,0.17,0.21,0.13,0.11,0.21
GM1700,0.13563673708920188,0.137837441314554,0.2041519953051643,0.3230633802816901,0.19931044600938969,0.17,0.21,0.13,0.11,0.21
GM1701,0.08497123681687441,0.08964525407478427,0.2197986577181208,0.5056327900287632,0.09995206136145733,0.17,0.21,0.13,0.11,0.21
GM1702,0.08767180341524365,0.06289046230737193,0.2434402332361516,0.5291545189504373,0.0768429820907955,0.17,0.21,0.13,0.11,0.21
GM1705,0.1654544529779767,0.17964498245257107,0.11800010172422562,0.1985656884186969,0.3383347744265297,0.27,0.21,0.13,0.11,0.21
GM1706,0.07977464788732394,0.1551549295774648,0.19785915492957745,0.33216901408450705,0.2350422535211268,0.27,0.21,0.09,0.11,0.21
GM1708,0.14539255991176175,0.15201042815602125,0.1587787024967412,0.3058257294695678,0.23799257996590795,0.17,0.21,0.13,0.11,0.21
GM1709,0.12294229239336638,0.18866654427513616,0.11823021846888195,0.22054953797197235,0.3496114068906432,0.27,0.21,0.13,0.11,0.21
GM1711,0.14159658072521716,0.15531504205156488,0.1795808630911347,0.2760926513166965,0.24741486281538674,0.17,0.13,0.09,0.11,0.21
GM1714,0.11687939194034133,0.1576796213968163,0.11264878818299155,0.3170801663559444,0.2957120321239065,0.27,0.13,0.13,0.11,0.13
GM1719,0.12519227482481626,0.16219449666723634,0.16390360622115874,0.2669629123226799,0.2817467099641087,0.27,0.21,0.13,0.11,0.21
GM1721,0.10109711499390492,0.1356359203575782,0.1910605444941081,0.34360016253555464,0.2286062576188541,0.27,0.21,0.13,0.11,0.21
GM1722,0.043973509933774836,0.14357615894039735,0.22251655629139072,0.4447682119205298,0.14516556291390728,0.27,0.13,0.13,0.11,0.13
GM1723,0.09277620396600568,0.10434372049102927,0.20066100094428707,0.4660056657223796,0.1362134088762984,0.27,0.21,0.13,0.11,0.21
GM1724,0.1194298189289842,0.12418132785411586,0.18119943495569535,0.40657506099910107,0.1686143572621035,0.17,0.21,0.13,0.11,0.21
GM1728,0.14056460114794425,0.13154503924095115,0.21939791495841632,0.30572800749677875,0.2027644371559096,0.27,0.21,0.13,0.11,0.21
GM1729,0.18899380348185305,0.1364709353791679,0.2105340808498082,0.2611389790498672,0.2028622012393036,0.17,0.13,0.09,0.11,0.13
GM1730,0.09828547237705497,0.13116489098991038,0.2307909405207084,0.3626613984336414,0.17709729767868482,0.17,0.21,0.13,0.11,0.21
GM1731,0.10609559801245713,0.10889495416054308,0.2378752886836028,0.4074462873539086,0.1396878717894884,0.27,0.21,0.18,0.11,0.21
GM1734,0.11878026166683835,0.1872875244668796,0.15906047182445654,0.2002678479447821,0.3346038940970434,0.27,0.21,0.13,0.17,0.21
GM1735,0.12762702846501728,0.1388002128225592,0.20750199521149246,0.328145783453046,0.19792498004788509,0.17,0.21,0.13,0.11,0.21
GM1740,0.07170249854735619,0.18907611853573505,0.1558396281231842,0.27809413131900057,0.305287623474724,0.27,0.21,0.13,0.11,0.21
GM1742,0.2002873956480088,0.14267141097577665,0.18126454085123853,0.24729711235801285,0.2284795401669632,0.17,0.21,0.13,0.11,0.21
GM1771,0.2016207828036094,0.1729984481866774,0.08092419104546238,0.12477728605092245,0.4196792919133284,0.17,0.21,0.13,0.11,0.21
GM1773,0.13550420168067226,0.15441176470588236,0.1885504201680672,0.3163077731092437,0.20522584033613445,0.17,0.21,0.13,0.11,0.21
GM1774,0.12911909403137473,0.09978650329527522,0.22138680033416874,0.4294996751137102,0.12020792722547108,0.17,0.21,0.13,0.17,0.21
GM1783,0.23560233488072804,0.16803787286850208,0.0455485590844326,0.12561474467987313,0.4251964884864641,0.17,0.21,0.13,0.11,0.21
GM1842,0.2192410885396704,0.18576721604701674,0.057748818193432985,0.1361952216685831,0.4010476555512968,0.27,0.21,0.13,0.11,0.21
GM1859,0.18075712980818026,0.1459453973409114,0.1844108393382726,0.29280422206434586,0.19608241144828986,0.17,0.21,0.13,0.11,0.21
GM1876,0.13991053677932405,0.11412773359840955,0.23098906560636184,0.3519507952286282,0.16302186878727634,0.17,0.21,0.13,0.11,0.21
GM1883,0.3070852559403165,0.15936435378843414,0.1448316011902195,0.10798223295528052,0.2807365561257493,0.17,0.13,0.09,0.11,0.21
GM1884,0.1681000088660342,0.17155776221296215,0.11206667257735617,0.18175370156928805,0.36652185477435945,0.17,0.21,0.13,0.11,0.21
GM1891,0.08719278745214278,0.11498085710757072,0.1470915153760652,0.5092009386192416,0.14153390144497965,0.27,0.21,0.13,0.11,0.21
GM1892,0.20968303726924414,0.1826309067688378,0.06612097991408336,0.12121212121212123,0.42035295483571344,0.17,0.21,0.13,0.17,0.21
GM1894,0.12751640836137004,0.12928134134907066,0.20208482709172132,0.32921515636203186,0.21190226683580607,0.17,0.21,0.13,0.11,0.21
GM1895,0.17725217774837354,0.11081706913661923,0.1913661925239828,0.3462344249641636,0.17433013562686073,0.17,0.13,0.13,0.11,0.13
GM1896,0.1157137966449846,0.1998174141275819,0.16193084560082166,0.16558256304918406,0.3569553805774278,0.27,0.21,0.18,0.17,0.21
GM1900,0.17037810534495734,0.14837659972315986,0.16034872143568324,0.2603025814128561,0.26059399208334344,0.17,0.13,0.13,0.17,0.21
GM1901,0.19499368952461085,0.18146122563455336,0.08491095218061982,0.16407236011779555,0.3745617725424204,0.17,0.21,0.09,0.11,0.21
GM1903,0.1405830799499195,0.1503308889286353,0.1993382221427294,0.2434269361473797,0.2663208728313361,0.17,0.21,0.09,0.11,0.21
GM1904,0.242743312464428,0.16594336937962434,0.05848036425725669,0.1141505406943654,0.4186824132043255,0.17,0.21,0.09,0.11,0.21
GM1911,0.09523117185228264,0.14287098962876804,0.15503537850150234,0.3134632160511777,0.2933992439662693,0.27,0.21,0.13,0.11,0.21
GM1916,0.6052234920112911,0.08898572172435529,0.027076653237962125,0.02644632629011483,0.2522678067362767,0.08,0.13,0.09,0.11,0.13
GM1924,0.12816782429134596,0.17584944621738313,0.14060446780551905,0.2275201802140041,0.3278580814717477,0.27,0.21,0.13,0.11,0.21
GM1926,0.2535312770250793,0.16455270491015664,0.054963005669261066,0.08724896704141444,0.4397040453540886,0.27,0.21,0.18,0.17,0.21
GM1927,0.10383001517721632,0.18623337202035534,0.1237389518792965,0.21471297205606646,0.3714846888670654,0.27,0.21,0.09,0.11,0.21
GM1930,0.32124312374685104,0.16060870906380134,0.02778777440748548,0.045164773019382036,0.4451956197624801,0.17,0.21,0.13,0.17,0.21
GM1931,0.1915725087078413,0.16978166680825754,0.07764845807492991,0.1812505309659332,0.37974683544303794,0.17,0.21,0.09,0.11,0.21
GM1940,0.08589965397923875,0.1384515570934256,0.22564878892733564,0.367257785467128,0.182742214532872,0.27,0.21,0.18,0.17,0.21
GM1942,0.30383670383670386,0.17096957096957094,0.12897372897372894,0.053222453222453225,0.3429975429975431,0.17,0.13,0.09,0.11,0.13
GM1945,0.18636627719320895,0.17539216319153056,0.16570912142534375,0.2160609386095152,0.2564714995804015,0.17,0.21,0.13,0.11,0.21
GM1948,0.1566885079137121,0.16422822607186668,0.13523621458277235,0.2193698949824971,0.32447715644915176,0.27,0.21,0.13,0.17,0.21
GM1949,0.0974007289468636,0.12464032227124495,0.2859198158450029,0.3250527527335507,0.1669863802033378,0.17,0.13,0.13,0.11,0.21
GM1950,0.14323247732858718,0.06966692092550215,0.15764047800661074,0.5380964488515976,0.09136367488770236,0.17,0.13,0.13,0.11,0.21
GM1952,0.20078231536639632,0.10780162204837436,0.1801837364530252,0.3231895499892342,0.18804277614296994,0.17,0.21,0.13,0.11,0.21
GM1955,0.16935796408732726,0.1700684666063816,0.15876501743960728,0.27296214959307585,0.2288464022736081,0.17,0.21,0.13,0.11,0.21
BU00170109,0.0,0.0,0.0,1.0,0.0,0.32,0.35,0.4,0.11,0.37
BU00170108,0.0,0.0,0.14285714285714285,0.8571428571428571,0.0,0.32,0.35,0.04,0.11,0.37
BU00170107,0.06106870229007633,0.015267175572519085,0.15267175572519084,0.7633587786259542,0.0076335877862595426,0.08,0.13,0.09,0.11,0.05
BU00170106,0.043478260869565216,0.0,0.2826086956521739,0.6739130434782609,0.0,0.05,0.35,0.04,0.11,0.37
BU00170103,0.0,0.0,0.4705882352941176,0.5294117647058824,0.0,0.32,0.35,0.04,0.11,0.37
BU00170102,0.4791666666666667,0.0,0.10416666666666667,0.4166666666666667,0.0,0.08,0.35,0.04,0.11,0.37
BU00170101,0.1058201058201058,0.1058201058201058,0.2328042328042328,0.4497354497354497,0.1058201058201058,0.27,0.29,0.13,0.11,0.29
BU00170100,0.023529411764705882,0.047058823529411764,0.3764705882352941,0.5176470588235295,0.035294117647058816,0.05,0.13,0.13,0.11,0.13
BU00170005,0.32779456193353473,0.09063444108761327,0.2930513595166163,0.14350453172205438,0.14501510574018128,0.27,0.35,0.18,0.11,0.37
BU00170004,0.010940919037199123,0.08315098468271334,0.24070021881838075,0.4901531728665208,0.175054704595186,0.08,0.21,0.09,0.11,0.21
BU00170003,0.10344827586206896,0.06206896551724138,0.2896551724137931,0.4206896551724138,0.12413793103448276,0.17,0.13,0.09,0.07,0.21
BU00170002,0.04615384615384616,0.0,0.12307692307692307,0.8307692307692308,0.0,0.32,0.35,0.04,0.07,0.37
BU00170001,0.11640696608615947,0.21860678276810264,0.2227314390467461,0.0692025664527956,0.37305224564619616,0.27,0.21,0.13,0.17,0.21
BU00170000,0.321191343475466,0.0981358474394686,0.25883865438182985,0.1544889650739233,0.1673451896293122,0.17,0.13,0.09,0.07,0.13
BU00141402,0.0,0.0,0.0,1.0,0.0,0.32,0.35,0.4,0.07,0.37
BU00141401,0.027777777777777776,0.0,0.027777777777777776,0.9444444444444444,0.0,0.05,0.35,0.04,0.07,0.37
BU00141400,0.0,0.2259414225941423,0.200836820083682,0.3054393305439331,0.26778242677824265,0.32,0.35,0.4,0.37,0.37
BU00141302,0.0,0.0,0.26666666666666666,0.7333333333333333,0.0,0.32,0.35,0.04,0.11,0.37
BU00141301,0.07466666666666667,0.07466666666666667,0.312,0.44533333333333336,0.09333333333333334,0.27,0.21,0.18,0.11,0.21
BU00141300,0.0975609756097561,0.0,0.0975609756097561,0.8048780487804879,0.0,0.27,0.35,0.04,0.07,0.37
BU00141211,0.0,0.1364522417153996,0.24171539961013644,0.0,0.621832358674464,0.32,0.29,0.29,0.37,0.29
BU00141210,0.08490566037735849,0.10377358490566037,0.330188679245283,0.3113207547169811,0.16981132075471694,0.32,0.21,0.09,0.11,0.21
BU00141209,0.04651162790697674,0.13953488372093026,0.16279069767441862,0.5348837209302325,0.11627906976744184,0.17,0.21,0.09,0.11,0.21
BU00141208,0.0,0.1918158567774936,0.040920716112531966,0.12020460358056265,0.6470588235294118,0.32,0.29,0.29,0.37,0.29
BU00141207,0.0,0.0,0.0,1.0,0.0,0.32,0.35,0.4,0.37,0.37
BU00141206,0.0,0.13953488372093026,0.372093023255814,0.4186046511627907,0.06976744186046513,0.32,0.29,0.29,0.37,0.29
BU00141205,0.0,0.0,0.0,1.0,0.0,0.32,0.35,0.4,0.37,0.37
BU00141204,0.04767580452920143,0.2121573301549464,0.07270560190703218,0.07628128724672227,0.5911799761620977,0.27,0.21,0.13,0.11,0.21
BU00141203,0.26282051282051283,0.17032967032967036,0.09432234432234432,0.12362637362637365,0.3489010989010989,0.27,0.21,0.09,0.07,0.21
BU00141202,0.30440097799510996,0.17603911980440098,0.0,0.0,0.5195599022004891,0.17,0.21,0.4,0.37,0.21
BU00141201,0.30968967701076633,0.19062697910069665,0.017732742241925267,0.0012666244458518052,0.48068397720076,0.17,0.21,0.4,0.37,0.21
BU00141200,0.4704583103257868,0.13694091662065158,0.0,0.0,0.3926007730535616,0.17,0.21,0.4,0.37,0.21
BU00141107,0.0,0.0,0.0,1.0,0.0,0.32,0.35,0.4,0.07,0.37
BU00141106,0.0,0.0,0.0,1.0,0.0,0.32,0.35,0.4,0.11,0.37
BU00141105,0.1875,0.0,0.125,0.6875,0.0,0.27,0.35,0.4,0.37,0.37
BU00141104,0.12295081967213115,0.13934426229508196,0.2377049180327869,0.319672131147541,0.18032786885245905,0.08,0.13,0.04,0.07,0.13
BU00141103,0.0,0.2983050847457627,0.08135593220338982,0.12542372881355932,0.4949152542372882,0.32,0.29,0.29,0.37,0.29
BU00141102,0.01492537313432836,0.1880597014925373,0.12139303482587065,0.11243781094527364,0.56318407960199,0.32,0.21,0.18,0.17,0.21
BU00141101,0.4497901194704553,0.14788505004843394,0.013561511139812722,0.0009686793671294801,0.3877946399741686,0.17,0.21,0.18,0.11,0.21
BU00141100,0.2884033613445378,0.2107563025210084,0.023529411764705882,0.01008403361344538,0.4672268907563025,0.17,0.21,0.18,0.17,0.21
BU00141005,0.8542141230068337,0.013667425968109341,0.004555808656036446,0.002277904328018223,0.1252847380410023,0.08,0.21,0.18,0.07,0.21
BU00141004,0.0,0.0,0.0,1.0,0.0,0.32,0.35,0.4,0.07,0.37
BU00141003,0.0,0.5,0.25,0.0,0.25,0.32,0.21,0.13,0.37,0.21
BU00141002,0.7059375,0.06375,0.0153125,0.0034375,0.2115625,0.17,0.13,0.13,0.07,0.13
BU00141001,0.6874476987447699,0.0598326359832636,0.012552301255230124,0.0020920502092050207,0.23807531380753136,0.27,0.21,0.4,0.37,0.29
BU00141000,0.7029855340104647,0.06771314250538628,0.0,0.0006155740227762388,0.22868574946137274,0.08,0.13,0.4,0.17,0.13
BU00140907,0.5,0.0,0.0,0.5,0.0,0.05,0.35,0.4,0.11,0.37
BU00140906,0.14243614931237722,0.11787819253438114,0.15225933202357564,0.11394891944990175,0.4734774066797642,0.32,0.29,0.29,0.24,0.29
BU00140905,0.0,0.0,0.29411764705882354,0.7058823529411765,0.0,0.32,0.35,0.04,0.07,0.37
BU00140904,0.1777301927194861,0.1006423982869379,0.21627408993576014,0.16059957173447534,0.3447537473233405,0.32,0.35,0.4,0.37,0.37
BU00140903,0.16666666666666666,0.05555555555555555,0.3888888888888889,0.3888888888888889,0.0,0.08,0.05,0.04,0.07,0.37
BU00140902,0.04651162790697674,0.13953488372093026,0.4883720930232558,0.20930232558139536,0.11627906976744184,0.27,0.05,0.04,0.11,0.05
BU00140901,0.5547915771379458,0.1087236785560808,0.005156854318865492,0.004727116458960034,0.3266007735281478,0.17,0.21,0.18,0.11,0.21
BU00140900,0.5792927451695224,0.0922347794385709,0.01786365293474298,0.0,0.3106088224571637,0.17,0.13,0.18,0.37,0.13
BU00140812,0.0,0.456140350877193,0.14035087719298245,0.0,0.4035087719298245,0.32,0.35,0.4,0.37,0.37
BU00140811,0.0,0.0,0.0,1.0,0.0,0.32,0.35,0.4,0.17,0.37
BU00140810,0.0,0.1386861313868613,0.145985401459854,0.2299270072992701,0.4854014598540146,0.32,0.29,0.29,0.37,0.29
BU00140809,0.040816326530612235,0.051020408163265314,0.5918367346938775,0.2551020408163265,0.061224489795918366,0.05,0.05,0.04,0.07,0.05
BU00140808,0.18181818181818185,0.18181818181818185,0.0,0.5454545454545454,0.09090909090909093,0.27,0.13,0.4,0.11,0.13
BU00140807,0.0,0.0,0.0,1.0,0.0,0.32,0.35,0.4,0.37,0.37
BU00140806,0.002844950213371266,0.1251778093883357,0.4295874822190612,0.1166429587482219,0.32574679943101,0.27,0.29,0.29,0.24,0.37
BU00140805,0.35714285714285715,0.0,0.0,0.6428571428571429,0.0,0.27,0.35,0.4,0.11,0.37
BU00140804,0.0,0.0,0.1176470588235294,0.8823529411764706,0.0,0.32,0.35,0.04,0.11,0.37
BU00140803,0.0847457627118644,0.06779661016949153,0.3389830508474576,0.4745762711864407,0.03389830508474576,0.05,0.05,0.13,0.07,0.05
BU00140802,0.0,0.0,0.0,1.0,0.0,0.32,0.35,0.4,0.07,0.37
BU00140801,0.17124129455141335,0.20360507988529286,0.07947562474395739,0.03768947152806227,0.5079885292912739,0.27,0.21,0.18,0.11,0.21
BU00140800,0.16357308584686775,0.16009280742459395,0.24129930394431556,0.20417633410672853,0.2308584686774942,0.17,0.21,0.13,0.07,0.21
BU00140705,0.0,0.0,0.0,1.0,0.0,0.32,0.35,0.4,0.07,0.37
BU00140704,0.0988235294117647,0.028235294117647063,0.36705882352941177,0.37176470588235294,0.13411764705882356,0.27,0.29,0.29,0.24,0.29
BU00140703,0.0,0.0,0.0,1.0,0.0,0.32,0.35,0.4,0.24,0.37
BU00140702,0.11447811447811447,0.08754208754208755,0.13468013468013468,0.4983164983164983,0.16498316498316498,0.27,0.21,0.13,0.17,0.21
BU00140701,0.6898529939046253,0.06310505557547508,0.016851918250268914,0.021154535675869487,0.2090354965937612,0.17,0.21,0.18,0.17,0.21
BU00140700,0.8229893499816379,0.04737421961072347,0.008079324274697026,0.0,0.1215571061329416,0.17,0.21,0.4,0.37,0.29
BU00140606,0.3256464011180992,0.15024458420684836,0.0726764500349406,0.06079664570230608,0.39063591893780575,0.17,0.21,0.29,0.24,0.21
BU00140605,0.8461265103056148,0.044420753375977264,0.0028429282160625444,0.000355366027007818,0.1062544420753376,0.08,0.21,0.4,0.07,0.21
BU00140604,0.8155673648015005,0.03907471084713973,0.0087527352297593,0.0053141606752110035,0.13129102844638948,0.08,0.13,0.04,0.07,0.13
BU00140603,0.28669724770642196,0.02522935779816514,0.1146788990825688,0.5412844036697247,0.03211009174311927,0.08,0.05,0.09,0.11,0.13
BU00140602,0.21305841924398625,0.08247422680412371,0.14432989690721648,0.2714776632302405,0.28865979381443296,0.27,0.29,0.29,0.24,0.29
BU00140601,0.6321974148061105,0.09518213866039953,0.022326674500587545,0.024676850763807285,0.2256169212690952,0.08,0.13,0.09,0.11,0.13
BU00140600,0.0,0.13114754098360654,0.09836065573770493,0.4262295081967213,0.3442622950819672,0.32,0.21,0.29,0.17,0.21
BU00140511,0.0,0.0,0.0,1.0,0.0,0.32,0.35,0.4,0.07,0.37
BU00140510,0.0,0.0,0.0,1.0,0.0,0.32,0.35,0.4,0.07,0.37
BU00140509,0.0,0.0,0.0,1.0,0.0,0.32,0.35,0.4,0.37,0.37
BU00140508,0.0,0.0,0.5,0.5,0.0,0.32,0.35,0.13,0.17,0.37
BU00140507,0.0,0.0,0.0,1.0,0.0,0.32,0.35,0.4,0.17,0.37
BU00140506,0.0,0.0,0.09090909090909093,0.9090909090909092,0.0,0.32,0.35,0.29,0.11,0.37
BU00140505,0.0,0.0,0.0,1.0,0.0,0.32,0.35,0.4,0.17,0.37
BU00140504,0.0,0.0,0.0,1.0,0.0,0.32,0.35,0.4,0.37,0.37
BU00140503,0.7851662404092071,0.056265984654731455,0.0,0.0025575447570332483,0.15601023017902813,0.32,0.35,0.4,0.07,0.37
BU00140502,0.25,0.0,0.25,0.25,0.25,0.08,0.35,0.09,0.17,0.37
BU00140501,1.0,0.0,0.0,0.0,0.0,0.32,0.35,0.4,0.37,0.37
BU00140500,0.6819407008086253,0.016172506738544475,0.14555256064690028,0.10512129380053907,0.05121293800539083,0.32,0.29,0.4,0.37,0.29
BU00140404,0.8724373576309795,0.027334851936218683,0.004555808656036446,0.011389521640091115,0.08428246013667426,0.17,0.21,0.04,0.17,0.21
BU00140403,0.8014184397163121,0.036879432624113466,0.005673758865248227,0.0,0.15602836879432624,0.08,0.21,0.29,0.37,0.21
BU00140402,0.6011019283746556,0.06611570247933883,0.031955922865013774,0.0,0.3008264462809917,0.17,0.21,0.13,0.37,0.21
BU00140401,0.8419519300801165,0.024034959941733432,0.0014566642388929353,0.0007283321194464676,0.13182811361981064,0.17,0.35,0.04,0.07,0.37
BU00140400,0.8902706656912948,0.009509875640087784,0.000731528895391368,0.000365764447695684,0.09912216532553036,0.17,0.13,0.09,0.07,0.13
BU00140302,0.8460259394745594,0.02394413036248753,0.0009976720984369804,0.004323245759893582,0.12470901230462254,0.08,0.21,0.04,0.11,0.21
BU00140301,0.8716302952503209,0.014762516046213094,0.0019255455712451864,0.00021394950791613182,0.11146769362430467,0.17,0.29,0.18,0.07,0.21
BU00140300,0.7508503401360545,0.029761904761904764,0.008928571428571428,0.003826530612244898,0.2066326530612245,0.17,0.29,0.18,0.11,0.29
BU00140203,0.8703563305534496,0.021228203184230483,0.0030326004548900678,0.0037907505686125853,0.10159211523881727,0.17,0.13,0.09,0.17,0.13
BU00140202,0.7004016064257028,0.05100401606425703,0.0008032128514056224,0.0016064257028112448,0.2461847389558233,0.08,0.13,0.04,0.07,0.13
BU00140201,0.5990361445783132,0.039518072289156624,0.005301204819277107,0.0014457831325301205,0.3546987951807229,0.08,0.13,0.04,0.07,0.13
BU00140200,0.7777777777777778,0.02977487291212781,0.016702977487291208,0.0014524328249818446,0.17429193899782136,0.08,0.13,0.04,0.07,0.13
BU00140109,0.0,0.0,0.0,1.0,0.0,0.32,0.35,0.4,0.11,0.37
BU00140108,0.0,0.0,0.0,1.0,0.0,0.32,0.35,0.4,0.07,0.37
BU00140107,0.8603174603174604,0.047619047619047616,0.012698412698412698,0.0,0.07936507936507936,0.08,0.13,0.04,0.37,0.13
BU00140106,0.9582772543741588,0.011440107671601614,0.0006729475100942128,0.0006729475100942128,0.028936742934051143,0.08,0.05,0.04,0.11,0.13
BU00140105,0.7218309859154929,0.03345070422535211,0.007042253521126761,0.007042253521126761,0.2306338028169014,0.17,0.13,0.04,0.07,0.13
BU00140104,0.9720853858784894,0.0049261083743842365,0.0008210180623973727,0.0,0.02216748768472906,0.08,0.13,0.4,0.37,0.21
BU00140103,0.9554848966613672,0.008346581875993641,0.009141494435612085,0.0011923688394276627,0.025834658187599363,0.17,0.13,0.04,0.11,0.13
BU00140102,0.6988416988416989,0.036036036036036036,0.0064350064350064354,0.007722007722007722,0.25096525096525096,0.08,0.13,0.04,0.07,0.13
BU00140101,0.6463113307447935,0.05118249205788916,0.010589481115425344,0.006000705965407695,0.2859159901164843,0.08,0.13,0.09,0.07,0.13
BU00140100,0.5900735294117647,0.06985294117647059,0.0,0.0018382352941176468,0.3382352941176471,0.17,0.29,0.4,0.37,0.29
BU00140008,0.9315068493150684,0.0136986301369863,0.0136986301369863,0.0,0.0410958904109589,0.27,0.05,0.13,0.37,0.05
BU00140007,0.0,0.0,0.0,1.0,0.0,0.32,0.35,0.4,0.07,0.37
BU00140005,0.7457937088514996,0.0387710314557425,0.004754937820043892,0.0036576444769568397,0.20702267739575714,0.17,0.13,0.04,0.11,0.13
BU00140004,0.0,0.0,0.0,1.0,0.0,0.32,0.35,0.4,0.37,0.37
BU00140003,0.8362156663275687,0.01627670396744659,0.002034587995930824,0.003051881993896236,0.14242115971515767,0.17,0.05,0.18,0.11,0.13
BU00140002,0.8059166293142088,0.029583146571044376,0.004482294935006724,0.0031376064545047067,0.15688032272523533,0.17,0.13,0.09,0.11,0.13
BU00140001,0.8305433186490455,0.018795888399412628,0.002936857562408223,0.002936857562408223,0.1447870778267254,0.08,0.13,0.09,0.07,0.13
BU00140000,0.7877335888835649,0.01964542405366555,0.0019166267369429804,0.0019166267369429804,0.1887877335888836,0.08,0.13,0.04,0.17,0.13
BU00090109,0.0,0.0,0.05,0.95,0.0,0.32,0.35,0.09,0.07,0.37
BU00090106,0.0,0.0,0.0,1.0,0.0,0.32,0.35,0.4,0.07,0.37
BU00090104,0.0,0.0,0.0,1.0,0.0,0.32,0.35,0.4,0.07,0.37
BU00090102,0.0,0.056338028169014086,0.2887323943661972,0.6267605633802817,0.028169014084507043,0.32,0.05,0.13,0.11,0.13
BU00090101,0.0,0.047619047619047616,0.047619047619047616,0.8809523809523809,0.023809523809523808,0.32,0.05,0.04,0.07,0.05
BU00090100,0.006756756756756757,0.10810810810810813,0.21283783783783786,0.5574324324324325,0.11486486486486487,0.03,0.05,0.13,0.11,0.13
BU00090009,0.0,0.012048192771084338,0.18072289156626506,0.7951807228915663,0.012048192771084338,0.32,0.03,0.4,0.11,0.05
BU00090005,0.0,0.0,0.07692307692307693,0.9230769230769232,0.0,0.32,0.35,0.04,0.07,0.37
BU00090003,0.0,0.0,0.06896551724137931,0.9310344827586208,0.0,0.32,0.35,0.09,0.11,0.37
BU00090002,0.0,0.06145251396648045,0.15083798882681565,0.7597765363128491,0.027932960893854747,0.32,0.21,0.13,0.11,0.21
BU00090001,0.0,0.04324324324324325,0.3027027027027027,0.5621621621621622,0.0918918918918919,0.32,0.21,0.18,0.11,0.13
BU00090000,0.14873765093304062,0.19154774972557628,0.19045005488474204,0.2272228320526893,0.2420417124039517,0.27,0.21,0.18,0.11,0.21
