geo_id,country,name,total_land_area,areable_land,coast_line,buildings_roof_surface_available_for_pv,residences_roof_surface_available_for_pv,energy_production_wet_biomass_max_demand,energy_production_dry_biomass_max_demand,energy_production_oily_biomass_max_demand,input_industry_metal_steel_coal_demand,input_industry_metal_steel_cokes_demand,input_industry_metal_steel_coal_gas_demand,input_industry_metal_steel_electricity_demand,input_industry_metal_steel_network_gas_demand,input_industry_metal_steel_steam_hot_water_demand,input_industry_metal_steel_crude_oil_demand,input_industry_metal_steel_wood_pellets_demand,input_energy_cokesoven_transformation_coal_input_demand,input_energy_blastfurnace_transformation_coal_input_demand,input_energy_blastfurnace_transformation_cokes_input_demand,input_energy_power_combined_cycle_coal_gas_coal_gas_input_demand,input_energy_chp_coal_gas_coal_gas_input_demand,input_industry_metal_aluminium_production,input_industry_aluminium_electrolysis_current_electricity_share,input_industry_aluminium_smeltoven_electricity_share,input_industry_metal_aluminium_electricity_demand,input_industry_metal_aluminium_network_gas_demand,input_industry_chemical_fertilizers_coal_demand,input_industry_chemical_fertilizers_network_gas_demand,input_industry_chemical_fertilizers_crude_oil_demand,input_industry_chemical_fertilizers_wood_pellets_demand,input_industry_chemical_fertilizers_steam_hot_water_demand,input_industry_chemical_fertilizers_electricity_demand,input_industry_chemical_fertilizers_coal_non_energetic_demand,input_industry_chemical_fertilizers_network_gas_non_energetic_demand,input_industry_chemical_fertilizers_crude_oil_non_energetic_demand,input_industry_chemical_fertilizers_hydrogen_non_energetic_demand,input_industry_chemical_fertilizers_wood_pellets_non_energetic_demand,input_industry_chemical_refineries_coal_demand,input_industry_chemical_refineries_network_gas_demand,input_industry_chemical_refineries_crude_oil_demand,input_industry_chemical_refineries_wood_pellets_demand,input_industry_chemical_refineries_steam_hot_water_demand,input_industry_chemical_refineries_electricity_demand,input_industry_chemical_refineries_coal_non_energetic_demand,input_industry_chemical_refineries_network_gas_non_energetic_demand,input_industry_chemical_refineries_wood_pellets_non_energetic_demand,input_industry_refinery_transformation_crude_oil_diesel_demand,input_industry_refinery_transformation_crude_oil_gasoline_demand,input_industry_refinery_transformation_crude_oil_heavy_fuel_oil_demand,input_industry_refinery_transformation_crude_oil_kerosene_demand,input_industry_refinery_transformation_crude_oil_lpg_demand,input_industry_refinery_transformation_crude_oil_other_oil_demand,input_industry_refinery_transformation_crude_oil_refinery_gas_demand,input_industry_metal_steel_coal_demand,input_industry_metal_steel_cokes_demand,input_industry_metal_steel_coal_gas_demand,input_industry_metal_steel_electricity_demand,input_industry_metal_steel_network_gas_demand,input_industry_metal_steel_steam_hot_water_demand,input_industry_metal_steel_crude_oil_demand,input_industry_metal_steel_wood_pellets_demand,input_energy_cokesoven_transformation_coal_input_demand,input_energy_blastfurnace_transformation_coal_input_demand,input_energy_blastfurnace_transformation_cokes_input_demand,input_energy_power_combined_cycle_coal_gas_coal_gas_input_demand,input_energy_chp_coal_gas_coal_gas_input_demand
GM1680,nl2019,aa_en_hunze,279,187,3,1.151709,1.62186,0.395372289,0.206608931,0.01542359,0,0,0,0,0,0,0,0,0,0,0,0,0,0,0.642857143,0.357142857,0,0,0,0,0,0,0,0,0,0,0,0,0,0,0,0,0,0,0,0,0,0,0,0,0,0,0,0,0,0,0,0,0,0,0,0,0,0,0,0,0,0
GM0358,nl2019,aalsmeer,32,6,12,2.585545,1.678781,0.192870071,0.083722821,0.019276754,0,0,0,0,0,0,0,0,0,0,0,0,0,0,0.642857143,0.357142857,0,0,0,0,0,0,0,0,0,0,0,0,0,0,0,0,0,0,0,0,0,0,0,0,0,0,0,0,0,0,0,0,0,0,0,0,0,0,0,0,0,0
GM0197,nl2019,aalten,97,80,1,1.670153,1.14036,0.246520725,0.117792762,0.01641088,0,0,0,0,0,0,0,0,0,0,0,0,0,0,0.642857143,0.357142857,0,0,0,0,0,0,0,0,0,0,0,0,0,0,0,0,0,0,0,0,0,0,0,0,0,0,0,0,0,0,0,0,0,0,0,0,0,0,0,0,0,0
GM0059,nl2019,achtkarspelen,104,85,2,1.40414,1.289278,0.206593892,0.150534262,0.01692184,0,0,0,0,0,0,0,0,0,0,0,0,0,0,0.642857143,0.357142857,0,0,0,0,0,0,0,0,0,0,0,0,0,0,0,0,0,0,0,0,0,0,0,0,0,0,0,0,0,0,0,0,0,0,0,0,0,0,0,0,0,0
GM0482,nl2019,alblasserdam,10,3,1,0.633341,0.455858,0.041201929,0.051742699,0.012193179,0,0.117942156,81.18025167,27.55965287,33.95525236,0.650641596,0,0,229.0083722,128.0403408,161.5408117,43.69323547,24.98514768,0,0.642857143,0.357142857,0,0,0,0,0,0,0,0,0,0,0,0,0,0,0,0,0,0,0,0,0,0,0,0,0,0,0,0,0,0,0.117942156,81.18025167,27.55965287,33.95525236,0.650641596,0,0,229.0083722,128.0403408,161.5408117,43.69323547,24.98514768
GM0613,nl2019,albrandswaard,24,11,2,0.631015,0.726905,0.068674876,0.074128048,0.01535372,0,0,0,0,0,0,0,0,0,0,0,0,0,0,0.642857143,0.357142857,0,0,0,0,0,0,0,0,0,0,0,0,0,0,0,0,0,0,0,0,0,0,0,0,0,0,0,0,0,0,0,0,0,0,0,0,0,0,0,0,0,0
GM0361,nl2019,alkmaar,117,78,7,2.729409,2.968289,0.405458657,0.317042207,0.065955807,0,0,0,0,0,0,0,0,0,0,0,0,0,0,0.642857143,0.357142857,0,0,0,0,0,0,0,0,0,0,0,0,0,0,0,0,0,0,0,0,0,0,0,0,0,0,0,0,0,0,0,0,0,0,0,0,0,0,0,0,0,0
GM0141,nl2019,almelo,69,35,2,3.387203,2.415293,0.218592151,0.22426839,0.044260345,0,0,0,0,0,0,0,0,0,0,0,0,0,0,0.642857143,0.357142857,0,0,0,0,0,0,0,0,0,0,0,0,0,0,0,0,0,0,0,0,0,0,0,0,0,0,0,0,0,0,0,0,0,0,0,0,0,0,0,0,0,0
GM0034,nl2019,almere,249,31,120,4.066546,5.056762,0.588570111,0.610690855,0.126314744,0,0,0,0,0,0,0,0,0,0,0,0,0,0,0.642857143,0.357142857,0,0,0,0,0,0,0,0,0,0,0,0,0,0,0,0,0,0,0,0,0,0,0,0,0,0,0,0,0,0,0,0,0,0,0,0,0,0,0,0,0,0
GM0484,nl2019,alphen_aan_den_rijn,133,93,7,4.13769,2.945701,0.406048468,0.318283439,0.067430969,0,0,0,0,0,0,0,0,0,0,0,0,0,0,0.642857143,0.357142857,0,0,0,0,0,0,0,0,0,0,0,0,0,0,0,0,0,0,0,0,0,0,0,0,0,0,0,0,0,0,0,0,0,0,0,0,0,0,0,0,0,0
GM1723,nl2019,alphen_chaam,94,65,1,1.24945,0.58342,0.204470469,0.10702505,0.006166155,0,0,0,0,0,0,0,0,0,0,0,0,0,0,0.642857143,0.357142857,0,0,0,0,0,0,0,0,0,0,0,0,0,0,0,0,0,0,0,0,0,0,0,0,0,0,0,0,0,0,0,0,0,0,0,0,0,0,0,0,0,0
GM1959,nl2019,altena,227,154,27,2.755114,2.105131,0.643295204,0.232172565,0.033650475,0,0,0,0,0,0,0,0,0,0,0,0,0,0,0.642857143,0.357142857,0,0,0,0,0,0,0,0,0,0,0,0,0,0,0,0,0,0,0,0,0,0,0,0,0,0,0,0,0,0,0,0,0,0,0,0,0,0,0,0,0,0
GM0060,nl2019,ameland,269,19,212,0.367899,0.207338,0.095491631,0.017046558,0.002231578,0,0,0,0,0,0,0,0,0,0,0,0,0,0,0.642857143,0.357142857,0,0,0,0,0,0,0,0,0,0,0,0,0,0,0,0,0,0,0,0,0,0,0,0,0,0,0,0,0,0,0,0,0,0,0,0,0,0,0,0,0,0
GM0307,nl2019,amersfoort,64,19,1,3.052996,3.795124,0.301800759,0.412153354,0.094953566,0,0,0,0,0,0,0,0,0,0,0,0,0,0,0.642857143,0.357142857,0,0,0,0,0,0,0,0,0,0,0,0,0,0,0,0,0,0,0,0,0,0,0,0,0,0,0,0,0,0,0,0,0,0,0,0,0,0,0,0,0,0
GM0362,nl2019,amstelveen,44,15,3,2.305208,1.906968,0.199839884,0.24417787,0.055189793,0,0,0,0,0,0,0,0,0,0,0,0,0,0,0.642857143,0.357142857,0,0,0,0,0,0,0,0,0,0,0,0,0,0,0,0,0,0,0,0,0,0,0,0,0,0,0,0,0,0,0,0,0,0,0,0,0,0,0,0,0,0
GM0363,nl2019,amsterdam,219,27,54,13.429495,12.090522,1.726492962,2.194338857,0.524305465,0,0,0,0,0,0,0,0,0,0,0,0,0,0.00015,0.642857143,0.357142857,5.7975,0.61,0,67.8,0,0,16.5,9,0,191.7,0,0,0,0,160.0067681,400.5967084,0,41.24852108,40.16347,0,0,0,3549.726631,700.8080203,1461.123699,1576.574039,283.0559828,2620.206622,414.381496,0,0,0,0,0,0,0,0,0,0,0,0,0
GM0200,nl2019,apeldoorn,341,83,1,5.378241,5.109693,0.533224598,0.609853198,0.098695545,0,0,0,0,0,0,0,0,0,0,0,0,0,0.0021,0.642857143,0.357142857,81.165,8.54,0,0,0,0,0,0,0,0,0,0,0,0,0,0,0,0,0,0,0,0,0,0,0,0,0,0,0,0,0,0,0,0,0,0,0,0,0,0,0,0
GM0202,nl2019,arnhem,102,16,4,3.019719,3.751564,0.33621995,0.460656596,0.096763495,0,0,0,0,0,0,0,0,0,0,0,0,0,0,0.642857143,0.357142857,0,0,0,0,0,0,0,0,0,0,0,0,0,0,0,0,0,0,0,0,0,0,0,0,0,0,0,0,0,0,0,0,0,0,0,0,0,0,0,0,0,0
GM0106,nl2019,assen,83,40,2,1.742116,2.267864,0.176288465,0.203385757,0.041291793,0,0,0,0,0,0,0,0,0,0,0,0,0,0,0.642857143,0.357142857,0,0,0,0,0,0,0,0,0,0,0,0,0,0,0,0,0,0,0,0,0,0,0,0,0,0,0,0,0,0,0,0,0,0,0,0,0,0,0,0,0,0
GM0743,nl2019,asten,71,44,1,2.687544,0.78238,0.241764765,0.152381229,0.010152375,0,0,0,0,0,0,0,0,0,0,0,0,0,0,0.642857143,0.357142857,0,0,0,0,0,0,0,0,0,0,0,0,0,0,0,0,0,0,0,0,0,0,0,0,0,0,0,0,0,0,0,0,0,0,0,0,0,0,0,0,0,0
GM0744,nl2019,baarle_nassau,76,63,0,1.120089,0.381167,0.209567004,0.067345904,0.004159983,0,0,0,0,0,0,0,0,0,0,0,0,0,0,0.642857143,0.357142857,0,0,0,0,0,0,0,0,0,0,0,0,0,0,0,0,0,0,0,0,0,0,0,0,0,0,0,0,0,0,0,0,0,0,0,0,0,0,0,0,0,0
GM0308,nl2019,baarn,33,8,0,0.49923,0.769361,0.072502328,0.081635357,0.015047509,0,0,0,0,0,0,0,0,0,0,0,0,0,0,0.642857143,0.357142857,0,0,0,0,0,0,0,0,0,0,0,0,0,0,0,0,0,0,0,0,0,0,0,0,0,0,0,0,0,0,0,0,0,0,0,0,0,0,0,0,0,0
GM0489,nl2019,barendrecht,22,3,2,1.265111,1.256377,0.092845258,0.131095593,0.029571906,0,0,0,0,0,0,0,0,0,0,0,0,0,0,0.642857143,0.357142857,0,0,0,0,0,0,0,0,0,0,0,0,0,0,0,0,0,0,0,0,0,0,0,0,0,0,0,0,0,0,0,0,0,0,0,0,0,0,0,0,0,0
GM0203,nl2019,barneveld,177,94,1,4.418026,2.010101,0.330408501,0.463399497,0.035221025,0,0,0,0,0,0,0,0,0,0,0,0,0,0,0.642857143,0.357142857,0,0,0,0,0,0,0,0,0,0,0,0,0,0,0,0,0,0,0,0,0,0,0,0,0,0,0,0,0,0,0,0,0,0,0,0,0,0,0,0,0,0
GM0888,nl2019,beek,21,13,0,0.609464,0.672705,0.046394812,0.045229136,0.009677868,0,0,0,0,0,0,0,0,0,0,0,0,0,0,0.642857143,0.357142857,0,0,0,0,0,0,0,0,0,0,0,0,0,0,0,0,0,0,0,0,0,0,0,0,0,0,0,0,0,0,0,0,0,0,0,0,0,0,0,0,0,0
GM1954,nl2019,beekdaelen,78,56,0,0.94878,1.80541,0.128334669,0.123766429,0.021706398,0,0,0,0,0,0,0,0,0,0,0,0,0,0,0.642857143,0.357142857,0,0,0,0,0,0,0,0,0,0,0,0,0,0,0,0,0,0,0,0,0,0,0,0,0,0,0,0,0,0,0,0,0,0,0,0,0,0,0,0,0,0
GM0370,nl2019,beemster,72,64,1,0.719093,0.453291,0.160175732,0.046918144,0.005922523,0,0,0,0,0,0,0,0,0,0,0,0,0,0,0.642857143,0.357142857,0,0,0,0,0,0,0,0,0,0,0,0,0,0,0,0,0,0,0,0,0,0,0,0,0,0,0,0,0,0,0,0,0,0,0,0,0,0,0,0,0,0
GM0889,nl2019,beesel,29,18,1,0.650536,0.566964,0.064245334,0.043796327,0.008213642,0,0,0,0,0,0,0,0,0,0,0,0,0,0,0.642857143,0.357142857,0,0,0,0,0,0,0,0,0,0,0,0,0,0,0,0,0,0,0,0,0,0,0,0,0,0,0,0,0,0,0,0,0,0,0,0,0,0,0,0,0,0
GM1945,nl2019,berg_en_dal,93,50,7,1.120208,1.327979,0.216687981,0.128199817,0.021126783,0,0,0,0,0,0,0,0,0,0,0,0,0,0.00015,0.642857143,0.357142857,5.7975,0.61,0,0,0,0,0,0,0,0,0,0,0,0,0,0,0,0,0,0,0,0,0,0,0,0,0,0,0,0,0,0,0,0,0,0,0,0,0,0,0,0
GM1724,nl2019,bergeijk,102,62,1,1.443895,0.991389,0.239272727,0.147741336,0.011234444,0,0,0,0,0,0,0,0,0,0,0,0,0,0,0.642857143,0.357142857,0,0,0,0,0,0,0,0,0,0,0,0,0,0,0,0,0,0,0,0,0,0,0,0,0,0,0,0,0,0,0,0,0,0,0,0,0,0,0,0,0,0
GM0893,nl2019,bergen,109,55,5,1.169862,0.667967,0.198580026,0.078750261,0.007983376,0,0,0,0,0,0,0,0,0,0,0,0,0,0,0.642857143,0.357142857,0,0,0,0,0,0,0,0,0,0,0,0,0,0,0,0,0,0,0,0,0,0,0,0,0,0,0,0,0,0,0,0,0,0,0,0,0,0,0,0,0,0
GM0373,nl2019,bergen,120,42,21,0.885486,1.295289,0.11733836,0.102250692,0.018211089,0,0,0,0,0,0,0,0,0,0,0,0,0,0,0.642857143,0.357142857,0,0,0,0,0,0,0,0,0,0,0,0,0,0,0,0,0,0,0,0,0,0,0,0,0,0,0,0,0,0,0,0,0,0,0,0,0,0,0,0,0,0
GM0748,nl2019,bergen_op_zoom,93,33,13,2.877556,2.080057,0.393532235,0.197323576,0.040591881,0,0,0,0,0,0,0,0,0,0,0,0,0,0,0.642857143,0.357142857,0,0,0,0,0,0,0,0,0,0,0,0,0,0,0,0,0,0,0,0,0,0,0,0,0,0,0,0,0,0,0,0,0,0,0,0,0,0,0,0,0,0
GM1859,nl2019,berkelland,261,212,2,3.26428,2.2659,0.650176884,0.235940505,0.026674439,0,0,0,0,0,0,0,0,0,0,0,0,0,0,0.642857143,0.357142857,0,0,0,0,0,0,0,0,0,0,0,0,0,0,0,0,0,0,0,0,0,0,0,0,0,0,0,0,0,0,0,0,0,0,0,0,0,0,0,0,0,0
GM1721,nl2019,bernheze,90,66,1,2.021417,1.435826,0.324235659,0.240955903,0.018716581,0,0,0,0,0,0,0,0,0,0,0,0,0,0,0.642857143,0.357142857,0,0,0,0,0,0,0,0,0,0,0,0,0,0,0,0,0,0,0,0,0,0,0,0,0,0,0,0,0,0,0,0,0,0,0,0,0,0,0,0,0,0
GM0753,nl2019,best,35,15,1,1.311613,1.026967,0.109654769,0.126497781,0.018118131,0,0,0,0,0,0,0,0,0,0,0,0,0,0,0.642857143,0.357142857,0,0,0,0,0,0,0,0,0,0,0,0,0,0,0,0,0,0,0,0,0,0,0,0,0,0,0,0,0,0,0,0,0,0,0,0,0,0,0,0,0,0
GM0209,nl2019,beuningen,47,30,3,0.8417,0.938264,0.099404342,0.083252581,0.015724941,0,0,0,0,0,0,0,0,0,0,0,0,0,0,0.642857143,0.357142857,0,0,0,0,0,0,0,0,0,0,0,0,0,0,0,0,0,0,0,0,0,0,0,0,0,0,0,0,0,0,0,0,0,0,0,0,0,0,0,0,0,0
GM0375,nl2019,beverwijk,20,4,2,1.459417,0.971164,0.07621907,0.107829379,0.025017007,0,0,0,0,0,0,0,0,0,0,0,0,0,0,0.642857143,0.357142857,0,0,0,0,0,0,0,0,0,0,0,0,0,0,0,0,0,0,0,0,0,0,0,0,0,0,0,0,0,0,0,0,0,0,0,0,0,0,0,0,0,0
GM0310,nl2019,de_bilt,67,34,1,1.035096,1.466315,0.147493279,0.138087969,0.026018271,0,0,0,0,0,0,0,0,0,0,0,0,0,0.00015,0.642857143,0.357142857,5.7975,0.61,0,0,0,0,0,0,0,0,0,0,0,0,0,0,0,0,0,0,0,0,0,0,0,0,0,0,0,0,0,0,0,0,0,0,0,0,0,0,0,0
GM1728,nl2019,bladel,76,42,0,1.757966,1.007337,0.209851136,0.123016639,0.01225758,0,0,0,0,0,0,0,0,0,0,0,0,0,0,0.642857143,0.357142857,0,0,0,0,0,0,0,0,0,0,0,0,0,0,0,0,0,0,0,0,0,0,0,0,0,0,0,0,0,0,0,0,0,0,0,0,0,0,0,0,0,0
GM0376,nl2019,blaricum,16,3,4,0.13851,0.470748,0.023003791,0.032137314,0.006805919,0,0,0,0,0,0,0,0,0,0,0,0,0,0,0.642857143,0.357142857,0,0,0,0,0,0,0,0,0,0,0,0,0,0,0,0,0,0,0,0,0,0,0,0,0,0,0,0,0,0,0,0,0,0,0,0,0,0,0,0,0,0
GM0377,nl2019,bloemendaal,45,4,5,0.316567,0.896033,0.058499526,0.070611708,0.014223046,0,0,0,0,0,0,0,0,0,0,0,0,0,0,0.642857143,0.357142857,0,0,0,0,0,0,0,0,0,0,0,0,0,0,0,0,0,0,0,0,0,0,0,0,0,0,0,0,0,0,0,0,0,0,0,0,0,0,0,0,0,0
GM1901,nl2019,bodegraven_reeuwijk,89,63,13,1.286456,1.214437,0.316181057,0.109451535,0.020937831,0,0,0,0,0,0,0,0,0,0,0,0,0,0,0.642857143,0.357142857,0,0,0,0,0,0,0,0,0,0,0,0,0,0,0,0,0,0,0,0,0,0,0,0,0,0,0,0,0,0,0,0,0,0,0,0,0,0,0,0,0,0
GM0755,nl2019,boekel,35,29,0,1.153525,0.60129,0.145164499,0.063332835,0.006432875,0,0,0,0,0,0,0,0,0,0,0,0,0,0,0.642857143,0.357142857,0,0,0,0,0,0,0,0,0,0,0,0,0,0,0,0,0,0,0,0,0,0,0,0,0,0,0,0,0,0,0,0,0,0,0,0,0,0,0,0,0,0
GM1681,nl2019,borger_odoorn,278,213,3,1.444594,1.449955,0.38689829,0.266312203,0.015415084,0,0,0,0,0,0,0,0,0,0,0,0,0,0,0.642857143,0.357142857,0,0,0,0,0,0,0,0,0,0,0,0,0,0,0,0,0,0,0,0,0,0,0,0,0,0,0,0,0,0,0,0,0,0,0,0,0,0,0,0,0,0
GM0147,nl2019,borne,26,16,0,0.575288,0.870596,0.068191568,0.06674801,0.014101533,0,0,0,0,0,0,0,0,0,0,0,0,0,0,0.642857143,0.357142857,0,0,0,0,0,0,0,0,0,0,0,0,0,0,0,0,0,0,0,0,0,0,0,0,0,0,0,0,0,0,0,0,0,0,0,0,0,0,0,0,0,0
GM0654,nl2019,borsele,195,117,53,1.872173,0.973272,0.412077752,0.125984232,0.013852433,0,0,0,0,0,0,0,0,0,0,0,0,0,0,0.642857143,0.357142857,0,0,0,0,0,0,0,0,0,0,0,0,0,0,5520.2335,13820.58644,0,1423.073977,1385.639715,0,0,0,122465.5688,24177.8767,50408.76762,54391.80436,9765.431405,90397.12846,14296.16161,0,0,0,0,0,0,0,0,0,0,0,0,0
GM0756,nl2019,boxmeer,114,80,2,2.032493,1.338363,0.241856328,0.201562567,0.017658814,0,0,0,0,0,0,0,0,0,0,0,0,0,0,0.642857143,0.357142857,0,0,0,0,0,0,0,0,0,0,0,0,0,0,0,0,0,0,0,0,0,0,0,0,0,0,0,0,0,0,0,0,0,0,0,0,0,0,0,0,0,0
GM0757,nl2019,boxtel,65,35,1,1.395412,1.273519,0.175566735,0.103611268,0.018680735,0,0,0,0,0,0,0,0,0,0,0,0,0,0,0.642857143,0.357142857,0,0,0,0,0,0,0,0,0,0,0,0,0,0,0,0,0,0,0,0,0,0,0,0,0,0,0,0,0,0,0,0,0,0,0,0,0,0,0,0,0,0
GM0758,nl2019,breda,129,55,3,6.372717,5.356542,0.442136814,0.494644198,0.111714402,0,0,0,0,0,0,0,0,0,0,0,0,0,0,0.642857143,0.357142857,0,0,0,0,0,0,0,0,0,0,0,0,0,0,0,0,0,0,0,0,0,0,0,0,0,0,0,0,0,0,0,0,0,0,0,0,0,0,0,0,0,0
GM0501,nl2019,brielle,31,17,4,1.577809,0.604273,0.095841458,0.05529458,0.010439145,0,0,0,0,0,0,0,0,0,0,0,0,0,0,0.642857143,0.357142857,0,0,0,0,0,0,0,0,0,0,0,0,0,0,0,0,0,0,0,0,0,0,0,0,0,0,0,0,0,0,0,0,0,0,0,0,0,0,0,0,0,0
GM1876,nl2019,bronckhorst,286,227,3,2.736593,1.95283,0.613532199,0.230553987,0.022001065,0,0,0,0,0,0,0,0,0,0,0,0,0,0,0.642857143,0.357142857,0,0,0,0,0,0,0,0,0,0,0,0,0,0,0,0,0,0,0,0,0,0,0,0,0,0,0,0,0,0,0,0,0,0,0,0,0,0,0,0,0,0
GM0213,nl2019,brummen,85,58,1,1.053072,0.796,0.146415476,0.082156204,0.012575336,0,0,0,0,0,0,0,0,0,0,0,0,0,0,0.642857143,0.357142857,0,0,0,0,0,0,0,0,0,0,0,0,0,0,0,0,0,0,0,0,0,0,0,0,0,0,0,0,0,0,0,0,0,0,0,0,0,0,0,0,0,0
GM0899,nl2019,brunssum,17,2,0,0.694049,1.022871,0.0496528,0.075994737,0.017074338,0,0,0,0,0,0,0,0,0,0,0,0,0,0,0.642857143,0.357142857,0,0,0,0,0,0,0,0,0,0,0,0,0,0,0,0,0,0,0,0,0,0,0,0,0,0,0,0,0,0,0,0,0,0,0,0,0,0,0,0,0,0
GM0312,nl2019,bunnik,38,28,1,0.609492,0.542781,0.092314968,0.051672101,0.009230095,0,0,0,0,0,0,0,0,0,0,0,0,0,0,0.642857143,0.357142857,0,0,0,0,0,0,0,0,0,0,0,0,0,0,0,0,0,0,0,0,0,0,0,0,0,0,0,0,0,0,0,0,0,0,0,0,0,0,0,0,0,0
GM0313,nl2019,bunschoten,35,24,4,0.845194,0.60326,0.096149907,0.061420414,0.013108776,0,0,0,0,0,0,0,0,0,0,0,0,0,0,0.642857143,0.357142857,0,0,0,0,0,0,0,0,0,0,0,0,0,0,0,0,0,0,0,0,0,0,0,0,0,0,0,0,0,0,0,0,0,0,0,0,0,0,0,0,0,0
GM0214,nl2019,buren,143,115,9,1.521877,1.295124,0.253289385,0.109254342,0.016141729,0,0,0,0,0,0,0,0,0,0,0,0,0,0,0.642857143,0.357142857,0,0,0,0,0,0,0,0,0,0,0,0,0,0,0,0,0,0,0,0,0,0,0,0,0,0,0,0,0,0,0,0,0,0,0,0,0,0,0,0,0,0
GM0502,nl2019,capelle_aan_den_ijssel,15,1,1,0.972373,1.330252,0.119651038,0.174023953,0.040596134,0,0,0,0,0,0,0,0,0,0,0,0,0,0,0.642857143,0.357142857,0,0,0,0,0,0,0,0,0,0,0,0,0,0,0,0,0,0,0,0,0,0,0,0,0,0,0,0,0,0,0,0,0,0,0,0,0,0,0,0,0,0
GM0383,nl2019,castricum,60,23,11,0.683617,1.250343,0.151502056,0.104336447,0.021733738,0,0,0,0,0,0,0,0,0,0,0,0,0,0,0.642857143,0.357142857,0,0,0,0,0,0,0,0,0,0,0,0,0,0,0,0,0,0,0,0,0,0,0,0,0,0,0,0,0,0,0,0,0,0,0,0,0,0,0,0,0,0
GM0109,nl2019,coevorden,300,230,4,2.336088,1.959397,0.554110241,0.212846906,0.021558152,0,0,0,0,0,0,0,0,0,0,0,0,0,0,0.642857143,0.357142857,0,0,0,0,0,0,0,0,0,0,0,0,0,0,0,0,0,0,0,0,0,0,0,0,0,0,0,0,0,0,0,0,0,0,0,0,0,0,0,0,0,0
GM1706,nl2019,cranendonck,78,37,2,1.403877,0.974826,0.160828878,0.086123765,0.012418584,0,0,0,0,0,0,0,0,0,0,0,0,0,0.00015,0.642857143,0.357142857,5.7975,0.61,0,0,0,0,0,0,0,0,0,0,0,0,0,0,0,0,0,0,0,0,0,0,0,0,0,0,0,0,0,0,0,0,0,0,0,0,0,0,0,0
GM1684,nl2019,cuijk,57,36,6,1.322795,0.970067,0.1600799,0.092791658,0.015147149,0,0,0,0,0,0,0,0,0,0,0,0,0,0,0.642857143,0.357142857,0,0,0,0,0,0,0,0,0,0,0,0,0,0,0,0,0,0,0,0,0,0,0,0,0,0,0,0,0,0,0,0,0,0,0,0,0,0,0,0,0,0
GM0216,nl2019,culemborg,31,18,2,1.023649,0.840364,0.085904843,0.081321026,0.017348957,0,0,0,0,0,0,0,0,0,0,0,0,0,0,0.642857143,0.357142857,0,0,0,0,0,0,0,0,0,0,0,0,0,0,0,0,0,0,0,0,0,0,0,0,0,0,0,0,0,0,0,0,0,0,0,0,0,0,0,0,0,0
GM0148,nl2019,dalfsen,167,134,2,2.073374,1.385018,0.381795394,0.179927093,0.017314933,0,0,0,0,0,0,0,0,0,0,0,0,0,0,0.642857143,0.357142857,0,0,0,0,0,0,0,0,0,0,0,0,0,0,0,0,0,0,0,0,0,0,0,0,0,0,0,0,0,0,0,0,0,0,0,0,0,0,0,0,0,0
GM1891,nl2019,dantumadiel,88,70,3,0.664049,0.978196,0.215118017,0.069162572,0.011496912,0,0,0,0,0,0,0,0,0,0,0,0,0,0,0.642857143,0.357142857,0,0,0,0,0,0,0,0,0,0,0,0,0,0,0,0,0,0,0,0,0,0,0,0,0,0,0,0,0,0,0,0,0,0,0,0,0,0,0,0,0,0
GM0503,nl2019,delft,24,2,1,1.745903,1.810325,0.187995102,0.268071256,0.062678005,0,0,0,0,0,0,0,0,0,0,0,0,0,0,0.642857143,0.357142857,0,0,0,0,0,0,0,0,0,0,0,0,0,0,0,0,0,0,0,0,0,0,0,0,0,0,0,0,0,0,0,0,0,0,0,0,0,0,0,0,0,0
GM0762,nl2019,deurne,118,74,2,3.102072,1.627183,0.429564092,0.183482185,0.019661949,0,0,0,0,0,0,0,0,0,0,0,0,0,0,0.642857143,0.357142857,0,0,0,0,0,0,0,0,0,0,0,0,0,0,0,0,0,0,0,0,0,0,0,0,0,0,0,0,0,0,0,0,0,0,0,0,0,0,0,0,0,0
GM0150,nl2019,deventer,134,85,4,3.089854,2.903937,0.390080315,0.347770519,0.060730159,0,0,0,0,0,0,0,0,0,0,0,0,0,0,0.642857143,0.357142857,0,0,0,0,0,0,0,0,0,0,0,0,0,0,0,0,0,0,0,0,0,0,0,0,0,0,0,0,0,0,0,0,0,0,0,0,0,0,0,0,0,0
GM0384,nl2019,diemen,14,2,2,0.457436,0.562167,0.062426029,0.078655134,0.017738405,0,0,0,0,0,0,0,0,0,0,0,0,0,0,0.642857143,0.357142857,0,0,0,0,0,0,0,0,0,0,0,0,0,0,0,0,0,0,0,0,0,0,0,0,0,0,0,0,0,0,0,0,0,0,0,0,0,0,0,0,0,0
GM1774,nl2019,dinkelland,177,142,1,2.208843,1.378524,0.415177772,0.142745644,0.016009281,0,0,0,0,0,0,0,0,0,0,0,0,0,0,0.642857143,0.357142857,0,0,0,0,0,0,0,0,0,0,0,0,0,0,0,0,0,0,0,0,0,0,0,0,0,0,0,0,0,0,0,0,0,0,0,0,0,0,0,0,0,0
GM0221,nl2019,doesburg,13,7,1,0.26326,0.361175,0.041844985,0.032357929,0.006773111,0,0,0,0,0,0,0,0,0,0,0,0,0,0,0.642857143,0.357142857,0,0,0,0,0,0,0,0,0,0,0,0,0,0,0,0,0,0,0,0,0,0,0,0,0,0,0,0,0,0,0,0,0,0,0,0,0,0,0,0,0,0
GM0222,nl2019,doetinchem,80,50,1,2.418197,1.996096,0.224822667,0.193408297,0.034968279,0,0,0,0,0,0,0,0,0,0,0,0,0,0,0.642857143,0.357142857,0,0,0,0,0,0,0,0,0,0,0,0,0,0,0,0,0,0,0,0,0,0,0,0,0,0,0,0,0,0,0,0,0,0,0,0,0,0,0,0,0,0
GM0766,nl2019,dongen,30,19,1,1.550517,1.12804,0.120900882,0.07351121,0.015827619,0,0,0,0,0,0,0,0,0,0,0,0,0,0,0.642857143,0.357142857,0,0,0,0,0,0,0,0,0,0,0,0,0,0,0,0,0,0,0,0,0,0,0,0,0,0,0,0,0,0,0,0,0,0,0,0,0,0,0,0,0,0
GM0505,nl2019,dordrecht,99,28,22,2.817677,2.604998,0.417769549,0.329418148,0.072089761,0,0,0,0,0,0,0,0,0,0,0,0,0,0,0.642857143,0.357142857,0,0,0,0,0,0,0,0,0,0,0,0,0,0,0,0,0,0,0,0,0,0,0,0,0,0,0,0,0,0,0,0,0,0,0,0,0,0,0,0,0,0
GM0498,nl2019,drechterland,81,50,22,1.49619,0.83245,0.123428543,0.061876527,0.011906409,0,0,0,0,0,0,0,0,0,0,0,0,0,0,0.642857143,0.357142857,0,0,0,0,0,0,0,0,0,0,0,0,0,0,0,0,0,0,0,0,0,0,0,0,0,0,0,0,0,0,0,0,0,0,0,0,0,0,0,0,0,0
GM1719,nl2019,drimmelen,119,65,24,2.650059,1.070011,0.470123441,0.115479998,0.016495331,0,0,0,0,0,0,0,0,0,0,0,0,0,0,0.642857143,0.357142857,0,0,0,0,0,0,0,0,0,0,0,0,0,0,0,0,0,0,0,0,0,0,0,0,0,0,0,0,0,0,0,0,0,0,0,0,0,0,0,0,0,0
GM0303,nl2019,dronten,424,264,90,2.531373,1.491041,1.411988003,0.303691201,0.024797677,0,0,0,0,0,0,0,0,0,0,0,0,0,0,0.642857143,0.357142857,0,0,0,0,0,0,0,0,0,0,0,0,0,0,0,0,0,0,0,0,0,0,0,0,0,0,0,0,0,0,0,0,0,0,0,0,0,0,0,0,0,0
GM0225,nl2019,druten,42,28,5,0.756603,0.744628,0.119652481,0.064544694,0.011420359,0,0,0,0,0,0,0,0,0,0,0,0,0,0,0.642857143,0.357142857,0,0,0,0,0,0,0,0,0,0,0,0,0,0,0,0,0,0,0,0,0,0,0,0,0,0,0,0,0,0,0,0,0,0,0,0,0,0,0,0,0,0
GM0226,nl2019,duiven,35,23,1,1.26771,0.880543,0.0752663,0.075408715,0.015390782,0,0,0,0,0,0,0,0,0,0,0,0,0,0,0.642857143,0.357142857,0,0,0,0,0,0,0,0,0,0,0,0,0,0,0,0,0,0,0,0,0,0,0,0,0,0,0,0,0,0,0,0,0,0,0,0,0,0,0,0,0,0
GM1711,nl2019,echt_susteren,105,70,2,1.437355,1.625371,0.238136231,0.132409361,0.019222073,0,0,0,0,0,0,0,0,0,0,0,0,0,0,0.642857143,0.357142857,0,0,0,0,0,0,0,0,0,0,0,0,0,0,0,0,0,0,0,0,0,0,0,0,0,0,0,0,0,0,0,0,0,0,0,0,0,0,0,0,0,0
GM0385,nl2019,edam_volendam,80,44,26,0.83432,1.201671,0.120892015,0.099381128,0.021932411,0,0,0,0,0,0,0,0,0,0,0,0,0,0,0.642857143,0.357142857,0,0,0,0,0,0,0,0,0,0,0,0,0,0,0,0,0,0,0,0,0,0,0,0,0,0,0,0,0,0,0,0,0,0,0,0,0,0,0,0,0,0
GM0228,nl2019,ede,319,108,0,5.46154,3.636138,0.514019098,0.659341561,0.070301096,0,0,0,0,0,0,0,0,0,0,0,0,0,0.00015,0.642857143,0.357142857,5.7975,0.61,0,0,0,0,0,0,0,0,0,0,0,0,0,0,0,0,0,0,0,0,0,0,0,0,0,0,0,0,0,0,0,0,0,0,0,0,0,0,0,0
GM0317,nl2019,eemnes,34,25,3,0.254866,0.322899,0.04835138,0.029115339,0.00553672,0,0,0,0,0,0,0,0,0,0,0,0,0,0,0.642857143,0.357142857,0,0,0,0,0,0,0,0,0,0,0,0,0,0,0,0,0,0,0,0,0,0,0,0,0,0,0,0,0,0,0,0,0,0,0,0,0,0,0,0,0,0
GM0770,nl2019,eersel,83,50,1,1.275687,0.989462,0.244050611,0.148804863,0.011610526,0,0,0,0,0,0,0,0,0,0,0,0,0,0,0.642857143,0.357142857,0,0,0,0,0,0,0,0,0,0,0,0,0,0,0,0,0,0,0,0,0,0,0,0,0,0,0,0,0,0,0,0,0,0,0,0,0,0,0,0,0,0
GM1903,nl2019,eijsden_margraten,78,61,1,0.954296,1.295416,0.153981324,0.095060104,0.015588847,0,0,0,0,0,0,0,0,0,0,0,0,0,0,0.642857143,0.357142857,0,0,0,0,0,0,0,0,0,0,0,0,0,0,0,0,0,0,0,0,0,0,0,0,0,0,0,0,0,0,0,0,0,0,0,0,0,0,0,0,0,0
GM0772,nl2019,eindhoven,89,13,1,6.323452,6.25857,0.402680141,0.614950744,0.140737071,0,0,0,0,0,0,0,0,0,0,0,0,0,0.00015,0.642857143,0.357142857,5.7975,0.61,0,0,0,0,0,0,0,0,0,0,0,0,0,0,0,0,0,0,0,0,0,0,0,0,0,0,0,0,0,0,0,0,0,0,0,0,0,0,0,0
GM0230,nl2019,elburg,66,29,2,0.9109,0.772855,0.098845995,0.086079864,0.014026196,0,0,0,0,0,0,0,0,0,0,0,0,0,0,0.642857143,0.357142857,0,0,0,0,0,0,0,0,0,0,0,0,0,0,0,0,0,0,0,0,0,0,0,0,0,0,0,0,0,0,0,0,0,0,0,0,0,0,0,0,0,0
GM0114,nl2019,emmen,346,231,11,6.926678,4.758685,0.706690169,0.443555329,0.065077878,0,0,0,0,0,0,0,0,0,0,0,0,0,0.0003,0.642857143,0.357142857,11.595,1.22,0,0,0,0,0,0,0,0,0,0,0,0,0,0,0,0,0,0,0,0,0,0,0,0,0,0,0,0,0,0,0,0,0,0,0,0,0,0,0,0
GM0388,nl2019,enkhuizen,116,7,104,0.795203,0.582613,0.046223852,0.051056048,0.011244165,0,0,0,0,0,0,0,0,0,0,0,0,0,0,0.642857143,0.357142857,0,0,0,0,0,0,0,0,0,0,0,0,0,0,0,0,0,0,0,0,0,0,0,0,0,0,0,0,0,0,0,0,0,0,0,0,0,0,0,0,0,0
GM0153,nl2019,enschede,143,68,2,4.48686,4.760136,0.374643825,0.461455061,0.096593985,0,0,0,0,0,0,0,0,0,0,0,0,0,0,0.642857143,0.357142857,0,0,0,0,0,0,0,0,0,0,0,0,0,0,0,0,0,0,0,0,0,0,0,0,0,0,0,0,0,0,0,0,0,0,0,0,0,0,0,0,0,0
GM0232,nl2019,epe,157,68,1,1.676272,1.297462,0.207689358,0.19227472,0.02013767,0,0,0,0,0,0,0,0,0,0,0,0,0,0.00015,0.642857143,0.357142857,5.7975,0.61,0,0,0,0,0,0,0,0,0,0,0,0,0,0,0,0,0,0,0,0,0,0,0,0,0,0,0,0,0,0,0,0,0,0,0,0,0,0,0,0
GM0233,nl2019,ermelo,87,20,2,1.314614,1.016849,0.108418483,0.114719081,0.016317923,0,0,0,0,0,0,0,0,0,0,0,0,0,0,0.642857143,0.357142857,0,0,0,0,0,0,0,0,0,0,0,0,0,0,0,0,0,0,0,0,0,0,0,0,0,0,0,0,0,0,0,0,0,0,0,0,0,0,0,0,0,0
GM0777,nl2019,etten_leur,56,37,1,3.027892,1.435839,0.169810439,0.126622679,0.026595456,0,0,0,0,0,0,0,0,0,0,0,0,0,0,0.642857143,0.357142857,0,0,0,0,0,0,0,0,0,0,0,0,0,0,0,0,0,0,0,0,0,0,0,0,0,0,0,0,0,0,0,0,0,0,0,0,0,0,0,0,0,0
GM1940,nl2019,de_fryske_marren,549,292,198,2.612817,2.933939,1.496436485,0.259569015,0.031246957,0,0,0,0,0,0,0,0,0,0,0,0,0,0,0.642857143,0.357142857,0,0,0,0,0,0,0,0,0,0,0,0,0,0,0,0,0,0,0,0,0,0,0,0,0,0,0,0,0,0,0,0,0,0,0,0,0,0,0,0,0,0
GM0779,nl2019,geertruidenberg,30,16,3,1.30769,0.713107,0.116463282,0.086890726,0.013071714,0,0,0,0,0,0,0,0,0,0,0,0,0,0,0.642857143,0.357142857,0,0,0,0,0,0,0,0,0,0,0,0,0,0,0,0,0,0,0,0,0,0,0,0,0,0,0,0,0,0,0,0,0,0,0,0,0,0,0,0,0,0
GM1771,nl2019,geldrop_mierlo,31,10,0,1.147656,1.405347,0.101357442,0.113275294,0.024056451,0,0,0,0,0,0,0,0,0,0,0,0,0,0,0.642857143,0.357142857,0,0,0,0,0,0,0,0,0,0,0,0,0,0,0,0,0,0,0,0,0,0,0,0,0,0,0,0,0,0,0,0,0,0,0,0,0,0,0,0,0,0
GM1652,nl2019,gemert_bakel,123,78,1,2.584671,1.490025,0.407996982,0.202654158,0.018498466,0,0,0,0,0,0,0,0,0,0,0,0,0,0,0.642857143,0.357142857,0,0,0,0,0,0,0,0,0,0,0,0,0,0,0,0,0,0,0,0,0,0,0,0,0,0,0,0,0,0,0,0,0,0,0,0,0,0,0,0,0,0
GM0907,nl2019,gennep,50,32,3,1.151501,0.732774,0.10980504,0.081326858,0.010371705,0,0,0,0,0,0,0,0,0,0,0,0,0,0,0.642857143,0.357142857,0,0,0,0,0,0,0,0,0,0,0,0,0,0,0,0,0,0,0,0,0,0,0,0,0,0,0,0,0,0,0,0,0,0,0,0,0,0,0,0,0,0
GM0784,nl2019,gilze_en_rijen,66,36,0,1.630209,0.989994,0.163312125,0.119896365,0.016058493,0,0,0,0,0,0,0,0,0,0,0,0,0,0,0.642857143,0.357142857,0,0,0,0,0,0,0,0,0,0,0,0,0,0,0,0,0,0,0,0,0,0,0,0,0,0,0,0,0,0,0,0,0,0,0,0,0,0,0,0,0,0
GM1924,nl2019,goeree_overflakkee,422,180,160,2.70871,1.86798,0.883777953,0.210230754,0.0301418,0,0,0,0,0,0,0,0,0,0,0,0,0,0,0.642857143,0.357142857,0,0,0,0,0,0,0,0,0,0,0,0,0,0,0,0,0,0,0,0,0,0,0,0,0,0,0,0,0,0,0,0,0,0,0,0,0,0,0,0,0,0
GM0664,nl2019,goes,102,69,9,1.380722,1.348652,0.285474789,0.147211242,0.022876564,0,0,0,0,0,0,0,0,0,0,0,0,0,0,0.642857143,0.357142857,0,0,0,0,0,0,0,0,0,0,0,0,0,0,0,0,0,0,0,0,0,0,0,0,0,0,0,0,0,0,0,0,0,0,0,0,0,0,0,0,0,0
GM0785,nl2019,goirle,42,24,0,0.787101,0.912349,0.112699652,0.090162339,0.014455743,0,0,0,0,0,0,0,0,0,0,0,0,0,0,0.642857143,0.357142857,0,0,0,0,0,0,0,0,0,0,0,0,0,0,0,0,0,0,0,0,0,0,0,0,0,0,0,0,0,0,0,0,0,0,0,0,0,0,0,0,0,0
GM1942,nl2019,gooise_meren,75,13,34,1.009728,1.724145,0.181605819,0.158361678,0.035065489,0,0,0,0,0,0,0,0,0,0,0,0,0,0.00015,0.642857143,0.357142857,5.7975,0.61,0,0,0,0,0,0,0,0,0,0,0,0,0,0,0,0,0,0,0,0,0,0,0,0,0,0,0,0,0,0,0,0,0,0,0,0,0,0,0,0
GM0512,nl2019,gorinchem,22,7,3,1.153151,0.873332,0.086850655,0.099069369,0.02228662,0,0,0,0,0,0,0,0,0,0,0,0,0,0,0.642857143,0.357142857,0,0,0,0,0,0,0,0,0,0,0,0,0,0,0,0,0,0,0,0,0,0,0,0,0,0,0,0,0,0,0,0,0,0,0,0,0,0,0,0,0,0
GM0513,nl2019,gouda,18,3,2,1.180514,1.604982,0.132139149,0.184149912,0.044462056,0,0,0,0,0,0,0,0,0,0,0,0,0,0,0.642857143,0.357142857,0,0,0,0,0,0,0,0,0,0,0,0,0,0,0,0,0,0,0,0,0,0,0,0,0,0,0,0,0,0,0,0,0,0,0,0,0,0,0,0,0,0
GM0786,nl2019,grave,28,20,1,0.454822,0.473563,0.078530319,0.04898601,0.007584207,0,0,0,0,0,0,0,0,0,0,0,0,0,0,0.642857143,0.357142857,0,0,0,0,0,0,0,0,0,0,0,0,0,0,0,0,0,0,0,0,0,0,0,0,0,0,0,0,0,0,0,0,0,0,0,0,0,0,0,0,0,0
GM0518,nl2019,s_gravenhage,98,2,16,5.936362,9.800414,0.87632155,1.347863809,0.326767344,0,0,0,0,0,0,0,0,0,0,0,0,0,0.0003,0.642857143,0.357142857,11.595,1.22,0,0,0,0,0,0,0,0,0,0,0,0,0,0,0,0,0,0,0,0,0,0,0,0,0,0,0,0,0,0,0,0,0,0,0,0,0,0,0,0
GM0014,nl2019,groningen,102,40,7,4.680075,5.914107,0.399862428,0.537288804,0.12383285,0,0,0,0,0,0,0,0,0,0,0,0,0,0,0.642857143,0.357142857,0,0,0,0,0,0,0,0,0,0,0,0,0,0,0,0,0,0,0,0,0,0,0,0,0,0,0,0,0,0,0,0,0,0,0,0,0,0,0,0,0,0
GM1729,nl2019,gulpen_wittem,73,58,0,0.463325,0.746127,0.113684807,0.072989695,0.00865534,0,0,0,0,0,0,0,0,0,0,0,0,0,0,0.642857143,0.357142857,0,0,0,0,0,0,0,0,0,0,0,0,0,0,0,0,0,0,0,0,0,0,0,0,0,0,0,0,0,0,0,0,0,0,0,0,0,0,0,0,0,0
GM0158,nl2019,haaksbergen,106,71,1,1.55369,1.013607,0.257756656,0.108370593,0.014749803,0,0,0,0,0,0,0,0,0,0,0,0,0,0,0.642857143,0.357142857,0,0,0,0,0,0,0,0,0,0,0,0,0,0,0,0,0,0,0,0,0,0,0,0,0,0,0,0,0,0,0,0,0,0,0,0,0,0,0,0,0,0
GM0392,nl2019,haarlem,32,4,3,2.398528,3.629916,0.289080847,0.407501419,0.097978621,0,0,0,0,0,0,0,0,0,0,0,0,0,0,0.642857143,0.357142857,0,0,0,0,0,0,0,0,0,0,0,0,0,0,0,0,0,0,0,0,0,0,0,0,0,0,0,0,0,0,0,0,0,0,0,0,0,0,0,0,0,0
GM0394,nl2019,haarlemmermeer,185,102,7,8.122333,4.345982,0.46114545,0.473166945,0.089960614,0,0,0,0,0,0,0,0,0,0,0,0,0,0,0.642857143,0.357142857,0,0,0,0,0,0,0,0,0,0,0,0,0,0,0,0,0,0,0,0,0,0,0,0,0,0,0,0,0,0,0,0,0,0,0,0,0,0,0,0,0,0
GM1655,nl2019,halderberge,75,57,1,2.089246,1.301757,0.247417519,0.104187797,0.018344752,0,0,0,0,0,0,0,0,0,0,0,0,0,0.0015,0.642857143,0.357142857,57.975,6.1,0,0,0,0,0,0,0,0,0,0,0,0,0,0,0,0,0,0,0,0,0,0,0,0,0,0,0,0,0,0,0,0,0,0,0,0,0,0,0,0
GM0160,nl2019,hardenberg,317,255,5,4.028906,2.622064,0.691031424,0.412431931,0.036802511,0,0,0,0,0,0,0,0,0,0,0,0,0,0,0.642857143,0.357142857,0,0,0,0,0,0,0,0,0,0,0,0,0,0,0,0,0,0,0,0,0,0,0,0,0,0,0,0,0,0,0,0,0,0,0,0,0,0,0,0,0,0
GM0243,nl2019,harderwijk,48,8,9,1.524939,1.344503,0.095394836,0.136117135,0.028908447,0,0,0,0,0,0,0,0,0,0,0,0,0,0.00255,0.642857143,0.357142857,98.5575,10.37,0,0,0,0,0,0,0,0,0,0,0,0,0,0,0,0,0,0,0,0,0,0,0,0,0,0,0,0,0,0,0,0,0,0,0,0,0,0,0,0
GM0523,nl2019,hardinxveld_giessendam,19,11,3,0.603502,0.507454,0.067055028,0.048973348,0.010967117,0,0,0,0,0,0,0,0,0,0,0,0,0,0,0.642857143,0.357142857,0,0,0,0,0,0,0,0,0,0,0,0,0,0,0,0,0,0,0,0,0,0,0,0,0,0,0,0,0,0,0,0,0,0,0,0,0,0,0,0,0,0
GM0072,nl2019,harlingen,388,17,363,0.661455,0.591365,0.075143256,0.047885,0.009573975,0,0,0,0,0,0,0,0,0,0,0,0,0,0,0.642857143,0.357142857,0,0,0,0,0,0,0,0,0,0,0,0,0,0,0,0,0,0,0,0,0,0,0,0,0,0,0,0,0,0,0,0,0,0,0,0,0,0,0,0,0,0
GM0244,nl2019,hattem,24,12,1,0.325746,0.46234,0.047496669,0.037899229,0.007395862,0,0,0,0,0,0,0,0,0,0,0,0,0,0,0.642857143,0.357142857,0,0,0,0,0,0,0,0,0,0,0,0,0,0,0,0,0,0,0,0,0,0,0,0,0,0,0,0,0,0,0,0,0,0,0,0,0,0,0,0,0,0
GM0396,nl2019,heemskerk,32,6,4,0.865053,1.03845,0.077706147,0.110343573,0.023794591,0,0,0,0,0,0,0,0,0,0,0,0,0,0,0.642857143,0.357142857,0,0,0,0,0,0,0,0,0,0,0,0,0,0,0,0,0,0,0,0,0,0,0,0,0,0,0,0,0,0,0,0,0,0,0,0,0,0,0,0,0,0
GM0397,nl2019,heemstede,10,1,0,0.402394,0.831,0.050883183,0.07052604,0.01657796,0,0,0,0,0,0,0,0,0,0,0,0,0,0,0.642857143,0.357142857,0,0,0,0,0,0,0,0,0,0,0,0,0,0,0,0,0,0,0,0,0,0,0,0,0,0,0,0,0,0,0,0,0,0,0,0,0,0,0,0,0,0
GM0246,nl2019,heerde,80,40,2,0.878128,0.751312,0.117206743,0.083847732,0.01126786,0,0,0,0,0,0,0,0,0,0,0,0,0,0,0.642857143,0.357142857,0,0,0,0,0,0,0,0,0,0,0,0,0,0,0,0,0,0,0,0,0,0,0,0,0,0,0,0,0,0,0,0,0,0,0,0,0,0,0,0,0,0
GM0074,nl2019,heerenveen,198,146,8,2.360181,2.290272,0.502009306,0.23204634,0.030534286,0,0,0,0,0,0,0,0,0,0,0,0,0,0,0.642857143,0.357142857,0,0,0,0,0,0,0,0,0,0,0,0,0,0,0,0,0,0,0,0,0,0,0,0,0,0,0,0,0,0,0,0,0,0,0,0,0,0,0,0,0,0
GM0398,nl2019,heerhugowaard,40,18,2,3.033865,1.685209,0.149065387,0.164721136,0.034474331,0,0,0,0,0,0,0,0,0,0,0,0,0,0,0.642857143,0.357142857,0,0,0,0,0,0,0,0,0,0,0,0,0,0,0,0,0,0,0,0,0,0,0,0,0,0,0,0,0,0,0,0,0,0,0,0,0,0,0,0,0,0
GM0917,nl2019,heerlen,46,8,1,2.526463,2.74654,0.160563183,0.258561995,0.052755896,0,0,0,0,0,0,0,0,0,0,0,0,0,0,0.642857143,0.357142857,0,0,0,45.2,0,0,11,6,0,127.8,0,0,0,0,0,0,0,0,0,0,0,0,0,0,0,0,0,0,0,0,0,0,0,0,0,0,0,0,0,0,0,0
GM1658,nl2019,heeze_leende,105,44,1,0.971783,0.812588,0.206425222,0.127966843,0.009699133,0,0,0,0,0,0,0,0,0,0,0,0,0,0,0.642857143,0.357142857,0,0,0,0,0,0,0,0,0,0,0,0,0,0,0,0,0,0,0,0,0,0,0,0,0,0,0,0,0,0,0,0,0,0,0,0,0,0,0,0,0,0
GM0399,nl2019,heiloo,19,10,0,0.479385,0.808728,0.054586765,0.063384462,0.014255854,0,0,0,0,0,0,0,0,0,0,0,0,0,0,0.642857143,0.357142857,0,0,0,0,0,0,0,0,0,0,0,0,0,0,0,0,0,0,0,0,0,0,0,0,0,0,0,0,0,0,0,0,0,0,0,0,0,0,0,0,0,0
GM0400,nl2019,den_helder,179,17,134,1.62707,1.734834,0.138427814,0.154488539,0.033782924,0,0,0,0,0,0,0,0,0,0,0,0,0,0,0.642857143,0.357142857,0,0,0,0,0,0,0,0,0,0,0,0,0,0,0,0,0,0,0,0,0,0,0,0,0,0,0,0,0,0,0,0,0,0,0,0,0,0,0,0,0,0
GM0163,nl2019,hellendoorn,139,82,1,1.902855,1.397903,0.300837787,0.178835774,0.02175561,0,0,0,0,0,0,0,0,0,0,0,0,0,0,0.642857143,0.357142857,0,0,0,0,0,0,0,0,0,0,0,0,0,0,0,0,0,0,0,0,0,0,0,0,0,0,0,0,0,0,0,0,0,0,0,0,0,0,0,0,0,0
GM0530,nl2019,hellevoetsluis,46,18,15,0.776841,1.133019,0.157456887,0.118212498,0.024332284,0,0,0,0,0,0,0,0,0,0,0,0,0,0,0.642857143,0.357142857,0,0,0,0,0,0,0,0,0,0,0,0,0,0,0,0,0,0,0,0,0,0,0,0,0,0,0,0,0,0,0,0,0,0,0,0,0,0,0,0,0,0
GM0794,nl2019,helmond,55,15,2,3.349649,2.899962,0.198090987,0.252590168,0.055606581,0,0,0,0,0,0,0,0,0,0,0,0,0,0.0003,0.642857143,0.357142857,11.595,1.22,0,0,0,0,0,0,0,0,0,0,0,0,0,0,0,0,0,0,0,0,0,0,0,0,0,0,0,0,0,0,0,0,0,0,0,0,0,0,0,0
GM0531,nl2019,hendrik_ido_ambacht,12,2,2,0.652504,0.722869,0.053183467,0.078222006,0.018813791,0,0,0,0,0,0,0,0,0,0,0,0,0,0,0.642857143,0.357142857,0,0,0,0,0,0,0,0,0,0,0,0,0,0,0,0,0,0,0,0,0,0,0,0,0,0,0,0,0,0,0,0,0,0,0,0,0,0,0,0,0,0
GM0164,nl2019,hengelo,0,0,0,0,0,0.178553177,0.219712023,0.049019992,0,0,0,0,0,0,0,0,0,0,0,0,0,0.00015,0.642857143,0.357142857,5.7975,0.61,0,0,0,0,0,0,0,0,0,0,0,0,0,0,0,0,0,0,0,0,0,0,0,0,0,0,0,0,0,0,0,0,0,0,0,0,0,0,0,0
GM0796,nl2019,s_hertogenbosch,118,55,8,4.244602,4.641193,0.472277602,0.426963214,0.093689227,0,0,0,0,0,0,0,0,0,0,0,0,0,0,0.642857143,0.357142857,0,0,0,0,0,0,0,0,0,0,0,0,0,0,0,0,0,0,0,0,0,0,0,0,0,0,0,0,0,0,0,0,0,0,0,0,0,0,0,0,0,0
GM0252,nl2019,heumen,42,23,2,0.605724,0.683947,0.086056422,0.057017617,0.010016281,0,0,0,0,0,0,0,0,0,0,0,0,0,0,0.642857143,0.357142857,0,0,0,0,0,0,0,0,0,0,0,0,0,0,0,0,0,0,0,0,0,0,0,0,0,0,0,0,0,0,0,0,0,0,0,0,0,0,0,0,0,0
GM0797,nl2019,heusden,81,45,2,2.748035,1.733067,0.181275855,0.147775615,0.026814786,0,0,0,0,0,0,0,0,0,0,0,0,0,0.00615,0.642857143,0.357142857,237.6975,25.01,0,0,0,0,0,0,0,0,0,0,0,0,0,0,0,0,0,0,0,0,0,0,0,0,0,0,0,0,0,0,0,0,0,0,0,0,0,0,0,0
GM0534,nl2019,hillegom,13,7,1,0.844834,0.632717,0.047570256,0.055402552,0.013345725,0,0,0,0,0,0,0,0,0,0,0,0,0,0,0.642857143,0.357142857,0,0,0,0,0,0,0,0,0,0,0,0,0,0,0,0,0,0,0,0,0,0,0,0,0,0,0,0,0,0,0,0,0,0,0,0,0,0,0,0,0,0
GM0798,nl2019,hilvarenbeek,97,57,2,1.33197,0.819415,0.318382809,0.103627093,0.009316369,0,0,0,0,0,0,0,0,0,0,0,0,0,0,0.642857143,0.357142857,0,0,0,0,0,0,0,0,0,0,0,0,0,0,0,0,0,0,0,0,0,0,0,0,0,0,0,0,0,0,0,0,0,0,0,0,0,0,0,0,0,0
GM0402,nl2019,hilversum,46,6,1,1.698287,2.354859,0.173437449,0.23919425,0.054825255,0,0,0,0,0,0,0,0,0,0,0,0,0,0,0.642857143,0.357142857,0,0,0,0,0,0,0,0,0,0,0,0,0,0,0,0,0,0,0,0,0,0,0,0,0,0,0,0,0,0,0,0,0,0,0,0,0,0,0,0,0,0
GM1963,nl2019,hoeksche_waard,324,213,55,3.6596,3.008789,0.882084864,0.335280938,0.052648965,0,0,0,0,0,0,0,0,0,0,0,0,0,0,0.642857143,0.357142857,0,0,0,0,0,0,0,0,0,0,0,0,0,0,0,0,0,0,0,0,0,0,0,0,0,0,0,0,0,0,0,0,0,0,0,0,0,0,0,0,0,0
GM1735,nl2019,hof_van_twente,215,157,3,3.002939,1.589063,0.498841974,0.282012559,0.021228246,0,0,0,0,0,0,0,0,0,0,0,0,0,0.0006,0.642857143,0.357142857,23.19,2.44,0,0,0,0,0,0,0,0,0,0,0,0,0,0,0,0,0,0,0,0,0,0,0,0,0,0,0,0,0,0,0,0,0,0,0,0,0,0,0,0
GM1966,nl2019,het_hogeland,931,407,431,2.993022,3.295705,5.991852324,0.392528427,0.030041552,0,0,0,0,0,0,0,0,0,0,0,0,0,0,0.642857143,0.357142857,0,0,0,0,0,0,0,0,0,0,0,0,0,0,0,0,0,0,0,0,0,0,0,0,0,0,0,0,0,0,0,0,0,0,0,0,0,0,0,0,0,0
GM1911,nl2019,hollands_kroon,662,312,305,7.539034,2.41223,0.964574202,0.285741948,0.029050617,0,0,0,0,0,0,0,0,0,0,0,0,0,0,0.642857143,0.357142857,0,0,0,0,0,0,0,0,0,0,0,0,0,0,0,0,0,0,0,0,0,0,0,0,0,0,0,0,0,0,0,0,0,0,0,0,0,0,0,0,0,0
GM0118,nl2019,hoogeveen,129,88,2,2.411389,2.114922,0.2697837,0.19755345,0.033818163,0,0,0,0,0,0,0,0,0,0,0,0,0,0,0.642857143,0.357142857,0,0,0,0,0,0,0,0,0,0,0,0,0,0,0,0,0,0,0,0,0,0,0,0,0,0,0,0,0,0,0,0,0,0,0,0,0,0,0,0,0,0
GM0405,nl2019,hoorn,53,2,33,1.491801,2.006997,0.124219336,0.187669365,0.044354517,0,0,0,0,0,0,0,0,0,0,0,0,0,0,0.642857143,0.357142857,0,0,0,0,0,0,0,0,0,0,0,0,0,0,0,0,0,0,0,0,0,0,0,0,0,0,0,0,0,0,0,0,0,0,0,0,0,0,0,0,0,0
GM1507,nl2019,horst_aan_de_maas,192,127,3,7.16927,2.292213,0.44179165,0.250390729,0.02569444,0,0,0,0,0,0,0,0,0,0,0,0,0,0,0.642857143,0.357142857,0,0,0,0,0,0,0,0,0,0,0,0,0,0,0,0,0,0,0,0,0,0,0,0,0,0,0,0,0,0,0,0,0,0,0,0,0,0,0,0,0,0
GM0321,nl2019,houten,59,38,4,1.449055,1.444235,0.177225542,0.149558349,0.030324069,0,0,0,0,0,0,0,0,0,0,0,0,0,0,0.642857143,0.357142857,0,0,0,0,0,0,0,0,0,0,0,0,0,0,0,0,0,0,0,0,0,0,0,0,0,0,0,0,0,0,0,0,0,0,0,0,0,0,0,0,0,0
GM0406,nl2019,huizen,23,1,8,0.526335,1.180206,0.07308148,0.109524012,0.025075941,0,0,0,0,0,0,0,0,0,0,0,0,0,0,0.642857143,0.357142857,0,0,0,0,0,0,0,0,0,0,0,0,0,0,0,0,0,0,0,0,0,0,0,0,0,0,0,0,0,0,0,0,0,0,0,0,0,0,0,0,0,0
GM0677,nl2019,hulst,252,154,51,1.58021,1.339219,0.788609254,0.169795897,0.01672256,0,0,0,0,0,0,0,0,0,0,0,0,0,0,0.642857143,0.357142857,0,0,0,0,0,0,0,0,0,0,0,0,0,0,0,0,0,0,0,0,0,0,0,0,0,0,0,0,0,0,0,0,0,0,0,0,0,0,0,0,0,0
GM0353,nl2019,ijsselstein,22,13,1,0.622776,0.905054,0.085100249,0.090055594,0.020754347,0,0,0,0,0,0,0,0,0,0,0,0,0,0,0.642857143,0.357142857,0,0,0,0,0,0,0,0,0,0,0,0,0,0,0,0,0,0,0,0,0,0,0,0,0,0,0,0,0,0,0,0,0,0,0,0,0,0,0,0,0,0
GM1884,nl2019,kaag_en_braassem,72,52,9,2.192972,1.011751,0.253185934,0.085713416,0.016322783,0,0,0,0,0,0,0,0,0,0,0,0,0,0,0.642857143,0.357142857,0,0,0,0,0,0,0,0,0,0,0,0,0,0,0,0,0,0,0,0,0,0,0,0,0,0,0,0,0,0,0,0,0,0,0,0,0,0,0,0,0,0
GM0166,nl2019,kampen,162,111,21,3.087253,1.799342,0.419517923,0.187949388,0.032674122,0,0,0,0,0,0,0,0,0,0,0,0,0,0,0.642857143,0.357142857,0,0,0,0,0,0,0,0,0,0,0,0,0,0,0,0,0,0,0,0,0,0,0,0,0,0,0,0,0,0,0,0,0,0,0,0,0,0,0,0,0,0
GM0678,nl2019,kapelle,50,27,12,1.430559,0.485679,0.111272019,0.04871986,0.007767691,0,0,0,0,0,0,0,0,0,0,0,0,0,0,0.642857143,0.357142857,0,0,0,0,0,0,0,0,0,0,0,0,0,0,0,0,0,0,0,0,0,0,0,0,0,0,0,0,0,0,0,0,0,0,0,0,0,0,0,0,0,0
GM0537,nl2019,katwijk,31,5,6,2.374806,1.548098,0.121642973,0.164886791,0.039675068,0,0,0,0,0,0,0,0,0,0,0,0,0,0,0.642857143,0.357142857,0,0,0,0,0,0,0,0,0,0,0,0,0,0,0,0,0,0,0,0,0,0,0,0,0,0,0,0,0,0,0,0,0,0,0,0,0,0,0,0,0,0
GM0928,nl2019,kerkrade,22,4,0,1.349664,1.632694,0.084247534,0.127466626,0.027730383,0,0,0,0,0,0,0,0,0,0,0,0,0,0.0123,0.642857143,0.357142857,475.395,50.02,0,0,0,0,0,0,0,0,0,0,0,0,0,0,0,0,0,0,0,0,0,0,0,0,0,0,0,0,0,0,0,0,0,0,0,0,0,0,0,0
GM1598,nl2019,koggenland,84,69,4,1.602777,0.935538,0.234312673,0.076284793,0.013814764,0,0,0,0,0,0,0,0,0,0,0,0,0,0.00015,0.642857143,0.357142857,5.7975,0.61,0,0,0,0,0,0,0,0,0,0,0,0,0,0,0,0,0,0,0,0,0,0,0,0,0,0,0,0,0,0,0,0,0,0,0,0,0,0,0,0
GM0542,nl2019,krimpen_aan_den_ijssel,9,0,1,0.534513,0.753756,0.056162529,0.075603823,0.017847766,0,0,0,0,0,0,0,0,0,0,0,0,0,0,0.642857143,0.357142857,0,0,0,0,0,0,0,0,0,0,0,0,0,0,0,0,0,0,0,0,0,0,0,0,0,0,0,0,0,0,0,0,0,0,0,0,0,0,0,0,0,0
GM1931,nl2019,krimpenerwaard,161,128,13,2.067755,1.812482,0.416144936,0.182095895,0.034052682,0,0,0,0,0,0,0,0,0,0,0,0,0,0,0.642857143,0.357142857,0,0,0,0,0,0,0,0,0,0,0,0,0,0,0,0,0,0,0,0,0,0,0,0,0,0,0,0,0,0,0,0,0,0,0,0,0,0,0,0,0,0
GM1659,nl2019,laarbeek,56,38,1,1.706577,0.969573,0.17067015,0.101942701,0.013568701,0,0,0,0,0,0,0,0,0,0,0,0,0,0,0.642857143,0.357142857,0,0,0,0,0,0,0,0,0,0,0,0,0,0,0,0,0,0,0,0,0,0,0,0,0,0,0,0,0,0,0,0,0,0,0,0,0,0,0,0,0,0
GM1685,nl2019,landerd,71,45,0,1.138184,0.797494,0.165810196,0.087210684,0.009434843,0,0,0,0,0,0,0,0,0,0,0,0,0,0.00015,0.642857143,0.357142857,5.7975,0.61,0,0,0,0,0,0,0,0,0,0,0,0,0,0,0,0,0,0,0,0,0,0,0,0,0,0,0,0,0,0,0,0,0,0,0,0,0,0,0,0
GM0882,nl2019,landgraaf,25,7,0,0.736203,1.451904,0.070357422,0.106601089,0.022838895,0,0,0,0,0,0,0,0,0,0,0,0,0,0,0.642857143,0.357142857,0,0,0,0,0,0,0,0,0,0,0,0,0,0,0,0,0,0,0,0,0,0,0,0,0,0,0,0,0,0,0,0,0,0,0,0,0,0,0,0,0,0
GM0415,nl2019,landsmeer,27,15,4,0.215509,0.372406,0.101037833,0.031844013,0.006979682,0,0,0,0,0,0,0,0,0,0,0,0,0,0,0.642857143,0.357142857,0,0,0,0,0,0,0,0,0,0,0,0,0,0,0,0,0,0,0,0,0,0,0,0,0,0,0,0,0,0,0,0,0,0,0,0,0,0,0,0,0,0
GM0416,nl2019,langedijk,27,12,3,0.757005,0.98815,0.101565377,0.074479586,0.017006899,0,0,0,0,0,0,0,0,0,0,0,0,0,0,0.642857143,0.357142857,0,0,0,0,0,0,0,0,0,0,0,0,0,0,0,0,0,0,0,0,0,0,0,0,0,0,0,0,0,0,0,0,0,0,0,0,0,0,0,0,0,0
GM1621,nl2019,lansingerland,56,18,3,11.350783,1.730338,0.157113565,0.16405134,0.037426478,0,0,0,0,0,0,0,0,0,0,0,0,0,0,0.642857143,0.357142857,0,0,0,0,0,0,0,0,0,0,0,0,0,0,0,0,0,0,0,0,0,0,0,0,0,0,0,0,0,0,0,0,0,0,0,0,0,0,0,0,0,0
GM0417,nl2019,laren,12,0,0,0.221939,0.530579,0.021415163,0.032030384,0.006801666,0,0,0,0,0,0,0,0,0,0,0,0,0,0,0.642857143,0.357142857,0,0,0,0,0,0,0,0,0,0,0,0,0,0,0,0,0,0,0,0,0,0,0,0,0,0,0,0,0,0,0,0,0,0,0,0,0,0,0,0,0,0
GM0080,nl2019,leeuwarden,170,102,16,3.775684,4.294553,0.780985638,0.383663739,0.074795238,0,0,0,0,0,0,0,0,0,0,0,0,0,0,0.642857143,0.357142857,0,0,0,0,0,0,0,0,0,0,0,0,0,0,0,0,0,0,0,0,0,0,0,0,0,0,0,0,0,0,0,0,0,0,0,0,0,0,0,0,0,0
GM0546,nl2019,leiden,23,2,1,1.770472,2.484526,0.210520859,0.312411951,0.075883991,0,0,0,0,0,0,0,0,0,0,0,0,0,0,0.642857143,0.357142857,0,0,0,0,0,0,0,0,0,0,0,0,0,0,0,0,0,0,0,0,0,0,0,0,0,0,0,0,0,0,0,0,0,0,0,0,0,0,0,0,0,0
GM0547,nl2019,leiderdorp,12,5,1,0.413814,0.655973,0.057403092,0.070630826,0.016470421,0,0,0,0,0,0,0,0,0,0,0,0,0,0,0.642857143,0.357142857,0,0,0,0,0,0,0,0,0,0,0,0,0,0,0,0,0,0,0,0,0,0,0,0,0,0,0,0,0,0,0,0,0,0,0,0,0,0,0,0,0,0
GM1916,nl2019,leidschendam_voorburg,36,17,3,1.136341,1.74354,0.176877754,0.19601137,0.045825427,0,0,0,0,0,0,0,0,0,0,0,0,0,0,0.642857143,0.357142857,0,0,0,0,0,0,0,0,0,0,0,0,0,0,0,0,0,0,0,0,0,0,0,0,0,0,0,0,0,0,0,0,0,0,0,0,0,0,0,0,0,0
GM0995,nl2019,lelystad,765,113,536,2.438657,2.410994,1.191203527,0.328689837,0.047324892,0,0,0,0,0,0,0,0,0,0,0,0,0,0.00045,0.642857143,0.357142857,17.3925,1.83,0,0,0,0,0,0,0,0,0,0,0,0,0,0,0,0,0,0,0,0,0,0,0,0,0,0,0,0,0,0,0,0,0,0,0,0,0,0,0,0
GM1640,nl2019,leudal,165,112,2,2.862651,2.058388,0.516290127,0.350586815,0.02167845,0,0,0,0,0,0,0,0,0,0,0,0,0,0,0.642857143,0.357142857,0,0,0,0,0,0,0,0,0,0,0,0,0,0,0,0,0,0,0,0,0,0,0,0,0,0,0,0,0,0,0,0,0,0,0,0,0,0,0,0,0,0
GM0327,nl2019,leusden,59,28,0,0.800151,0.984103,0.117093284,0.104097608,0.018245112,0,0,0,0,0,0,0,0,0,0,0,0,0,0,0.642857143,0.357142857,0,0,0,0,0,0,0,0,0,0,0,0,0,0,0,0,0,0,0,0,0,0,0,0,0,0,0,0,0,0,0,0,0,0,0,0,0,0,0,0,0,0
GM1705,nl2019,lingewaard,69,43,7,3.286842,1.733414,0.148302684,0.138203112,0.028236483,0,0,0,0,0,0,0,0,0,0,0,0,0,0.00045,0.642857143,0.357142857,17.3925,1.83,0,0,0,0,0,0,0,0,0,0,0,0,0,0,0,0,0,0,0,0,0,0,0,0,0,0,0,0,0,0,0,0,0,0,0,0,0,0,0,0
GM0553,nl2019,lisse,16,8,0,0.857683,0.609791,0.052211126,0.060258246,0.013852433,0,0,0,0,0,0,0,0,0,0,0,0,0,0,0.642857143,0.357142857,0,0,0,0,0,0,0,0,0,0,0,0,0,0,0,0,0,0,0,0,0,0,0,0,0,0,0,0,0,0,0,0,0,0,0,0,0,0,0,0,0,0
GM0262,nl2019,lochem,216,159,3,2.112504,1.728694,0.407650228,0.200508868,0.020408036,0,0,0,0,0,0,0,0,0,0,0,0,0,0,0.642857143,0.357142857,0,0,0,0,0,0,0,0,0,0,0,0,0,0,0,0,0,0,0,0,0,0,0,0,0,0,0,0,0,0,0,0,0,0,0,0,0,0,0,0,0,0
GM0809,nl2019,loon_op_zand,51,22,1,0.981618,0.848233,0.09435675,0.090596401,0.014172618,0,0,0,0,0,0,0,0,0,0,0,0,0,0,0.642857143,0.357142857,0,0,0,0,0,0,0,0,0,0,0,0,0,0,0,0,0,0,0,0,0,0,0,0,0,0,0,0,0,0,0,0,0,0,0,0,0,0,0,0,0,0
GM0331,nl2019,lopik,79,69,3,0.89976,0.529271,0.177147431,0.067554153,0.008793257,0,0,0,0,0,0,0,0,0,0,0,0,0,0,0.642857143,0.357142857,0,0,0,0,0,0,0,0,0,0,0,0,0,0,0,0,0,0,0,0,0,0,0,0,0,0,0,0,0,0,0,0,0,0,0,0,0,0,0,0,0,0
GM0168,nl2019,losser,100,71,1,0.990265,0.986487,0.199737622,0.103282124,0.013744287,0,0,0,0,0,0,0,0,0,0,0,0,0,0,0.642857143,0.357142857,0,0,0,0,0,0,0,0,0,0,0,0,0,0,0,0,0,0,0,0,0,0,0,0,0,0,0,0,0,0,0,0,0,0,0,0,0,0,0,0,0,0
GM0263,nl2019,maasdriel,75,52,10,2.008938,1.272448,0.166064974,0.076861762,0.015002549,0,0,0,0,0,0,0,0,0,0,0,0,0,0,0.642857143,0.357142857,0,0,0,0,0,0,0,0,0,0,0,0,0,0,0,0,0,0,0,0,0,0,0,0,0,0,0,0,0,0,0,0,0,0,0,0,0,0,0,0,0,0
GM1641,nl2019,maasgouw,58,24,12,0.843778,1.250586,0.181618552,0.077318436,0.01440896,0,0,0,0,0,0,0,0,0,0,0,0,0,0,0.642857143,0.357142857,0,0,0,0,0,0,0,0,0,0,0,0,0,0,0,0,0,0,0,0,0,0,0,0,0,0,0,0,0,0,0,0,0,0,0,0,0,0,0,0,0,0
GM0556,nl2019,maassluis,10,2,2,0.507311,0.658731,0.056751107,0.083415055,0.019908619,0,0,0,0,0,0,0,0,0,0,0,0,0,0,0.642857143,0.357142857,0,0,0,0,0,0,0,0,0,0,0,0,0,0,0,0,0,0,0,0,0,0,0,0,0,0,0,0,0,0,0,0,0,0,0,0,0,0,0,0,0,0
GM0935,nl2019,maastricht,60,19,4,2.508613,3.711025,0.237456162,0.327027215,0.073858376,0,0,0,0,0,0,0,0,0,0,0,0,0,0,0.642857143,0.357142857,0,0,0,0,0,0,0,0,0,0,0,0,0,0,0,0,0,0,0,0,0,0,0,0,0,0,0,0,0,0,0,0,0,0,0,0,0,0,0,0,0,0
GM0420,nl2019,medemblik,258,96,136,4.646168,1.93792,0.286227615,0.13909779,0.027224283,0,0,0,0,0,0,0,0,0,0,0,0,0,0,0.642857143,0.357142857,0,0,0,0,0,0,0,0,0,0,0,0,0,0,0,0,0,0,0,0,0,0,0,0,0,0,0,0,0,0,0,0,0,0,0,0,0,0,0,0,0,0
GM0938,nl2019,meerssen,28,16,1,0.443731,0.899026,0.053624922,0.057888067,0.011496912,0,0,0,0,0,0,0,0,0,0,0,0,0,0,0.642857143,0.357142857,0,0,0,0,0,0,0,0,0,0,0,0,0,0,0,0,0,0,0,0,0,0,0,0,0,0,0,0,0,0,0,0,0,0,0,0,0,0,0,0,0,0
GM1948,nl2019,meierijstad,186,132,2,5.880453,3.338554,0.605743571,0.349995867,0.049100191,0,0,0,0,0,0,0,0,0,0,0,0,0,0.00015,0.642857143,0.357142857,5.7975,0.61,0,0,0,0,0,0,0,0,0,0,0,0,0,0,0,0,0,0,0,0,0,0,0,0,0,0,0,0,0,0,0,0,0,0,0,0,0,0,0,0
GM0119,nl2019,meppel,57,40,2,1.177297,1.234854,0.148439297,0.102560643,0.020392239,0,0,0,0,0,0,0,0,0,0,0,0,0,0,0.642857143,0.357142857,0,0,0,0,0,0,0,0,0,0,0,0,0,0,0,0,0,0,0,0,0,0,0,0,0,0,0,0,0,0,0,0,0,0,0,0,0,0,0,0,0,0
GM0687,nl2019,middelburg,53,28,5,1.36553,1.546057,1.377164675,0.14418573,0.02949353,0,0,0,0,0,0,0,0,0,0,0,0,0,0,0.642857143,0.357142857,0,0,0,0,0,0,0,0,0,0,0,0,0,0,0,0,0,0,0,0,0,0,0,0,0,0,0,0,0,0,0,0,0,0,0,0,0,0,0,0,0,0
GM1842,nl2019,midden_delfland,49,35,2,2.644604,0.799926,0.132253529,0.059993136,0.011781251,0,0,0,0,0,0,0,0,0,0,0,0,0,0,0.642857143,0.357142857,0,0,0,0,0,0,0,0,0,0,0,0,0,0,0,0,0,0,0,0,0,0,0,0,0,0,0,0,0,0,0,0,0,0,0,0,0,0,0,0,0,0
GM1731,nl2019,midden_drenthe,346,251,5,2.457181,1.818312,0.652634108,0.355931902,0.02015772,0,0,0,0,0,0,0,0,0,0,0,0,0,0,0.642857143,0.357142857,0,0,0,0,0,0,0,0,0,0,0,0,0,0,0,0,0,0,0,0,0,0,0,0,0,0,0,0,0,0,0,0,0,0,0,0,0,0,0,0,0,0
GM1952,nl2019,midden_groningen,296,220,18,2.69755,3.439682,0.67549708,0.333369601,0.036999969,0,0,0,0,0,0,0,0,0,0,0,0,0,0.0021,0.642857143,0.357142857,81.165,8.54,0,0,0,0,0,0,0,0,0,0,0,0,0,0,0,0,0,0,0,0,0,0,0,0,0,0,0,0,0,0,0,0,0,0,0,0,0,0,0,0
GM0815,nl2019,mill_en_sint_hubert,53,38,1,1.015596,0.552615,0.119469635,0.069987009,0.006616967,0,0,0,0,0,0,0,0,0,0,0,0,0,0,0.642857143,0.357142857,0,0,0,0,0,0,0,0,0,0,0,0,0,0,0,0,0,0,0,0,0,0,0,0,0,0,0,0,0,0,0,0,0,0,0,0,0,0,0,0,0,0
GM1709,nl2019,moerdijk,184,116,25,4.248548,1.430881,0.51641385,0.187392019,0.02245613,0,0,0,0,0,0,0,0,0,0,0,0,0,0.00015,0.642857143,0.357142857,5.7975,0.61,0,0,0,0,0,0,0,0,0,0,0,0,0,0,0,0,0,0,0,0,0,0,0,0,0,0,0,0,0,0,0,0,0,0,0,0,0,0,0,0
GM1978,nl2019,molenlanden,192,161,10,2.163738,1.481169,0.51389615,0.168758711,0.026646491,0,0,0,0,0,0,0,0,0,0,0,0,0,0.0003,0.642857143,0.357142857,11.595,1.22,0,0,0,0,0,0,0,0,0,0,0,0,0,0,0,0,0,0,0,0,0,0,0,0,0,0,0,0,0,0,0,0,0,0,0,0,0,0,0,0
GM1955,nl2019,montferland,107,73,1,1.953609,1.583457,0.226741259,0.150127947,0.021888059,0,0,0,0,0,0,0,0,0,0,0,0,0,0,0.642857143,0.357142857,0,0,0,0,0,0,0,0,0,0,0,0,0,0,0,0,0,0,0,0,0,0,0,0,0,0,0,0,0,0,0,0,0,0,0,0,0,0,0,0,0,0
GM0335,nl2019,montfoort,38,33,1,0.646437,0.45617,0.118778628,0.045522023,0.008503449,0,0,0,0,0,0,0,0,0,0,0,0,0,0,0.642857143,0.357142857,0,0,0,0,0,0,0,0,0,0,0,0,0,0,0,0,0,0,0,0,0,0,0,0,0,0,0,0,0,0,0,0,0,0,0,0,0,0,0,0,0,0
GM0944,nl2019,mook_en_middelaar,19,7,1,0.182323,0.36868,0.036985531,0.027256444,0.004742636,0,0,0,0,0,0,0,0,0,0,0,0,0,0,0.642857143,0.357142857,0,0,0,0,0,0,0,0,0,0,0,0,0,0,0,0,0,0,0,0,0,0,0,0,0,0,0,0,0,0,0,0,0,0,0,0,0,0,0,0,0,0
GM1740,nl2019,neder_betuwe,67,47,7,1.375789,0.906289,0.116918232,0.165323904,0.014602165,0,0,0,0,0,0,0,0,0,0,0,0,0,0,0.642857143,0.357142857,0,0,0,0,0,0,0,0,0,0,0,0,0,0,0,0,0,0,0,0,0,0,0,0,0,0,0,0,0,0,0,0,0,0,0,0,0,0,0,0,0,0
GM0946,nl2019,nederweert,102,73,2,1.830856,0.969729,0.355909417,0.291239203,0.010329176,0,0,0,0,0,0,0,0,0,0,0,0,0,0.00015,0.642857143,0.357142857,5.7975,0.61,0,0,0,0,0,0,0,0,0,0,0,0,0,0,0,0,0,0,0,0,0,0,0,0,0,0,0,0,0,0,0,0,0,0,0,0,0,0,0,0
GM0356,nl2019,nieuwegein,26,3,2,1.723656,1.487158,0.126728074,0.174682789,0.038298331,0,0,0,0,0,0,0,0,0,0,0,0,0,0,0.642857143,0.357142857,0,0,0,0,0,0,0,0,0,0,0,0,0,0,0,0,0,0,0,0,0,0,0,0,0,0,0,0,0,0,0,0,0,0,0,0,0,0,0,0,0,0
GM0569,nl2019,nieuwkoop,91,59,13,2.434787,1.05879,0.343263225,0.093258164,0.017393309,0,0,0,0,0,0,0,0,0,0,0,0,0,0,0.642857143,0.357142857,0,0,0,0,0,0,0,0,0,0,0,0,0,0,0,0,0,0,0,0,0,0,0,0,0,0,0,0,0,0,0,0,0,0,0,0,0,0,0,0,0,0
GM0267,nl2019,nijkerk,72,49,3,1.966435,1.362537,0.169107293,0.191287916,0.026090571,0,0,0,0,0,0,0,0,0,0,0,0,0,0,0.642857143,0.357142857,0,0,0,0,0,0,0,0,0,0,0,0,0,0,0,0,0,0,0,0,0,0,0,0,0,0,0,0,0,0,0,0,0,0,0,0,0,0,0,0,0,0
GM0268,nl2019,nijmegen,58,9,5,3.51746,4.070612,0.310087,0.4620867,0.107390377,0,0,0,0,0,0,0,0,0,0,0,0,0,0,0.642857143,0.357142857,0,0,0,0,0,0,0,0,0,0,0,0,0,0,0,0,0,0,0,0,0,0,0,0,0,0,0,0,0,0,0,0,0,0,0,0,0,0,0,0,0,0
GM1930,nl2019,nissewaard,99,55,16,1.442679,2.072472,0.29612688,0.249902774,0.051519506,0,0,0,0,0,0,0,0,0,0,0,0,0,0,0.642857143,0.357142857,0,0,0,0,0,0,0,0,0,0,0,0,0,0,0,0,0,0,0,0,0,0,0,0,0,0,0,0,0,0,0,0,0,0,0,0,0,0,0,0,0,0
GM1970,nl2019,noardeast_fryslan,516,305,137,0,0,1.152551021,0.295119981,0.027450297,0,0,0,0,0,0,0,0,0,0,0,0,0,0,0.642857143,0.357142857,0,0,0,0,0,0,0,0,0,0,0,0,0,0,0,0,0,0,0,0,0,0,0,0,0,0,0,0,0,0,0,0,0,0,0,0,0,0,0,0,0,0
GM1695,nl2019,noord_beveland,122,70,36,0.63111,0.403076,1.404088196,0.064005909,0.004440069,0,0,0,0,0,0,0,0,0,0,0,0,0,0,0.642857143,0.357142857,0,0,0,0,0,0,0,0,0,0,0,0,0,0,0,0,0,0,0,0,0,0,0,0,0,0,0,0,0,0,0,0,0,0,0,0,0,0,0,0,0,0
GM1699,nl2019,noordenveld,205,130,6,1.386617,1.605078,0.468821864,0.163510014,0.019010641,0,0,0,0,0,0,0,0,0,0,0,0,0,0,0.642857143,0.357142857,0,0,0,0,0,0,0,0,0,0,0,0,0,0,0,0,0,0,0,0,0,0,0,0,0,0,0,0,0,0,0,0,0,0,0,0,0,0,0,0,0,0
GM0171,nl2019,noordoostpolder,595,399,136,7.316461,2.089859,2.122553205,0.306547142,0.02847161,0,0,0,0,0,0,0,0,0,0,0,0,0,0,0.642857143,0.357142857,0,0,0,0,0,0,0,0,0,0,0,0,0,0,0,0,0,0,0,0,0,0,0,0,0,0,0,0,0,0,0,0,0,0,0,0,0,0,0,0,0,0
GM0575,nl2019,noordwijk,52,8,16,1.80776,1.438295,0.050308516,0.070540169,0.01590235,0,0,0,0,0,0,0,0,0,0,0,0,0,0,0.642857143,0.357142857,0,0,0,0,0,0,0,0,0,0,0,0,0,0,0,0,0,0,0,0,0,0,0,0,0,0,0,0,0,0,0,0,0,0,0,0,0,0,0,0,0,0
GM0820,nl2019,nuenen_gerwen_en_nederwetten,34,19,0,0,0,0.034908809,0.054748603,0.014086952,0,0,0,0,0,0,0,0,0,0,0,0,0,0,0.642857143,0.357142857,0,0,0,0,0,0,0,0,0,0,0,0,0,0,0,0,0,0,0,0,0,0,0,0,0,0,0,0,0,0,0,0,0,0,0,0,0,0,0,0,0,0
GM0302,nl2019,nunspeet,130,30,1,1.191426,0.941428,0.1456215,0.140042773,0.016696434,0,0,0,0,0,0,0,0,0,0,0,0,0,0,0.642857143,0.357142857,0,0,0,0,0,0,0,0,0,0,0,0,0,0,0,0,0,0,0,0,0,0,0,0,0,0,0,0,0,0,0,0,0,0,0,0,0,0,0,0,0,0
GM0579,nl2019,oegstgeest,8,1,1,0.315278,0.666082,0.047290181,0.063053897,0.01484033,0,0,0,0,0,0,0,0,0,0,0,0,0,0,0.642857143,0.357142857,0,0,0,0,0,0,0,0,0,0,0,0,0,0,0,0,0,0,0,0,0,0,0,0,0,0,0,0,0,0,0,0,0,0,0,0,0,0,0,0,0,0
GM0823,nl2019,oirschot,103,58,1,1.674029,0.898426,0.241045416,0.150189256,0.011314643,0,0,0,0,0,0,0,0,0,0,0,0,0,0.00015,0.642857143,0.357142857,5.7975,0.61,0,0,0,0,0,0,0,0,0,0,0,0,0,0,0,0,0,0,0,0,0,0,0,0,0,0,0,0,0,0,0,0,0,0,0,0,0,0,0,0
GM0824,nl2019,oisterwijk,65,36,1,1.773226,1.355564,0.186224208,0.107234946,0.015881693,0,0,0,0,0,0,0,0,0,0,0,0,0,0,0.642857143,0.357142857,0,0,0,0,0,0,0,0,0,0,0,0,0,0,0,0,0,0,0,0,0,0,0,0,0,0,0,0,0,0,0,0,0,0,0,0,0,0,0,0,0,0
GM1895,nl2019,oldambt,296,183,69,1.899846,2.089006,0.565057867,0.284842762,0.023165763,0,0,0,0,0,0,0,0,0,0,0,0,0,0,0.642857143,0.357142857,0,0,0,0,0,0,0,0,0,0,0,0,0,0,0,0,0,0,0,0,0,0,0,0,0,0,0,0,0,0,0,0,0,0,0,0,0,0,0,0,0,0
GM0269,nl2019,oldebroek,99,57,1,1.156956,0.882315,0.148138604,0.097763082,0.014337268,0,0,0,0,0,0,0,0,0,0,0,0,0,0,0.642857143,0.357142857,0,0,0,0,0,0,0,0,0,0,0,0,0,0,0,0,0,0,0,0,0,0,0,0,0,0,0,0,0,0,0,0,0,0,0,0,0,0,0,0,0,0
GM0173,nl2019,oldenzaal,22,7,0,1.272675,1.105029,0.062176951,0.086661021,0.019344801,0,0,0,0,0,0,0,0,0,0,0,0,0,0,0.642857143,0.357142857,0,0,0,0,0,0,0,0,0,0,0,0,0,0,0,0,0,0,0,0,0,0,0,0,0,0,0,0,0,0,0,0,0,0,0,0,0,0,0,0,0,0
GM1773,nl2019,olst_wijhe,118,96,5,1.010482,0.820689,0.275127501,0.096057699,0.010979268,0,0,0,0,0,0,0,0,0,0,0,0,0,0,0.642857143,0.357142857,0,0,0,0,0,0,0,0,0,0,0,0,0,0,0,0,0,0,0,0,0,0,0,0,0,0,0,0,0,0,0,0,0,0,0,0,0,0,0,0,0,0
GM0175,nl2019,ommen,182,113,2,1.367617,0.975178,0.386863542,0.165863958,0.010822517,0,0,0,0,0,0,0,0,0,0,0,0,0,0,0.642857143,0.357142857,0,0,0,0,0,0,0,0,0,0,0,0,0,0,0,0,0,0,0,0,0,0,0,0,0,0,0,0,0,0,0,0,0,0,0,0,0,0,0,0,0,0
GM1586,nl2019,oost_gelre,110,89,1,2.386959,1.359823,0.33199944,0.175648117,0.018047047,0,0,0,0,0,0,0,0,0,0,0,0,0,0,0.642857143,0.357142857,0,0,0,0,0,0,0,0,0,0,0,0,0,0,0,0,0,0,0,0,0,0,0,0,0,0,0,0,0,0,0,0,0,0,0,0,0,0,0,0,0,0
GM0826,nl2019,oosterhout,73,33,2,3.145239,1.782094,0.202387449,0.174947453,0.033790215,0,0,0,0,0,0,0,0,0,0,0,0,0,0,0.642857143,0.357142857,0,0,0,0,0,0,0,0,0,0,0,0,0,0,0,0,0,0,0,0,0,0,0,0,0,0,0,0,0,0,0,0,0,0,0,0,0,0,0,0,0,0
GM0085,nl2019,ooststellingwerf,226,163,3,1.675151,1.468805,0.524225871,0.188756067,0.01549103,0,0,0,0,0,0,0,0,0,0,0,0,0,0,0.642857143,0.357142857,0,0,0,0,0,0,0,0,0,0,0,0,0,0,0,0,0,0,0,0,0,0,0,0,0,0,0,0,0,0,0,0,0,0,0,0,0,0,0,0,0,0
GM0431,nl2019,oostzaan,16,5,5,0.210355,0.286634,0.078277409,0.025059125,0.005927991,0,0,0,0,0,0,0,0,0,0,0,0,0,0,0.642857143,0.357142857,0,0,0,0,0,0,0,0,0,0,0,0,0,0,0,0,0,0,0,0,0,0,0,0,0,0,0,0,0,0,0,0,0,0,0,0,0,0,0,0,0,0
GM0432,nl2019,opmeer,42,36,0,0.762637,0.529148,0.102021699,0.042337877,0.007156483,0,0,0,0,0,0,0,0,0,0,0,0,0,0,0.642857143,0.357142857,0,0,0,0,0,0,0,0,0,0,0,0,0,0,0,0,0,0,0,0,0,0,0,0,0,0,0,0,0,0,0,0,0,0,0,0,0,0,0,0,0,0
GM0086,nl2019,opsterland,228,178,3,1.560108,1.662219,0.446875832,0.161587388,0.01805859,0,0,0,0,0,0,0,0,0,0,0,0,0,0,0.642857143,0.357142857,0,0,0,0,0,0,0,0,0,0,0,0,0,0,0,0,0,0,0,0,0,0,0,0,0,0,0,0,0,0,0,0,0,0,0,0,0,0,0,0,0,0
GM0828,nl2019,oss,171,116,9,4.347029,3.416189,0.519908262,0.309455363,0.055562229,0,0,0,0,0,0,0,0,0,0,0,0,0,0.0003,0.642857143,0.357142857,11.595,1.22,0,0,0,0,0,0,0,0,0,0,0,0,0,0,0,0,0,0,0,0,0,0,0,0,0,0,0,0,0,0,0,0,0,0,0,0,0,0,0,0
GM1509,nl2019,oude_ijsselstreek,138,112,2,2.336874,1.901556,0.31358553,0.159965001,0.023982328,0,0,0,0,0,0,0,0,0,0,0,0,0,0,0.642857143,0.357142857,0,0,0,0,0,0,0,0,0,0,0,0,0,0,0,0,0,0,0,0,0,0,0,0,0,0,0,0,0,0,0,0,0,0,0,0,0,0,0,0,0,0
GM0437,nl2019,ouder_amstel,26,16,2,0.614614,0.394497,0.06400262,0.040773792,0.008454844,0,0,0,0,0,0,0,0,0,0,0,0,0,0,0.642857143,0.357142857,0,0,0,0,0,0,0,0,0,0,0,0,0,0,0,0,0,0,0,0,0,0,0,0,0,0,0,0,0,0,0,0,0,0,0,0,0,0,0,0,0,0
GM0589,nl2019,oudewater,40,36,1,0.505672,0.365452,0.113550838,0.043957704,0.006197749,0,0,0,0,0,0,0,0,0,0,0,0,0,0,0.642857143,0.357142857,0,0,0,0,0,0,0,0,0,0,0,0,0,0,0,0,0,0,0,0,0,0,0,0,0,0,0,0,0,0,0,0,0,0,0,0,0,0,0,0,0,0
GM1734,nl2019,overbetuwe,115,85,6,2.242514,1.83516,0.243704066,0.193881535,0.02888536,0,0,0,0,0,0,0,0,0,0,0,0,0,0,0.642857143,0.357142857,0,0,0,0,0,0,0,0,0,0,0,0,0,0,0,0,0,0,0,0,0,0,0,0,0,0,0,0,0,0,0,0,0,0,0,0,0,0,0,0,0,0
GM0590,nl2019,papendrecht,11,1,1,0.607794,0.741623,0.057024475,0.085370599,0.019618204,0,0,0,0,0,0,0,0,0,0,0,0,0,0,0.642857143,0.357142857,0,0,0,0,0,0,0,0,0,0,0,0,0,0,0,0,0,0,0,0,0,0,0,0,0,0,0,0,0,0,0,0,0,0,0,0,0,0,0,0,0,0
GM1894,nl2019,peel_en_maas,161,108,2,7.543378,2.159426,0.373021129,0.278695818,0.026314154,0,0,0,0,0,0,0,0,0,0,0,0,0,0,0.642857143,0.357142857,0,0,0,0,0,0,0,0,0,0,0,0,0,0,0,0,0,0,0,0,0,0,0,0,0,0,0,0,0,0,0,0,0,0,0,0,0,0,0,0,0,0
GM0765,nl2019,pekela,50,40,1,0.614923,0.609645,0.094469573,0.05024792,0.007420773,0,0,0,0,0,0,0,0,0,0,0,0,0,0,0.642857143,0.357142857,0,0,0,0,0,0,0,0,0,0,0,0,0,0,0,0,0,0,0,0,0,0,0,0,0,0,0,0,0,0,0,0,0,0,0,0,0,0,0,0,0,0
GM1926,nl2019,pijnacker_nootdorp,39,16,2,4.770791,1.560802,0.124054338,0.14187312,0.033009497,0,0,0,0,0,0,0,0,0,0,0,0,0,0,0.642857143,0.357142857,0,0,0,0,0,0,0,0,0,0,0,0,0,0,0,0,0,0,0,0,0,0,0,0,0,0,0,0,0,0,0,0,0,0,0,0,0,0,0,0,0,0
GM0439,nl2019,purmerend,25,3,2,1.081104,1.886391,0.147452558,0.208341368,0.048676112,0,0,0,0,0,0,0,0,0,0,0,0,0,0,0.642857143,0.357142857,0,0,0,0,0,0,0,0,0,0,0,0,0,0,0,0,0,0,0,0,0,0,0,0,0,0,0,0,0,0,0,0,0,0,0,0,0,0,0,0,0,0
GM0273,nl2019,putten,88,47,2,1.409268,0.919937,0.157945134,0.153954028,0.014701806,0,0,0,0,0,0,0,0,0,0,0,0,0,0,0.642857143,0.357142857,0,0,0,0,0,0,0,0,0,0,0,0,0,0,0,0,0,0,0,0,0,0,0,0,0,0,0,0,0,0,0,0,0,0,0,0,0,0,0,0,0,0
GM0177,nl2019,raalte,172,139,1,2.458425,1.619257,0.467947441,0.215731429,0.02279029,0,0,0,0,0,0,0,0,0,0,0,0,0,0,0.642857143,0.357142857,0,0,0,0,0,0,0,0,0,0,0,0,0,0,0,0,0,0,0,0,0,0,0,0,0,0,0,0,0,0,0,0,0,0,0,0,0,0,0,0,0,0
GM0703,nl2019,reimerswaal,242,74,141,2.150022,0.781791,0.395432246,0.110359211,0.01377831,0,0,0,0,0,0,0,0,0,0,0,0,0,0,0.642857143,0.357142857,0,0,0,0,0,0,0,0,0,0,0,0,0,0,0,0,0,0,0,0,0,0,0,0,0,0,0,0,0,0,0,0,0,0,0,0,0,0,0,0,0,0
GM0274,nl2019,renkum,47,15,1,0.629571,1.08338,0.080297641,0.098902071,0.019017932,0,0,0,0,0,0,0,0,0,0,0,0,0,0,0.642857143,0.357142857,0,0,0,0,0,0,0,0,0,0,0,0,0,0,0,0,0,0,0,0,0,0,0,0,0,0,0,0,0,0,0,0,0,0,0,0,0,0,0,0,0,0
GM0339,nl2019,renswoude,19,15,0,0.429982,0.221731,0.054023223,0.072506991,0.003195173,0,0,0,0,0,0,0,0,0,0,0,0,0,0,0.642857143,0.357142857,0,0,0,0,0,0,0,0,0,0,0,0,0,0,0,0,0,0,0,0,0,0,0,0,0,0,0,0,0,0,0,0,0,0,0,0,0,0,0,0,0,0
GM1667,nl2019,reusel_de_mierden,79,48,1,1.282816,0.652007,0.358052818,0.103069909,0.007934771,0,0,0,0,0,0,0,0,0,0,0,0,0,0,0.642857143,0.357142857,0,0,0,0,0,0,0,0,0,0,0,0,0,0,0,0,0,0,0,0,0,0,0,0,0,0,0,0,0,0,0,0,0,0,0,0,0,0,0,0,0,0
GM0275,nl2019,rheden,84,25,3,1.001296,1.438937,0.158397334,0.151263357,0.026514042,0,0,0,0,0,0,0,0,0,0,0,0,0,0,0.642857143,0.357142857,0,0,0,0,0,0,0,0,0,0,0,0,0,0,0,0,0,0,0,0,0,0,0,0,0,0,0,0,0,0,0,0,0,0,0,0,0,0,0,0,0,0
GM0340,nl2019,rhenen,44,22,2,0.667982,0.665066,0.090283153,0.075890671,0.012153687,0,0,0,0,0,0,0,0,0,0,0,0,0,0,0.642857143,0.357142857,0,0,0,0,0,0,0,0,0,0,0,0,0,0,0,0,0,0,0,0,0,0,0,0,0,0,0,0,0,0,0,0,0,0,0,0,0,0,0,0,0,0
GM0597,nl2019,ridderkerk,25,8,2,1.84598,1.194729,0.086954239,0.128027392,0.028094313,0,0,0,0,0,0,0,0,0,0,0,0,0,0,0.642857143,0.357142857,0,0,0,0,0,0,0,0,0,0,0,0,0,0,0,0,0,0,0,0,0,0,0,0,0,0,0,0,0,0,0,0,0,0,0,0,0,0,0,0,0,0
GM1742,nl2019,rijssen_holten,94,53,0,1.783237,1.322267,0.223602878,0.149360977,0.023269657,0,0,0,0,0,0,0,0,0,0,0,0,0,0.0003,0.642857143,0.357142857,11.595,1.22,0,0,0,0,0,0,0,0,0,0,0,0,0,0,0,0,0,0,0,0,0,0,0,0,0,0,0,0,0,0,0,0,0,0,0,0,0,0,0,0
GM0603,nl2019,rijswijk,14,1,1,1.055286,1.043677,0.095146898,0.14776885,0.032484562,0,0,0,0,0,0,0,0,0,0,0,0,0,0,0.642857143,0.357142857,0,0,0,0,0,0,0,0,0,0,0,0,0,0,0,0,0,0,0,0,0,0,0,0,0,0,0,0,0,0,0,0,0,0,0,0,0,0,0,0,0,0
GM1669,nl2019,roerdalen,89,49,1,0.846848,1.057659,0.158049274,0.098585043,0.012524908,0,0,0,0,0,0,0,0,0,0,0,0,0,0,0.642857143,0.357142857,0,0,0,0,0,0,0,0,0,0,0,0,0,0,0,0,0,0,0,0,0,0,0,0,0,0,0,0,0,0,0,0,0,0,0,0,0,0,0,0,0,0
GM0957,nl2019,roermond,71,28,10,2.40651,2.044572,0.210778091,0.171427169,0.035365625,0,0,0,0,0,0,0,0,0,0,0,0,0,0.00255,0.642857143,0.357142857,98.5575,10.37,0,0,0,0,0,0,0,0,0,0,0,0,0,0,0,0,0,0,0,0,0,0,0,0,0,0,0,0,0,0,0,0,0,0,0,0,0,0,0,0
GM0736,nl2019,de_ronde_venen,117,80,17,1.856012,1.580926,0.397282392,0.137318306,0.026768611,0,0,0,0,0,0,0,0,0,0,0,0,0,0,0.642857143,0.357142857,0,0,0,0,0,0,0,0,0,0,0,0,0,0,0,0,0,0,0,0,0,0,0,0,0,0,0,0,0,0,0,0,0,0,0,0,0,0,0,0,0,0
GM1674,nl2019,roosendaal,107,71,1,3.711812,2.63825,0.332230341,0.241011952,0.046801781,0,0,0,0,0,0,0,0,0,0,0,0,0,0,0.642857143,0.357142857,0,0,0,0,0,0,0,0,0,0,0,0,0,0,0,0,0,0,0,0,0,0,0,0,0,0,0,0,0,0,0,0,0,0,0,0,0,0,0,0,0,0
GM0599,nl2019,rotterdam,324,22,106,14.498324,10.399875,1.615949957,1.683706381,0.391645942,0,0,0,0,0,0,0,0,0,0,0,0,0,0.0114,0.642857143,0.357142857,440.61,46.36,0,0,0,0,0,0,0,0,0,0,0,0,34281.45007,85827.84477,0,8837.495641,8605.023448,0,0,0,760528.9307,150148.1184,313045.7526,337780.9879,60644.74431,561379.2688,88781.23552,0,0,0,0,0,0,0,0,0,0,0,0,0
GM0277,nl2019,rozendaal,28,1,0,0.025104,0.080467,0.01951638,0.022920241,0.001004909,0,0,0,0,0,0,0,0,0,0,0,0,0,0,0.642857143,0.357142857,0,0,0,0,0,0,0,0,0,0,0,0,0,0,0,0,0,0,0,0,0,0,0,0,0,0,0,0,0,0,0,0,0,0,0,0,0,0,0,0,0,0
GM0840,nl2019,rucphen,64,42,0,1.205914,1.074209,0.15202212,0.079790496,0.013713908,0,0,0,0,0,0,0,0,0,0,0,0,0,0.00015,0.642857143,0.357142857,5.7975,0.61,0,0,0,0,0,0,0,0,0,0,0,0,0,0,0,0,0,0,0,0,0,0,0,0,0,0,0,0,0,0,0,0,0,0,0,0,0,0,0,0
GM0441,nl2019,schagen,187,132,19,2.468053,2.15305,0.398657334,0.152239246,0.028283873,0,0,0,0,0,0,0,0,0,0,0,0,0,0,0.642857143,0.357142857,0,0,0,0,0,0,0,0,0,0,0,0,0,0,0,0,0,0,0,0,0,0,0,0,0,0,0,0,0,0,0,0,0,0,0,0,0,0,0,0,0,0
GM0279,nl2019,scherpenzeel,14,9,0,0.455937,0.319982,0.036142904,0.068900424,0.005998468,0,0,0,0,0,0,0,0,0,0,0,0,0,0,0.642857143,0.357142857,0,0,0,0,0,0,0,0,0,0,0,0,0,0,0,0,0,0,0,0,0,0,0,0,0,0,0,0,0,0,0,0,0,0,0,0,0,0,0,0,0,0
GM0606,nl2019,schiedam,20,3,2,1.438879,1.420068,0.144260498,0.203323097,0.047389294,0,0,0,0,0,0,0,0,0,0,0,0,0,0.00075,0.642857143,0.357142857,28.9875,3.05,0,0,0,0,0,0,0,0,0,0,0,0,0,0,0,0,0,0,0,0,0,0,0,0,0,0,0,0,0,0,0,0,0,0,0,0,0,0,0,0
GM0088,nl2019,schiermonnikoog,199,3,156,0.098764,0.052936,0.117069075,0.005906615,0.000568679,0,0,0,0,0,0,0,0,0,0,0,0,0,0,0.642857143,0.357142857,0,0,0,0,0,0,0,0,0,0,0,0,0,0,0,0,0,0,0,0,0,0,0,0,0,0,0,0,0,0,0,0,0,0,0,0,0,0,0,0,0,0
GM1676,nl2019,schouwen_duiveland,488,153,260,2.663586,1.614706,0.670233507,0.164802215,0.020522865,0,0,0,0,0,0,0,0,0,0,0,0,0,0,0.642857143,0.357142857,0,0,0,0,0,0,0,0,0,0,0,0,0,0,0,0,0,0,0,0,0,0,0,0,0,0,0,0,0,0,0,0,0,0,0,0,0,0,0,0,0,0
GM0965,nl2019,simpelveld,16,12,0,0.218082,0.45927,0.041474817,0.033821999,0.006389131,0,0,0,0,0,0,0,0,0,0,0,0,0,0,0.642857143,0.357142857,0,0,0,0,0,0,0,0,0,0,0,0,0,0,0,0,0,0,0,0,0,0,0,0,0,0,0,0,0,0,0,0,0,0,0,0,0,0,0,0,0,0
GM1702,nl2019,sint_anthonis,100,77,0,1.983728,0.625578,0.430550136,0.107650119,0.007051374,0,0,0,0,0,0,0,0,0,0,0,0,0,0,0.642857143,0.357142857,0,0,0,0,0,0,0,0,0,0,0,0,0,0,0,0,0,0,0,0,0,0,0,0,0,0,0,0,0,0,0,0,0,0,0,0,0,0,0,0,0,0
GM0845,nl2019,sint_michielsgestel,59,44,1,1.035199,1.296729,0.156102604,0.095095365,0.017613854,0,0,0,0,0,0,0,0,0,0,0,0,0,0,0.642857143,0.357142857,0,0,0,0,0,0,0,0,0,0,0,0,0,0,0,0,0,0,0,0,0,0,0,0,0,0,0,0,0,0,0,0,0,0,0,0,0,0,0,0,0,0
GM1883,nl2019,sittard_geleen,81,30,2,4.189781,3.623828,0.214720518,0.268137904,0.05629738,0,0,0,0,0,0,0,0,0,0,0,0,0,0,0.642857143,0.357142857,0,0,0,11254.8,0,0,2739,1494,0,31822.2,0,0,0,0,0,0,0,0,0,0,0,0,0,0,0,0,0,0,0,0,0,0,0,0,0,0,0,0,0,0,0,0
GM0610,nl2019,sliedrecht,14,6,1,0.63731,0.599876,0.048059759,0.06474627,0.015204868,0,0,0,0,0,0,0,0,0,0,0,0,0,0,0.642857143,0.357142857,0,0,0,0,0,0,0,0,0,0,0,0,0,0,0,0,0,0,0,0,0,0,0,0,0,0,0,0,0,0,0,0,0,0,0,0,0,0,0,0,0,0
GM1714,nl2019,sluis,307,246,29,1.875875,1.400907,0.680747042,0.228281772,0.014208465,0,0,0,0,0,0,0,0,0,0,0,0,0,0,0.642857143,0.357142857,0,0,0,0,0,0,0,0,0,0,0,0,0,0,0,0,0,0,0,0,0,0,0,0,0,0,0,0,0,0,0,0,0,0,0,0,0,0,0,0,0,0
GM0090,nl2019,smallingerland,126,88,9,2.037271,2.153682,0.367940871,0.192053738,0.03398585,0,0,0,0,0,0,0,0,0,0,0,0,0,0.0006,0.642857143,0.357142857,23.19,2.44,0,0,0,0,0,0,0,0,0,0,0,0,0,0,0,0,0,0,0,0,0,0,0,0,0,0,0,0,0,0,0,0,0,0,0,0,0,0,0,0
GM0342,nl2019,soest,46,13,0,1.27638,1.377756,0.102871531,0.132428821,0.028065758,0,0,0,0,0,0,0,0,0,0,0,0,0,0,0.642857143,0.357142857,0,0,0,0,0,0,0,0,0,0,0,0,0,0,0,0,0,0,0,0,0,0,0,0,0,0,0,0,0,0,0,0,0,0,0,0,0,0,0,0,0,0
GM0847,nl2019,someren,82,53,1,2.7373,0.949907,0.239660649,0.261759943,0.011739329,0,0,0,0,0,0,0,0,0,0,0,0,0,0,0.642857143,0.357142857,0,0,0,0,0,0,0,0,0,0,0,0,0,0,0,0,0,0,0,0,0,0,0,0,0,0,0,0,0,0,0,0,0,0,0,0,0,0,0,0,0,0
GM0848,nl2019,son_en_breugel,27,12,1,1.10149,0.707594,0.055410538,0.079455236,0.010270242,0,0,0,0,0,0,0,0,0,0,0,0,0,0,0.642857143,0.357142857,0,0,0,0,0,0,0,0,0,0,0,0,0,0,0,0,0,0,0,0,0,0,0,0,0,0,0,0,0,0,0,0,0,0,0,0,0,0,0,0,0,0
GM0037,nl2019,stadskanaal,120,93,2,1.151227,1.574322,0.206689826,0.15903103,0.019313815,0,0,0,0,0,0,0,0,0,0,0,0,0,0,0.642857143,0.357142857,0,0,0,0,0,0,0,0,0,0,0,0,0,0,0,0,0,0,0,0,0,0,0,0,0,0,0,0,0,0,0,0,0,0,0,0,0,0,0,0,0,0
GM0180,nl2019,staphorst,136,111,2,1.184899,0.951521,0.272611777,0.12466831,0.010330391,0,0,0,0,0,0,0,0,0,0,0,0,0,0,0.642857143,0.357142857,0,0,0,0,0,0,0,0,0,0,0,0,0,0,0,0,0,0,0,0,0,0,0,0,0,0,0,0,0,0,0,0,0,0,0,0,0,0,0,0,0,0
GM0532,nl2019,stede_broec,16,7,2,0.840942,0.689767,0.066069109,0.059785565,0.013187759,0,0,0,0,0,0,0,0,0,0,0,0,0,0,0.642857143,0.357142857,0,0,0,0,0,0,0,0,0,0,0,0,0,0,0,0,0,0,0,0,0,0,0,0,0,0,0,0,0,0,0,0,0,0,0,0,0,0,0,0,0,0
GM0851,nl2019,steenbergen,159,123,13,3.171222,0.932366,0.541881523,0.128468934,0.015221879,0,0,0,0,0,0,0,0,0,0,0,0,0,0,0.642857143,0.357142857,0,0,0,0,0,0,0,0,0,0,0,0,0,0,0,0,0,0,0,0,0,0,0,0,0,0,0,0,0,0,0,0,0,0,0,0,0,0,0,0,0,0
GM1708,nl2019,steenwijkerland,322,190,33,2.024583,2.366879,1.279919375,0.211286042,0.026696311,0,0,0,0,0,0,0,0,0,0,0,0,0,0,0.642857143,0.357142857,0,0,0,0,0,0,0,0,0,0,0,0,0,0,0,0,0,0,0,0,0,0,0,0,0,0,0,0,0,0,0,0,0,0,0,0,0,0,0,0,0,0
GM0971,nl2019,stein,23,9,2,0.57128,1.044801,0.065900396,0.07369621,0.015165376,0,0,0,0,0,0,0,0,0,0,0,0,0,0,0.642857143,0.357142857,0,0,0,0,0,0,0,0,0,0,0,0,0,0,0,0,0,0,0,0,0,0,0,0,0,0,0,0,0,0,0,0,0,0,0,0,0,0,0,0,0,0
GM1904,nl2019,stichtse_vecht,107,70,11,1.593516,1.945704,0.355340116,0.192265409,0.039088163,0,0,0,0,0,0,0,0,0,0,0,0,0,0,0.642857143,0.357142857,0,0,0,0,0,0,0,0,0,0,0,0,0,0,0,0,0,0,0,0,0,0,0,0,0,0,0,0,0,0,0,0,0,0,0,0,0,0,0,0,0,0
GM1900,nl2019,sudwest_fryslan,839,393,384,0,0,1.771250971,0.447669617,0.054504462,0,0,0,0,0,0,0,0,0,0,0,0,0,0,0.642857143,0.357142857,0,0,0,0,0,0,0,0,0,0,0,0,0,0,0,0,0,0,0,0,0,0,0,0,0,0,0,0,0,0,0,0,0,0,0,0,0,0,0,0,0,0
GM0715,nl2019,terneuzen,318,196,68,4.315397,2.056099,0.719336511,0.266244989,0.033166248,0,0,0,0,0,0,0,0,0,0,0,0,0,0,0.642857143,0.357142857,0,0,0,11254.8,0,0,2739,1494,0,31822.2,0,0,0,0,0,0,0,0,0,0,0,0,0,0,0,0,0,0,0,0,0,0,0,0,0,0,0,0,0,0,0,0
GM0093,nl2019,terschelling,674,14,587,0.26651,0.234191,0.19397981,0.023914376,0.002970982,0,0,0,0,0,0,0,0,0,0,0,0,0,0,0.642857143,0.357142857,0,0,0,0,0,0,0,0,0,0,0,0,0,0,0,0,0,0,0,0,0,0,0,0,0,0,0,0,0,0,0,0,0,0,0,0,0,0,0,0,0,0
GM0448,nl2019,texel,463,100,301,0.980507,0.828571,1.445862789,0.070931543,0.008230654,0,0,0,0,0,0,0,0,0,0,0,0,0,0,0.642857143,0.357142857,0,0,0,0,0,0,0,0,0,0,0,0,0,0,0,0,0,0,0,0,0,0,0,0,0,0,0,0,0,0,0,0,0,0,0,0,0,0,0,0,0,0
GM1525,nl2019,teylingen,33,17,5,1.239984,1.103046,0.131915671,0.096413925,0.022516886,0,0,0,0,0,0,0,0,0,0,0,0,0,0,0.642857143,0.357142857,0,0,0,0,0,0,0,0,0,0,0,0,0,0,0,0,0,0,0,0,0,0,0,0,0,0,0,0,0,0,0,0,0,0,0,0,0,0,0,0,0,0
GM0716,nl2019,tholen,254,119,107,1.797322,0.967345,0.512079802,0.134154359,0.01566297,0,0,0,0,0,0,0,0,0,0,0,0,0,0,0.642857143,0.357142857,0,0,0,0,0,0,0,0,0,0,0,0,0,0,0,0,0,0,0,0,0,0,0,0,0,0,0,0,0,0,0,0,0,0,0,0,0,0,0,0,0,0
GM0281,nl2019,tiel,36,18,3,1.890521,1.184073,0.109258867,0.116928934,0.025504273,0,0,0,0,0,0,0,0,0,0,0,0,0,0,0.642857143,0.357142857,0,0,0,0,0,0,0,0,0,0,0,0,0,0,0,0,0,0,0,0,0,0,0,0,0,0,0,0,0,0,0,0,0,0,0,0,0,0,0,0,0,0
GM0855,nl2019,tilburg,119,38,2,7.320944,5.97128,0.4558517,0.590961376,0.131998495,0,0,0,0,0,0,0,0,0,0,0,0,0,0,0.642857143,0.357142857,0,0,0,0,0,0,0,0,0,0,0,0,0,0,0,0,0,0,0,0,0,0,0,0,0,0,0,0,0,0,0,0,0,0,0,0,0,0,0,0,0,0
GM0183,nl2019,tubbergen,147,126,0,1.966906,1.080392,0.358344147,0.162546857,0.012926507,0,0,0,0,0,0,0,0,0,0,0,0,0,0,0.642857143,0.357142857,0,0,0,0,0,0,0,0,0,0,0,0,0,0,0,0,0,0,0,0,0,0,0,0,0,0,0,0,0,0,0,0,0,0,0,0,0,0,0,0,0,0
GM1700,nl2019,twenterand,108,79,2,1.70952,1.450223,0.264905191,0.147452932,0.020530763,0,0,0,0,0,0,0,0,0,0,0,0,0,0,0.642857143,0.357142857,0,0,0,0,0,0,0,0,0,0,0,0,0,0,0,0,0,0,0,0,0,0,0,0,0,0,0,0,0,0,0,0,0,0,0,0,0,0,0,0,0,0
GM1730,nl2019,tynaarlo,148,108,5,1.310932,1.637751,0.295613491,0.136779111,0.020473653,0,0,0,0,0,0,0,0,0,0,0,0,0,0,0.642857143,0.357142857,0,0,0,0,0,0,0,0,0,0,0,0,0,0,0,0,0,0,0,0,0,0,0,0,0,0,0,0,0,0,0,0,0,0,0,0,0,0,0,0,0,0
GM0737,nl2019,tytsjerksteradiel,161,120,13,1.292527,1.620512,0.461839715,0.146339835,0.019308347,0,0,0,0,0,0,0,0,0,0,0,0,0,0,0.642857143,0.357142857,0,0,0,0,0,0,0,0,0,0,0,0,0,0,0,0,0,0,0,0,0,0,0,0,0,0,0,0,0,0,0,0,0,0,0,0,0,0,0,0,0,0
GM0856,nl2019,uden,68,40,1,2.458345,1.713685,0.21841862,0.168001126,0.02538519,0,0,0,0,0,0,0,0,0,0,0,0,0,0,0.642857143,0.357142857,0,0,0,0,0,0,0,0,0,0,0,0,0,0,0,0,0,0,0,0,0,0,0,0,0,0,0,0,0,0,0,0,0,0,0,0,0,0,0,0,0,0
GM0450,nl2019,uitgeest,22,15,3,0.326415,0.399173,0.082642618,0.037893643,0.00821911,0,0,0,0,0,0,0,0,0,0,0,0,0,0,0.642857143,0.357142857,0,0,0,0,0,0,0,0,0,0,0,0,0,0,0,0,0,0,0,0,0,0,0,0,0,0,0,0,0,0,0,0,0,0,0,0,0,0,0,0,0,0
GM0451,nl2019,uithoorn,19,7,1,3.138607,0.792122,0.067268063,0.079401363,0.017876929,0,0,0,0,0,0,0,0,0,0,0,0,0,0,0.642857143,0.357142857,0,0,0,0,0,0,0,0,0,0,0,0,0,0,0,0,0,0,0,0,0,0,0,0,0,0,0,0,0,0,0,0,0,0,0,0,0,0,0,0,0,0
GM0184,nl2019,urk,110,4,98,0.526358,0.491772,0.075763154,0.102318055,0.012614827,0,0,0,0,0,0,0,0,0,0,0,0,0,0,0.642857143,0.357142857,0,0,0,0,0,0,0,0,0,0,0,0,0,0,0,0,0,0,0,0,0,0,0,0,0,0,0,0,0,0,0,0,0,0,0,0,0,0,0,0,0,0
GM0344,nl2019,utrecht,99,24,5,6.188976,7.072794,0.631183803,0.901897626,0.214388268,0,0,0,0,0,0,0,0,0,0,0,0,0,0,0.642857143,0.357142857,0,0,0,0,0,0,0,0,0,0,0,0,0,0,0,0,0,0,0,0,0,0,0,0,0,0,0,0,0,0,0,0,0,0,0,0,0,0,0,0,0,0
GM1581,nl2019,utrechtse_heuvelrug,134,48,2,1.43393,1.848371,0.239002295,0.217775931,0.030083474,0,0,0,0,0,0,0,0,0,0,0,0,0,0,0.642857143,0.357142857,0,0,0,0,0,0,0,0,0,0,0,0,0,0,0,0,0,0,0,0,0,0,0,0,0,0,0,0,0,0,0,0,0,0,0,0,0,0,0,0,0,0
GM0981,nl2019,vaals,24,15,0,0.231249,0.381987,0.04009553,0.036263486,0.006131524,0,0,0,0,0,0,0,0,0,0,0,0,0,0,0.642857143,0.357142857,0,0,0,0,0,0,0,0,0,0,0,0,0,0,0,0,0,0,0,0,0,0,0,0,0,0,0,0,0,0,0,0,0,0,0,0,0,0,0,0,0,0
GM0994,nl2019,valkenburg_aan_de_geul,37,24,0,0.468801,0.729577,0.071673739,0.058214597,0.01000656,0,0,0,0,0,0,0,0,0,0,0,0,0,0,0.642857143,0.357142857,0,0,0,0,0,0,0,0,0,0,0,0,0,0,0,0,0,0,0,0,0,0,0,0,0,0,0,0,0,0,0,0,0,0,0,0,0,0,0,0,0,0
GM0858,nl2019,valkenswaard,57,25,2,1.211064,1.199049,0.144835058,0.101727037,0.018779767,0,0,0,0,0,0,0,0,0,0,0,0,0,0,0.642857143,0.357142857,0,0,0,0,0,0,0,0,0,0,0,0,0,0,0,0,0,0,0,0,0,0,0,0,0,0,0,0,0,0,0,0,0,0,0,0,0,0,0,0,0,0
GM0047,nl2019,veendam,79,57,3,1.323289,1.189016,0.137042526,0.108689181,0.01670251,0,0,0,0,0,0,0,0,0,0,0,0,0,0,0.642857143,0.357142857,0,0,0,0,0,0,0,0,0,0,0,0,0,0,0,0,0,0,0,0,0,0,0,0,0,0,0,0,0,0,0,0,0,0,0,0,0,0,0,0,0,0
GM0345,nl2019,veenendaal,20,4,0,1.941281,1.590774,0.113617964,0.16595123,0.039849439,0,0,0,0,0,0,0,0,0,0,0,0,0,0,0.642857143,0.357142857,0,0,0,0,0,0,0,0,0,0,0,0,0,0,0,0,0,0,0,0,0,0,0,0,0,0,0,0,0,0,0,0,0,0,0,0,0,0,0,0,0,0
GM0717,nl2019,veere,207,94,74,1.386566,1.088757,2.639847245,0.135382284,0.013266135,0,0,0,0,0,0,0,0,0,0,0,0,0,0,0.642857143,0.357142857,0,0,0,0,0,0,0,0,0,0,0,0,0,0,0,0,0,0,0,0,0,0,0,0,0,0,0,0,0,0,0,0,0,0,0,0,0,0,0,0,0,0
GM0861,nl2019,veldhoven,32,12,0,1.436029,1.641216,0.100344707,0.126056907,0.027545076,0,0,0,0,0,0,0,0,0,0,0,0,0,0,0.642857143,0.357142857,0,0,0,0,0,0,0,0,0,0,0,0,0,0,0,0,0,0,0,0,0,0,0,0,0,0,0,0,0,0,0,0,0,0,0,0,0,0,0,0,0,0
GM0453,nl2019,velsen,63,3,18,2.375947,1.614426,0.162937677,0.188949526,0.041525705,0,39.15679579,26951.84355,9149.804752,11273.14378,216.0130099,0,0,76030.77958,42509.39315,53631.54947,14506.15418,8295.06903,0,0.642857143,0.357142857,0,0,0,0,0,0,0,0,0,0,0,0,0,0,0,0,0,0,0,0,0,0,0,0,0,0,0,0,0,0,39.15679579,26951.84355,9149.804752,11273.14378,216.0130099,0,0,76030.77958,42509.39315,53631.54947,14506.15418,8295.06903
GM0983,nl2019,venlo,129,44,5,8.795072,3.791846,0.279802748,0.3123604,0.061730207,0,0,0,0,0,0,0,0,0,0,0,0,0,0,0.642857143,0.357142857,0,0,0,0,0,0,0,0,0,0,0,0,0,0,0,0,0,0,0,0,0,0,0,0,0,0,0,0,0,0,0,0,0,0,0,0,0,0,0,0,0,0
GM0984,nl2019,venray,165,109,2,4.033741,2.130674,0.592959089,0.429712936,0.026323268,0,0,0,0,0,0,0,0,0,0,0,0,0,0.00015,0.642857143,0.357142857,5.7975,0.61,0,0,0,0,0,0,0,0,0,0,0,0,0,0,0,0,0,0,0,0,0,0,0,0,0,0,0,0,0,0,0,0,0,0,0,0,0,0,0,0
GM1961,nl2019,vijfheerenlanden,153,118,7,2.361685,1.766645,0.348657846,0.190557288,0.033848541,0,0,0,0,0,0,0,0,0,0,0,0,0,0,0.642857143,0.357142857,0,0,0,0,0,0,0,0,0,0,0,0,0,0,0,0,0,0,0,0,0,0,0,0,0,0,0,0,0,0,0,0,0,0,0,0,0,0,0,0,0,0
GM0622,nl2019,vlaardingen,27,4,3,1.169085,1.318474,0.136845174,0.189264854,0.04398998,0,0,0,0,0,0,0,0,0,0,0,0,0,0,0.642857143,0.357142857,0,0,0,0,0,0,0,0,0,0,0,0,0,0,0,0,0,0,0,0,0,0,0,0,0,0,0,0,0,0,0,0,0,0,0,0,0,0,0,0,0,0
GM0096,nl2019,vlieland,316,0,274,0.074447,0.049091,0.023221151,0.006847427,0.000691407,0,0,0,0,0,0,0,0,0,0,0,0,0,0,0.642857143,0.357142857,0,0,0,0,0,0,0,0,0,0,0,0,0,0,0,0,0,0,0,0,0,0,0,0,0,0,0,0,0,0,0,0,0,0,0,0,0,0,0,0,0,0
GM0718,nl2019,vlissingen,345,12,310,1.75568,1.289061,1.308352311,0.12208288,0.026958171,0,0,0,0,0,0,0,0,0,0,0,0,0,0.0099,0.642857143,0.357142857,382.635,40.26,0,0,0,0,0,0,0,0,0,0,0,0,0,0,0,0,0,0,0,0,0,0,0,0,0,0,0,0,0,0,0,0,0,0,0,0,0,0,0,0
GM0986,nl2019,voerendaal,32,25,0,0.311042,0.59196,0.061085542,0.044668047,0.007565372,0,0,0,0,0,0,0,0,0,0,0,0,0,0,0.642857143,0.357142857,0,0,0,0,0,0,0,0,0,0,0,0,0,0,0,0,0,0,0,0,0,0,0,0,0,0,0,0,0,0,0,0,0,0,0,0,0,0,0,0,0,0
GM0626,nl2019,voorschoten,12,4,0,0.414922,0.679939,0.050511362,0.068853115,0.015480094,0,0,0,0,0,0,0,0,0,0,0,0,0,0,0.642857143,0.357142857,0,0,0,0,0,0,0,0,0,0,0,0,0,0,0,0,0,0,0,0,0,0,0,0,0,0,0,0,0,0,0,0,0,0,0,0,0,0,0,0,0,0
GM0285,nl2019,voorst,126,99,4,1.843838,1.091251,0.26126547,0.114665241,0.014834862,0,0,0,0,0,0,0,0,0,0,0,0,0,0,0.642857143,0.357142857,0,0,0,0,0,0,0,0,0,0,0,0,0,0,0,0,0,0,0,0,0,0,0,0,0,0,0,0,0,0,0,0,0,0,0,0,0,0,0,0,0,0
GM0865,nl2019,vught,34,16,1,0.93491,1.166975,0.07672848,0.0781498,0.016037229,0,0,0,0,0,0,0,0,0,0,0,0,0,0,0.642857143,0.357142857,0,0,0,0,0,0,0,0,0,0,0,0,0,0,0,0,0,0,0,0,0,0,0,0,0,0,0,0,0,0,0,0,0,0,0,0,0,0,0,0,0,0
GM1949,nl2019,waadhoeke,329,264,32,3.461404,2.544618,0.729659894,0.297721114,0.027971586,0,0,0,0,0,0,0,0,0,0,0,0,0,0,0.642857143,0.357142857,0,0,0,0,0,0,0,0,0,0,0,0,0,0,0,0,0,0,0,0,0,0,0,0,0,0,0,0,0,0,0,0,0,0,0,0,0,0,0,0,0,0
GM0866,nl2019,waalre,23,9,0,0.339814,0.728948,0.051594358,0.053053438,0.010478636,0,0,0,0,0,0,0,0,0,0,0,0,0,0,0.642857143,0.357142857,0,0,0,0,0,0,0,0,0,0,0,0,0,0,0,0,0,0,0,0,0,0,0,0,0,0,0,0,0,0,0,0,0,0,0,0,0,0,0,0,0,0
GM0867,nl2019,waalwijk,68,42,3,2.884881,1.694501,0.164096693,0.135021927,0.029308831,0,0,0,0,0,0,0,0,0,0,0,0,0,0.0006,0.642857143,0.357142857,23.19,2.44,0,0,0,0,0,0,0,0,0,0,0,0,0,0,0,0,0,0,0,0,0,0,0,0,0,0,0,0,0,0,0,0,0,0,0,0,0,0,0,0
GM0627,nl2019,waddinxveen,29,16,2,2.168525,0.793958,0.080349604,0.084193827,0.017203749,0,0,0,0,0,0,0,0,0,0,0,0,0,0,0.642857143,0.357142857,0,0,0,0,0,0,0,0,0,0,0,0,0,0,0,0,0,0,0,0,0,0,0,0,0,0,0,0,0,0,0,0,0,0,0,0,0,0,0,0,0,0
GM0289,nl2019,wageningen,32,15,2,0.758997,0.927228,0.090706338,0.109662579,0.023557641,0,0,0,0,0,0,0,0,0,0,0,0,0,0,0.642857143,0.357142857,0,0,0,0,0,0,0,0,0,0,0,0,0,0,0,0,0,0,0,0,0,0,0,0,0,0,0,0,0,0,0,0,0,0,0,0,0,0,0,0,0,0
GM0629,nl2019,wassenaar,62,12,11,0.553863,0.970838,0.084603859,0.082749088,0.01592483,0,0,0,0,0,0,0,0,0,0,0,0,0,0,0.642857143,0.357142857,0,0,0,0,0,0,0,0,0,0,0,0,0,0,0,0,0,0,0,0,0,0,0,0,0,0,0,0,0,0,0,0,0,0,0,0,0,0,0,0,0,0
GM0852,nl2019,waterland,116,45,64,0.450482,0.552666,0.140706247,0.054282244,0.010519951,0,0,0,0,0,0,0,0,0,0,0,0,0,0,0.642857143,0.357142857,0,0,0,0,0,0,0,0,0,0,0,0,0,0,0,0,0,0,0,0,0,0,0,0,0,0,0,0,0,0,0,0,0,0,0,0,0,0,0,0,0,0
GM0988,nl2019,weert,106,57,1,2.784307,2.085705,0.25418874,0.289103276,0.030282147,0,0,0,0,0,0,0,0,0,0,0,0,0,0,0.642857143,0.357142857,0,0,0,0,0,0,0,0,0,0,0,0,0,0,0,0,0,0,0,0,0,0,0,0,0,0,0,0,0,0,0,0,0,0,0,0,0,0,0,0,0,0
GM0457,nl2019,weesp,24,17,1,0.60872,0.449272,0.069023785,0.052244357,0.01174662,0,0,0,0,0,0,0,0,0,0,0,0,0,0,0.642857143,0.357142857,0,0,0,0,0,0,0,0,0,0,0,0,0,0,0,0,0,0,0,0,0,0,0,0,0,0,0,0,0,0,0,0,0,0,0,0,0,0,0,0,0,0
GM1960,nl2019,west_betuwe,229,170,13,3.880317,2.4343,0.436357906,0.199202195,0.030801613,0,0,0,0,0,0,0,0,0,0,0,0,0,0,0.642857143,0.357142857,0,0,0,0,0,0,0,0,0,0,0,0,0,0,0,0,0,0,0,0,0,0,0,0,0,0,0,0,0,0,0,0,0,0,0,0,0,0,0,0,0,0
GM0668,nl2019,west_maas_en_waal,85,62,9,1.278184,0.999818,0.194350145,0.086251893,0.011589869,0,0,0,0,0,0,0,0,0,0,0,0,0,0,0.642857143,0.357142857,0,0,0,0,0,0,0,0,0,0,0,0,0,0,0,0,0,0,0,0,0,0,0,0,0,0,0,0,0,0,0,0,0,0,0,0,0,0,0,0,0,0
GM1969,nl2019,westerkwartier,345,300,6,3.233718,3.449119,0.708802309,0.317604498,0.03734871,0,0,0,0,0,0,0,0,0,0,0,0,0,0.00225,0.642857143,0.357142857,86.9625,9.15,0,0,0,0,0,0,0,0,0,0,0,0,0,0,0,0,0,0,0,0,0,0,0,0,0,0,0,0,0,0,0,0,0,0,0,0,0,0,0,0
GM1701,nl2019,westerveld,283,156,4,1.090739,1.254905,0.459354184,0.165106902,0.011755126,0,0,0,0,0,0,0,0,0,0,0,0,0,0,0.642857143,0.357142857,0,0,0,0,0,0,0,0,0,0,0,0,0,0,0,0,0,0,0,0,0,0,0,0,0,0,0,0,0,0,0,0,0,0,0,0,0,0,0,0,0,0
GM0293,nl2019,westervoort,8,3,1,0.17958,0.462574,0.02856212,0.038970671,0.009079419,0,0,0,0,0,0,0,0,0,0,0,0,0,0,0.642857143,0.357142857,0,0,0,0,0,0,0,0,0,0,0,0,0,0,0,0,0,0,0,0,0,0,0,0,0,0,0,0,0,0,0,0,0,0,0,0,0,0,0,0,0,0
GM1950,nl2019,westerwolde,281,236,5,1.625845,1.67964,0.439986612,0.212092559,0.015309976,0,0,0,0,0,0,0,0,0,0,0,0,0,0,0.642857143,0.357142857,0,0,0,0,0,0,0,0,0,0,0,0,0,0,0,0,0,0,0,0,0,0,0,0,0,0,0,0,0,0,0,0,0,0,0,0,0,0,0,0,0,0
GM1783,nl2019,westland,91,10,10,33.151767,3.321218,0.223867763,0.278930071,0.065983147,0,0,0,0,0,0,0,0,0,0,0,0,0,0.003,0.642857143,0.357142857,115.95,12.2,0,0,0,0,0,0,0,0,0,0,0,0,0,0,0,0,0,0,0,0,0,0,0,0,0,0,0,0,0,0,0,0,0,0,0,0,0,0,0,0
GM0098,nl2019,weststellingwerf,228,182,8,1.632473,1.508618,0.644779897,0.16617119,0.015699424,0,0,0,0,0,0,0,0,0,0,0,0,0,0,0.642857143,0.357142857,0,0,0,0,0,0,0,0,0,0,0,0,0,0,0,0,0,0,0,0,0,0,0,0,0,0,0,0,0,0,0,0,0,0,0,0,0,0,0,0,0,0
GM0614,nl2019,westvoorne,97,28,44,1.632214,0.680091,0.138768344,0.053869345,0.008886214,0,0,0,0,0,0,0,0,0,0,0,0,0,0,0.642857143,0.357142857,0,0,0,0,0,0,0,0,0,0,0,0,0,0,0,0,0,0,0,0,0,0,0,0,0,0,0,0,0,0,0,0,0,0,0,0,0,0,0,0,0,0
GM0189,nl2019,wierden,95,73,1,1.297638,1.001793,0.234430538,0.125856489,0.014794763,0,0,0,0,0,0,0,0,0,0,0,0,0,0.00045,0.642857143,0.357142857,17.3925,1.83,0,0,0,0,0,0,0,0,0,0,0,0,0,0,0,0,0,0,0,0,0,0,0,0,0,0,0,0,0,0,0,0,0,0,0,0,0,0,0,0
GM0296,nl2019,wijchen,70,44,4,1.817977,1.484765,0.190682114,0.128849688,0.024880306,0,0,0,0,0,0,0,0,0,0,0,0,0,0,0.642857143,0.357142857,0,0,0,0,0,0,0,0,0,0,0,0,0,0,0,0,0,0,0,0,0,0,0,0,0,0,0,0,0,0,0,0,0,0,0,0,0,0,0,0,0,0
GM1696,nl2019,wijdemeren,76,27,29,0.794225,0.866486,0.367442974,0.075978441,0.014589406,0,0,0,0,0,0,0,0,0,0,0,0,0,0,0.642857143,0.357142857,0,0,0,0,0,0,0,0,0,0,0,0,0,0,0,0,0,0,0,0,0,0,0,0,0,0,0,0,0,0,0,0,0,0,0,0,0,0,0,0,0,0
GM0352,nl2019,wijk_bij_duurstede,50,37,3,0.608178,0.804302,0.125458521,0.079812653,0.014436908,0,0,0,0,0,0,0,0,0,0,0,0,0,0,0.642857143,0.357142857,0,0,0,0,0,0,0,0,0,0,0,0,0,0,0,0,0,0,0,0,0,0,0,0,0,0,0,0,0,0,0,0,0,0,0,0,0,0,0,0,0,0
GM0294,nl2019,winterswijk,139,104,1,1.717978,1.295379,0.251653786,0.13127805,0.017560389,0,0,0,0,0,0,0,0,0,0,0,0,0,0,0.642857143,0.357142857,0,0,0,0,0,0,0,0,0,0,0,0,0,0,0,0,0,0,0,0,0,0,0,0,0,0,0,0,0,0,0,0,0,0,0,0,0,0,0,0,0,0
GM0873,nl2019,woensdrecht,92,42,0,1.253933,0.902381,0.210724924,0.105113501,0.013284969,0,0,0,0,0,0,0,0,0,0,0,0,0,0,0.642857143,0.357142857,0,0,0,0,0,0,0,0,0,0,0,0,0,0,0,0,0,0,0,0,0,0,0,0,0,0,0,0,0,0,0,0,0,0,0,0,0,0,0,0,0,0
GM0632,nl2019,woerden,93,71,4,2.384823,1.561089,0.279898837,0.15444704,0.031712957,0,0,0,0,0,0,0,0,0,0,0,0,0,0,0.642857143,0.357142857,0,0,0,0,0,0,0,0,0,0,0,0,0,0,0,0,0,0,0,0,0,0,0,0,0,0,0,0,0,0,0,0,0,0,0,0,0,0,0,0,0,0
GM1690,nl2019,de_wolden,226,185,2,1.422012,1.539278,0.391070825,0.223271981,0.01464834,0,0,0,0,0,0,0,0,0,0,0,0,0,0,0.642857143,0.357142857,0,0,0,0,0,0,0,0,0,0,0,0,0,0,0,0,0,0,0,0,0,0,0,0,0,0,0,0,0,0,0,0,0,0,0,0,0,0,0,0,0,0
GM0880,nl2019,wormerland,45,32,7,0.473255,0.482727,0.144833613,0.048548529,0.009920894,0,0,0,0,0,0,0,0,0,0,0,0,0,0,0.642857143,0.357142857,0,0,0,0,0,0,0,0,0,0,0,0,0,0,0,0,0,0,0,0,0,0,0,0,0,0,0,0,0,0,0,0,0,0,0,0,0,0,0,0,0,0
GM0351,nl2019,woudenberg,37,23,0,0.596817,0.442028,0.092237972,0.078550005,0.007999172,0,0,0,0,0,0,0,0,0,0,0,0,0,0,0.642857143,0.357142857,0,0,0,0,0,0,0,0,0,0,0,0,0,0,0,0,0,0,0,0,0,0,0,0,0,0,0,0,0,0,0,0,0,0,0,0,0,0,0,0,0,0
GM0479,nl2019,zaanstad,83,36,9,3.695766,3.498931,0.414401548,0.402910059,0.094709933,0,0,0,0,0,0,0,0,0,0,0,0,0,0,0.642857143,0.357142857,0,0,0,0,0,0,0,0,0,0,0,0,0,0,0,0,0,0,0,0,0,0,0,0,0,0,0,0,0,0,0,0,0,0,0,0,0,0,0,0,0,0
GM0297,nl2019,zaltbommel,89,56,10,4.543084,1.736221,0.192271776,0.10976381,0.01728577,0,0,0,0,0,0,0,0,0,0,0,0,0,0,0.642857143,0.357142857,0,0,0,0,0,0,0,0,0,0,0,0,0,0,0,0,0,0,0,0,0,0,0,0,0,0,0,0,0,0,0,0,0,0,0,0,0,0,0,0,0,0
GM0473,nl2019,zandvoort,44,0,12,0.215479,0.52455,0.048425032,0.045680434,0.010335251,0,0,0,0,0,0,0,0,0,0,0,0,0,0,0.642857143,0.357142857,0,0,0,0,0,0,0,0,0,0,0,0,0,0,0,0,0,0,0,0,0,0,0,0,0,0,0,0,0,0,0,0,0,0,0,0,0,0,0,0,0,0
GM0050,nl2019,zeewolde,269,173,22,1.802805,0.663054,0.959882971,0.219134218,0.013554119,0,0,0,0,0,0,0,0,0,0,0,0,0,0,0.642857143,0.357142857,0,0,0,0,0,0,0,0,0,0,0,0,0,0,0,0,0,0,0,0,0,0,0,0,0,0,0,0,0,0,0,0,0,0,0,0,0,0,0,0,0,0
GM0355,nl2019,zeist,49,6,0,1.240746,1.821482,0.130340402,0.185267104,0.038843922,0,0,0,0,0,0,0,0,0,0,0,0,0,0,0.642857143,0.357142857,0,0,0,0,0,0,0,0,0,0,0,0,0,0,0,0,0,0,0,0,0,0,0,0,0,0,0,0,0,0,0,0,0,0,0,0,0,0,0,0,0,0
GM0299,nl2019,zevenaar,58,38,5,1.765181,1.646113,0.235904421,0.137924571,0.026421693,0,0,0,0,0,0,0,0,0,0,0,0,0,0.00045,0.642857143,0.357142857,17.3925,1.83,0,0,0,0,0,0,0,0,0,0,0,0,0,0,0,0,0,0,0,0,0,0,0,0,0,0,0,0,0,0,0,0,0,0,0,0,0,0,0,0
GM0637,nl2019,zoetermeer,37,7,3,1.882734,2.650503,0.239166782,0.335464609,0.075911331,0,0,0,0,0,0,0,0,0,0,0,0,0,0,0.642857143,0.357142857,0,0,0,0,0,0,0,0,0,0,0,0,0,0,0,0,0,0,0,0,0,0,0,0,0,0,0,0,0,0,0,0,0,0,0,0,0,0,0,0,0,0
GM0638,nl2019,zoeterwoude,22,17,1,0.643194,0.290719,0.058928538,0.026889891,0.005133906,0,0,0,0,0,0,0,0,0,0,0,0,0,0,0.642857143,0.357142857,0,0,0,0,0,0,0,0,0,0,0,0,0,0,0,0,0,0,0,0,0,0,0,0,0,0,0,0,0,0,0,0,0,0,0,0,0,0,0,0,0,0
GM1892,nl2019,zuidplas,64,37,6,4.649076,1.24696,0.199402245,0.12412914,0.025980602,0,0,0,0,0,0,0,0,0,0,0,0,0,0,0.642857143,0.357142857,0,0,0,0,0,0,0,0,0,0,0,0,0,0,0,0,0,0,0,0,0,0,0,0,0,0,0,0,0,0,0,0,0,0,0,0,0,0,0,0,0,0
GM0879,nl2019,zundert,121,94,1,2.316032,1.169241,0.237909868,0.131171033,0.013130648,0,0,0,0,0,0,0,0,0,0,0,0,0,0,0.642857143,0.357142857,0,0,0,0,0,0,0,0,0,0,0,0,0,0,0,0,0,0,0,0,0,0,0,0,0,0,0,0,0,0,0,0,0,0,0,0,0,0,0,0,0,0
GM0301,nl2019,zutphen,43,19,2,1.431718,1.379042,0.132724937,0.139128828,0.028925459,0,0,0,0,0,0,0,0,0,0,0,0,0,0,0.642857143,0.357142857,0,0,0,0,0,0,0,0,0,0,0,0,0,0,0,0,0,0,0,0,0,0,0,0,0,0,0,0,0,0,0,0,0,0,0,0,0,0,0,0,0,0
GM1896,nl2019,zwartewaterland,88,68,6,1.500194,0.841088,0.250559944,0.079561889,0.013671987,0,0,0,0,0,0,0,0,0,0,0,0,0,0,0.642857143,0.357142857,0,0,0,0,0,0,0,0,0,0,0,0,0,0,0,0,0,0,0,0,0,0,0,0,0,0,0,0,0,0,0,0,0,0,0,0,0,0,0,0,0,0
GM0642,nl2019,zwijndrecht,23,5,2,1.373903,1.04609,0.088153871,0.119010157,0.027120998,0,0,0,0,0,0,0,0,0,0,0,0,0,0,0.642857143,0.357142857,0,0,0,0,0,0,0,0,0,0,0,0,0,0,0,0,0,0,0,0,0,0,0,0,0,0,0,0,0,0,0,0,0,0,0,0,0,0,0,0,0,0
GM0193,nl2019,zwolle,119,66,9,3.473898,3.407882,0.383969406,0.357320329,0.077462439,0,0,0,0,0,0,0,0,0,0,0,0,0,0,0.642857143,0.357142857,0,0,0,0,0,0,0,0,0,0,0,0,0,0,0,0,0,0,0,0,0,0,0,0,0,0,0,0,0,0,0,0,0,0,0,0,0,0,0,0,0,0