geo_id,transport_road_mixer_gasoline_transport_car_using_gasoline_mix_parent_share,transport_road_mixer_gasoline_transport_van_using_gasoline_mix_parent_share,transport_road_mixer_gasoline_transport_bus_using_gasoline_mix_parent_share,transport_road_mixer_gasoline_transport_truck_using_gasoline_mix_parent_share,transport_road_mixer_gasoline_transport_motorcycle_using_gasoline_mix_parent_share,transport_road_mixer_diesel_transport_car_using_diesel_mix_parent_share,transport_road_mixer_diesel_transport_van_using_diesel_mix_parent_share,transport_road_mixer_diesel_transport_bus_using_diesel_mix_parent_share,transport_road_mixer_diesel_transport_truck_using_diesel_mix_parent_share,transport_final_demand_for_road_electricity_transport_car_using_electricity_parent_share,transport_final_demand_for_road_electricity_transport_van_using_electricity_parent_share,transport_final_demand_for_road_electricity_transport_bus_using_electricity_parent_share,transport_final_demand_for_road_electricity_transport_motorcycle_using_electricity_parent_share,transport_final_demand_for_road_electricity_transport_bicycle_using_electricity_parent_share,transport_final_demand_for_road_electricity_transport_truck_using_electricity_parent_share,transport_road_mixer_compressed_network_gas_transport_bus_using_compressed_natural_gas_parent_share,transport_road_mixer_compressed_network_gas_transport_car_using_compressed_natural_gas_parent_share,transport_road_mixer_compressed_network_gas_transport_van_using_compressed_natural_gas_parent_share,transport_road_mixer_compressed_network_gas_transport_truck_using_compressed_natural_gas_parent_share,input_transport_road_car_hydrogen_share,transport_final_demand_for_road_hydrogen_transport_van_using_hydrogen_parent_share,transport_final_demand_for_road_hydrogen_transport_bus_using_hydrogen_parent_share,transport_final_demand_for_road_hydrogen_transport_truck_using_hydrogen_parent_share,transport_road_mixer_lng_transport_bus_using_lng_mix_parent_share,transport_road_mixer_lng_transport_truck_using_lng_mix_parent_share,transport_final_demand_for_road_lpg_transport_car_using_lpg_parent_share,transport_final_demand_for_road_lpg_transport_van_using_lpg_parent_share
GM0014,0.957373581,0.00813016,0,0,0.034496259,0.218346177,0.120853068,0.07706979,0.583730965,0.12926408,3.79E-01,0.379344006,0.013387247,0.00875497,0.08990569,1,0,0,0,0.137496029,0.139667707,0.722836264,0,1,0,0.763899044,0.236100956
GM0034,0.960138501,0.008954246,0,0,0.030907253,0.235205142,0.101966659,0.088764026,0.574064173,0.778856694,0.00E+00,0,0.004208852,0.003378821,0.213555633,1,0,0,0,1,0,0,0,1,0,0.746591005,0.253408995
GM0037,0.955983955,0.007688367,0,0,0.036327678,0.202052062,0.126440408,0.06726245,0.60424508,0.380808247,0,0,0.061852491,0.095753509,0.461585753,1,0,0,0,0,1,0,0,1,0,0.773572716,0.226427284
GM0047,0.958175399,0.00835521,0,0,0.033469391,0.183085426,0.096292232,0.038094538,0.682527804,0.387068796,0,0,0.034340704,0.088009009,0.49058149,1,0,0,0,0,1,0,0,1,0,0.759092141,0.240907859
GM0050,0.959060594,0.00886259,6.42E-17,0,0.032076816,0.13618709,0.035679753,0.022618348,0.805514808,0.906018743,0,0,0.044691507,0.04928975,0,1,0,0,0,0,1,0,0,1,0,0.748321134,0.251678866
GM0059,0.955136709,0.007669169,0,0,0.037194122,0.153986944,0.067386784,0.055199666,0.723426606,0.277093631,0,0,0.097392986,0.096203679,0.529309705,1,0,0,0,0,1,0,0,1,0,0.773855197,0.226144803
GM0060,0.955125636,0.007425778,2.95E-17,0,0.037448586,0.082600185,0.077829755,0.084488547,0.755081513,0.110057236,0,0,0.085512097,0.012651992,0.791778675,1,0,0,0,0,1,0,0,1,0,0.779447321,0.220552679
GM0072,0.959767817,0.008858223,6.94E-18,0,0.03137396,0.164907415,0.082886576,0.044692689,0.707513321,0.498737406,0,0,0.1191338,0.111370159,0.270758635,1,0,0,0,0,1,0,0,1,0,0.748552722,0.251447278
GM0074,0.962590727,0.009744452,0,0,0.027664821,0.211098152,0.070638832,0.046573597,0.671689419,0.024717311,0.476060462,0.476060462,0.001733995,0.00172328,0.019704489,1,0,0,0,0,1,0,0,1,0,0.730762236,0.269237764
GM0080,0.957763642,0.008228146,0,0,0.034008213,0.196265559,0.11820788,0.074460025,0.611066536,0.336959148,0.185981789,0.185981789,0.045167006,0.035573723,0.210336547,1,0,0,0,0,1,0,0,1,0,0.761805445,0.238194555
GM0085,0.95590452,0.007893461,0,0,0.03620202,0.128787648,0.075115844,0.063092402,0.733004106,0.424040194,0,0,0.070239787,0.072141088,0.433578931,1,0,0,0,0,1,0,0,1,0,0.76891351,0.23108649
GM0086,0.962150026,0.009728816,0,0,0.028121158,0.179941486,0.065456306,0.064877252,0.689724957,0.541388673,0,0,0.040006231,0.056229812,0.362375283,1,0,0,0,0,1,0,0,1,0,0.730988034,0.269011966
GM0088,0.953147239,0.007513831,0,0,0.03933893,0.060311207,0.054486001,0.058751791,0.826451002,0,0,0,0.009209872,0.004018156,0.986771972,1,0,0,0,0,1,0,0,1,0,0.777055159,0.222944841
GM0090,0.96171448,0.009428606,0,0,0.028856914,0.198682008,0.086018968,0.052174799,0.663124224,0.840016144,0,0,0.020708731,0.017745011,0.121530113,1,0,0,0,1,0,0,0,1,0,0.737019092,0.262980908
GM0093,0.952911122,0.007123966,0,0,0.039964912,0.10767229,0.100841846,0.089439016,0.702046847,0.11172116,0,0,0.079022284,0.01449221,0.794764347,1,0,0,0,0,1,0,0,1,0,0.786107518,0.213892482
GM0096,0,0,1,0,0,0,0.259602251,0.259602251,0.480795498,0.100191627,0,0,0.040076651,0.024801496,0.834930226,1,0,0,0,0,1,0,0,1,0,0,1
GM0098,0.961326024,0.009455116,5.20E-17,0,0.02921886,0.154753521,0.064949513,0.064379936,0.71591703,0.406512715,0,0,0.059411639,0.077063038,0.457012608,1,0,0,0,0,1,0,0,1,0,0.736396122,0.263603878
GM0106,0.959678326,0.008831302,0,0,0.031490372,0.236078793,0.10584808,0.043861604,0.614211524,0.576582272,0,0,0.090444278,0.087200955,0.245772495,1,0,0,0,0,1,0,0,1,0,0.749107659,0.250892341
GM0109,0.960751437,0.009280615,8.67E-17,0,0.029967948,0.157585317,0.046341383,0.026899723,0.769173576,0.398845799,0,0,0.049098524,0.073823304,0.478232373,1,0,0,0,0,1,0,0,1,0,0.739881163,0.260118837
GM0114,0.956414155,0.007834977,7.11E-17,0,0.035750867,0.185375412,0.111391222,0.046656983,0.656576383,0.590547955,0,0,0.087883123,0.155123614,0.166445309,1,0,0,0,1,0,0,0,1,0,0.770326571,0.229673429
GM0118,0.962918503,0.009819098,0,0,0.027262399,0.181769274,0.056824239,0.024865721,0.736540767,0.569468226,0,0,0.100831396,0.138731824,0.190968553,1,0,0,0,1,0,0,0,1,0,0.729325391,0.270674609
GM0119,0.961595134,0.009459043,9.19E-17,0,0.028945823,0.18769733,0.057942159,0.02663976,0.727720752,0.379090135,0,0,0.052265481,0.072453107,0.496191277,1,0,0,0,0,1,0,0,1,0,0.736369847,0.263630153
GM0141,0.959309281,0.008795744,0,0,0.031894975,0.218980791,0.075082927,0.032587995,0.673348286,0.550350466,0,0,0.049350882,0.069823992,0.330474659,1,0,0,0,0,1,0,0,1,0,0.749793012,0.250206988
GM0147,0.963018915,0.009897065,1.73E-18,0,0.027084021,0.197050257,0.047332585,0.017674827,0.737942331,0.745252288,0,0,0.05080111,0.076943826,0.127002776,1,0,0,0,0,1,0,0,1,0,0.727781911,0.272218089
GM0148,0.955691483,0.007914369,3.30E-17,0,0.036394148,0.166227674,0.055038267,0.032487122,0.746246937,0.535567691,0,0,0.085107238,0.07537065,0.303954422,1,0,0,0,0,1,0,0,1,0,0.768403482,0.231596518
GM0150,0.960781334,0.009134047,0,0,0.03008462,0.172516548,0.076525593,0.032650887,0.718306972,0.210385567,0.296596194,0.296596194,0.018388964,0.021496201,0.15653688,1,0,0,0,1,0,0,0,1,0,0.742939107,0.257060893
GM0153,0.956970529,0.007996978,0,0,0.035032493,0.20669273,0.118771407,0.065882395,0.608653468,0.438843952,0,0,0.056505501,0.080087358,0.42456319,1,0,0,0,1,0,0,0,1,0,0.766789701,0.233210299
GM0158,0.954967952,0.007621318,5.46E-17,0,0.03741073,0.169602531,0.094933102,0.0709047,0.664559667,0.288241664,0,0,0.054676769,0.062768856,0.59431271,1,0,0,0,0,1,0,0,1,0,0.774917835,0.225082165
GM0160,0.957955099,0.008496386,7.81E-17,0,0.033548515,0.148499685,0.051263225,0.030772631,0.769464459,0.626315701,0,0,0.061130596,0.10787537,0.204678334,1,0,0,0,0,1,0,0,1,0,0.755972319,0.244027681
GM0163,0.95461707,0.007421624,1.73E-18,0,0.037961306,0.215896121,0.098235637,0.01767368,0.668194562,0.690177428,0,0,0.045067556,0.050147607,0.214607409,1,0,0,0,0,1,0,0,1,0,0.779451937,0.220548063
GM0164,0.959912247,0.008853865,0,0,0.031233888,0.203410495,0.098935899,0.034188855,0.663464751,0.7881269,0,0,0.017480414,0.020362015,0.174030671,1,0,0,0,1,0,0,0,1,0,0.748673648,0.251326352
GM0166,0.958311989,0.008513203,0,0,0.033174808,0.172832815,0.069349856,0.024621598,0.733195732,0.451163207,0,0,0.085557832,0.077386678,0.385892283,1,0,0,0,0,1,0,0,1,0,0.755676131,0.244323869
GM0168,0.95803613,0.008466972,0,0,0.033496897,0.149732514,0.061838449,0.02789134,0.760537697,0.474811645,0,0,0.172955445,0.080290387,0.271942523,1,0,0,0,0,1,0,0,1,0,0.756627078,0.243372922
GM0171,0.962210227,0.009736813,7.29E-17,0,0.02805296,0.162432384,0.035521796,0.022396961,0.779648859,0.536551826,0,0,0.03321378,0.057045851,0.373188542,1,0,0,0,0,1,0,0,1,0,0.73083875,0.26916125
GM0173,0.957061725,0.008044021,0,0,0.034894254,0.182650106,0.09346686,0.034852499,0.689030535,0.436603339,0,0,0.060173992,0.047359095,0.455863575,1,0,0,0,0,1,0,0,1,0,0.765756277,0.234243723
GM0175,0.957428751,0.008403798,0,0,0.034167451,0.174859561,0.034558197,0.01262771,0.777954532,0.688761194,0,0,0.063567552,0.078608614,0.16906264,1,0,0,0,0,1,0,0,1,0,0.757887156,0.242112844
GM0177,0.955352333,0.007792571,0,0,0.036855097,0.185863675,0.047680956,0.022002177,0.744453192,0.664359076,0,0,0.072166801,0.08659471,0.176879413,1,0,0,0,0,0.07174373,0,0.92825627,1,0,0.771089344,0.228910656
GM0180,0.964646687,0.010422056,0,0,0.024931257,0.177798192,0.023374227,0.012684514,0.786143067,0.708096364,0,0,0.097909621,0.193994015,0,1,0,0,0,0,1,0,0,1,0,0.717764687,0.282235313
GM0183,0.955428954,0.007858792,3.47E-17,0,0.036712254,0.15994757,0.051374905,0.039493162,0.749184363,0.632258534,0,0,0.066875763,0.065387664,0.235478039,1,0,0,0,0,1,0,0,1,0,0.769606493,0.230393507
GM0184,0.95357257,0.006928996,2.69E-17,0,0.039498434,0.182899035,0.143143982,0.029573514,0.644383469,0.689485223,0,0,0.058762945,0.088521429,0.163230403,1,0,0,0,0,1,0,0,1,0,0.790851163,0.209148837
GM0189,0.960443949,0.009271584,0,0,0.030284467,0.192728778,0.031185389,0.013057,0.763028834,0.935448993,0,0,0.01698384,0.018485248,0.029081919,1,0,0,0,1,0,0,0,1,0,0.740006898,0.259993102
GM0193,0.959065669,0.008689885,0,0,0.032244447,0.201112606,0.081678117,0.049717067,0.667492209,0.526616836,0,0,0.035037281,0.04512563,0.393220254,1,0,0,0,0,1,0,0,1,0,0.752010322,0.247989678
GM0197,0.955048989,0.007680915,0,0,0.037270096,0.178760251,0.057336501,0.018245415,0.745657834,0.262442041,0,0,0.053943462,0.062554899,0.621059597,1,0,0,0,0,1,0,0,1,0,0.773571184,0.226428816
GM0200,0.962337981,0.009656204,0,0,0.028005815,0.212360112,0.070215885,0.038640379,0.678783623,0.582414337,0.021211485,0.021211485,0.063705159,0.037475859,0.273981676,1,0,0,0,0,1,0,0,1,0,0.732496933,0.267503067
GM0202,0.960398868,0.009096859,4.68E-17,0,0.030504273,0.204538591,0.072998969,0.04869853,0.67376391,0.503735818,0.107909668,0.107909668,0.053864909,0.046730492,0.179849446,1,0,0,0,0.108958838,0,0.891041162,0,1,0,0.743641568,0.256358432
GM0203,0.963009014,0.009919964,0,0,0.027071022,0.21991805,0.048405761,0.021014676,0.710661513,0.550725785,0,0,0.071856602,0.049604645,0.327812967,1,0,0,0,1,0,0,0,1,0,0.727321778,0.272678222
GM0209,0.96435249,0.010297422,1.21E-17,0,0.025350088,0.18125442,0.041647944,0.02627273,0.750824906,0.738363212,0,0,0.078022352,0.074032481,0.109581955,1,0,0,0,0,1,0,0,1,0,0.720133991,0.279866009
GM0213,0.956198297,0.008019022,8.15E-17,0,0.035782682,0.183815758,0.051628649,0.030669078,0.733886515,0.466969539,0,0,0.030478198,0.049007644,0.453544619,1,0,0,0,0,1,0,0,1,0,0.766152486,0.233847514
GM0214,0.957293479,0.008336561,0,0,0.034369959,0.187455582,0.051019211,0.035906303,0.725618904,0.642837433,0,0,0.052745636,0.057171765,0.247245167,1,0,0,0,0,1,0,0,1,0,0.759332281,0.240667719
GM0216,0.963102828,0.009831157,2.60E-17,0,0.027066016,0.200188498,0.062163863,0.01323976,0.724407879,0.612403297,0,0,0.050073394,0.05301539,0.284507919,1,0,0,0,0,1,0,0,1,0,0.729120836,0.270879164
GM0221,0.954682612,0.007461521,0,0,0.037855867,0.208856163,0.094575986,0.075412631,0.62115522,0.523624925,0,0,0.051880743,0.053917599,0.370576734,1,0,0,0,0,1,0,0,1,0,0.778540748,0.221459252
GM0222,0.959412325,0.008753497,7.98E-17,0,0.031834178,0.196919359,0.090805555,0.034017849,0.678257237,0.562609568,0,0,0.043132892,0.038207728,0.356049813,1,0,0,0,0,1,0,0,1,0,0.750715279,0.249284721
GM0225,0.958927904,0.008731826,1.04E-17,0,0.032340269,0.153748065,0.064467606,0.035329222,0.746455108,0.517986515,0,0,0.053956929,0.060168407,0.36788815,1,0,0,0,0,1,0,0,1,0,0.751084451,0.248915549
GM0226,0.962151473,0.009636422,0,0,0.028212104,0.207206019,0.061843139,0.022288329,0.708662513,0.468768527,0,0,0.033004605,0.034099614,0.464127254,1,0,0,0,0,1,0,0,1,0,0.732860629,0.267139371
GM0228,0.962470475,0.009751424,0,0,0.027778102,0.243838139,0.059197151,0.02828726,0.66867745,0.615389364,0,0,0.080609745,0.05731382,0.246687071,1,0,0,0,0,1,0,0,1,0,0.730596911,0.269403089
GM0230,0.961919474,0.009608669,4.16E-17,0,0.028471857,0.207083685,0.047347732,0.022044383,0.7235242,0.358783932,0,0,0.056877283,0.076505903,0.507832883,1,0,0,0,0,1,0,0,1,0,0.733377762,0.266622238
GM0232,0.962338088,0.009748792,0,0,0.027913119,0.210853671,0.049634347,0.031416997,0.708094985,0.626864108,0,0,0.063455569,0.069318318,0.240362005,1,0,0,0,0,1,0,0,1,0,0.730622952,0.269377048
GM0233,0.959846404,0.008954615,1.91E-17,0,0.03119898,0.222811538,0.079225094,0.026407906,0.671555462,0.555909087,0,0,0.057269497,0.057686372,0.329135043,1,0,0,0,0,1,0,0,1,0,0.746525632,0.253474368
GM0243,0.960976496,0.009289429,0,0,0.029734075,0.223475426,0.06582042,0.029087332,0.681616822,0.49134864,0,0,0.044833637,0.043502378,0.420315346,1,0,0,0,0,1,0,0,1,0,0.739743523,0.260256477
GM0244,0.965165955,0.010549168,7.81E-17,0,0.024284877,0.182312484,0.036242825,0.027617476,0.753827215,0.689249924,0,0,0.072362197,0.057482388,0.180905492,1,0,0,0,0,1,0,0,1,0,0.715412,0.284588
GM0246,0.963542287,0.01008337,1.06E-16,0,0.026374343,0.19169598,0.055664833,0.042320817,0.710318369,0.711113845,0,0,0.054360703,0.076500153,0.158025299,1,0,0,0,0,1,0,0,1,0,0.72418009,0.27581991
GM0252,0.961360576,0.009441843,0,0,0.029197581,0.212987485,0.064641515,0.036704106,0.685666894,0.662612175,0,0,0.110435363,0.068280964,0.158671498,1,0,0,0,0,1,0,0,1,0,0.736675697,0.263324303
GM0262,0.956785501,0.008160292,0,0,0.035054207,0.168990832,0.064844076,0.039662517,0.726502575,0.585859742,0,0,0.056212555,0.04563573,0.312291973,1,0,0,0,0,1,0,0,1,0,0.76312013,0.23687987
GM0263,0.962688613,0.009838163,0,0,0.027473224,0.210576495,0.046506053,0.033497462,0.70941999,0.806682787,0,0,0.118996089,0.074321125,0,1,0,0,0,0,1,0,0,1,0,0.728895113,0.271104887
GM0267,0.959624978,0.008885931,0,0,0.031489091,0.202875931,0.068476697,0.019133244,0.709514128,0.769374485,0,0,0.092642421,0.072925214,0.06505788,1,0,0,0,0,1,0,0,1,0,0.747936376,0.252063624
GM0268,0.955810852,0.007466319,6.33E-17,0,0.036722829,0.194883826,0.158322978,0.070823119,0.575970077,0.604675921,0,0,0.087160493,0.09105185,0.217111736,1,0,0,0,0,1,0,0,1,0,0.778633548,0.221366452
GM0269,0.963925071,0.010193603,0,0,0.025881326,0.19976195,0.036744254,0.022390414,0.741103382,0.390082792,0,0,0.040463996,0.075989844,0.493463368,1,0,0,0,0,1,0,0,1,0,0.722082734,0.277917266
GM0273,0.962031404,0.009629763,0,0,0.028338833,0.211341694,0.054733203,0.023163032,0.71076207,0.709531831,0,0,0.073427366,0.084020212,0.133020591,1,0,0,0,0,1,0,0,1,0,0.73297152,0.26702848
GM0274,0.962116409,0.009653272,0,0,0.02823032,0.195794871,0.05419388,0.048723508,0.701287741,0.740876542,0,0,0.106702328,0.068535652,0.083885478,1,0,0,0,1,0,0,0,1,0,0.732511334,0.267488666
GM0275,0.958301537,0.008461656,0,0,0.033236807,0.192320245,0.090077309,0.042500191,0.675102256,0.330511602,0,0,0.088424455,0.041012307,0.540051637,1,0,0,0,1,0,0,0,1,0,0.756793695,0.243206305
GM0277,0.95392349,0.007236462,0,0,0.038840048,0.285155076,0.193301051,0.075383585,0.446160288,0.894512169,0,0,0.074542681,0.030945151,0,1,0,0,0,0,1,0,0,1,0,0.78364138,0.21635862
GM0279,0.954955736,0.007723559,0,0,0.037320705,0.179243304,0.05311363,0.033446631,0.734196434,0.692616591,0,0,0.18694105,0.120442358,0,1,0,0,0,0,1,0,0,1,0,0.772582757,0.227417243
GM0281,0.962205184,0.009604247,0,0,0.028190569,0.188455081,0.061793739,0.022754139,0.726997041,0.768073623,0,0,0.014531639,0.026188957,0.191205781,1,0,0,0,0,1,0,0,1,0,0.733525802,0.266474198
GM0285,0.962178556,0.009692866,0,0,0.028128578,0.202130054,0.0475229,0.026093786,0.724253261,0.427022452,0,0,0.043993355,0.050795557,0.478188636,1,0,0,0,0,1,0,0,1,0,0.73172123,0.26827877
GM0289,0.953698345,0.006893061,5.03E-17,0,0.039408594,0.190063391,0.163891365,0.073756346,0.572288898,0.492394267,0,0,0.051981448,0.065763424,0.389860861,1,0,0,0,0,1,0,0,1,0,0.791731659,0.208268341
GM0293,0.954677023,0.007181779,3.90E-17,0,0.038141198,0.181544181,0.159263657,0.059741578,0.599450584,0.581543542,0,0,0.211855571,0.206600888,0,1,0,0,0,0,1,0,0,1,0,0.785057936,0.214942064
GM0294,0.954881797,0.007546262,1.39E-17,0,0.037571941,0.181295798,0.069796596,0.011940673,0.736966933,0.266169475,0,0,0.058382596,0.043352889,0.632095039,1,0,0,0,0,1,0,0,1,0,0.776623724,0.223376276
GM0296,0.961133893,0.009306429,1.73E-18,0,0.029559678,0.190955367,0.062923509,0.017326353,0.72879477,0.510829719,0,0,0.069771864,0.063419519,0.355978898,1,0,0,0,0,1,0,0,1,0,0.739422914,0.260577086
GM0297,0.962097667,0.00967458,0,0,0.028227753,0.209377648,0.043896982,0.032445389,0.714279981,0.358858239,0,0,0.046653437,0.034647078,0.559841246,1,0,0,0,0,1,0,0,1,0,0.732075264,0.267924736
GM0299,0.961430538,0.009432843,0,0,0.02913662,0.196197433,0.057908907,0.030781312,0.715112348,0.476454511,0,0,0.091723863,0.060255051,0.371566575,1,0,0,0,0,1,0,0,1,0,0.73687477,0.26312523
GM0301,0.954494774,0.007353351,0,0,0.038151875,0.210974782,0.105030819,0.039500952,0.644493447,0.597325744,0,0,0.101188658,0.088307245,0.213178353,1,0,0,0,0,1,0,0,1,0,0.781014655,0.218985345
GM0302,0.962998281,0.009898295,0,0,0.027103424,0.224615858,0.054096578,0.022089649,0.699197915,0.445483417,0,0,0.062632663,0.061714534,0.430169387,1,0,0,0,0,1,0,0,1,0,0.727753045,0.272246955
GM0303,0.958714517,0.008707677,0,0,0.032577807,0.132050836,0.0424989,0.020077927,0.805372337,0.466168175,0,0,0.046184936,0.046950939,0.44069595,1,0,0,0,0,1,0,0,1,0,0.75156032,0.24843968
GM0307,0.961981201,0.009525106,2.08E-17,0,0.028493693,0.221266281,0.07509202,0.043079991,0.660561708,0.438908068,0.23866424,0.23866424,0.005619183,0.005135166,0.073009103,1,0,0,0,0,0,1,0,1,0,0.735094696,0.264905304
GM0308,0.961856174,0.009552625,0,0,0.028591202,0.275749141,0.075032166,0.020627581,0.628591113,0.783055176,0,0,0.064977704,0.059669244,0.092297876,1,0,0,0,0,1,0,0,1,0,0.734507195,0.265492805
GM0310,0.961841647,0.009575506,7.11E-17,0,0.028582847,0.245877971,0.064153219,0.039596,0.650372809,0.70415276,0,0,0.064687139,0.042237381,0.18892272,1,0,0,0,0,1,0,0,1,0,0.734037454,0.265962546
GM0312,0.963232682,0.01005289,8.67E-17,0,0.026714427,0.295972172,0.043725887,0.033638689,0.626663252,0.688526212,0,0,0.14025534,0.048617627,0.122600821,1,0,0,0,0,1,0,0,1,0,0.724720251,0.275279749
GM0313,0.954551928,0.007388448,1.04E-17,0,0.038059624,0.194055303,0.105579691,0.035780713,0.664584293,0.752291621,0,0,0.055177905,0.069365506,0.123164967,1,0,0,0,0,1,0,0,1,0,0.780209463,0.219790537
GM0317,0.966408425,0.010931787,6.42E-17,0,0.022659788,0.280739668,0.027668474,0.017312412,0.674279446,0.663909666,0,0,0.064857182,0.052121051,0.219112101,1,0,0,0,0,1,0,0,1,0,0.708368788,0.291631212
GM0321,0.959597635,0.008871485,1.13E-16,0,0.03153088,0.206285438,0.069586381,0.026368613,0.697759568,0.776285127,0,0,0.007333598,0.004835171,0.211546103,1,0,0,0,1,0,0,0,1,0,0.748237624,0.251762376
GM0327,0.96005322,0.00905564,0,0,0.03089114,0.238000632,0.071693641,0.035999951,0.654305776,0.531344546,0,0,0.073740955,0.05352119,0.341393309,1,0,0,0,0,1,0,0,1,0,0.7444379,0.2555621
GM0331,0.955546482,0.007910182,4.34E-17,0,0.036543336,0.159229181,0.055261255,0.055216916,0.730292648,0.427952197,0,0,0.073245097,0.05578801,0.443014697,1,0,0,0,0,1,0,0,1,0,0.768470649,0.231529351
GM0335,0.954835075,0.007534871,9.63E-17,0,0.037630054,0.169448642,0.088437544,0.052888259,0.689225555,0.820393443,0,0,0.097311908,0.08229465,0,1,0,0,0,0,1,0,0,1,0,0.776877192,0.223122808
GM0339,0.961958506,0.009678076,5.55E-17,0,0.028363418,0.283929396,0.043321948,0.021545954,0.651202703,0.799089119,0,0,0.132180155,0.068730726,0,1,0,0,0,0,1,0,0,1,0,0.731976007,0.268023993
GM0340,0.95511152,0.007702283,1.38E-16,0,0.037186197,0.228831088,0.083346411,0.049562386,0.638260115,0.552687331,0,0,0.083162984,0.075389325,0.288760361,1,0,0,0,0,1,0,0,1,0,0.773095681,0.226904319
GM0342,0.957074046,0.008051903,0,0,0.034874051,0.218172051,0.123474295,0.046328793,0.612024862,0.647505445,0,0,0.055688763,0.049666308,0.247139483,1,0,0,0,0,1,0,0,1,0,0.765582865,0.234417135
GM0344,0.960624922,0.009111942,0,0,0.030263136,0.223379177,0.089648887,0.070413137,0.616558798,0.375389375,0,0,0.015352518,0.014163491,0.595094616,1,0,0,0,1,0,0,0,1,0,0.74337051,0.25662949
GM0345,0.95672111,0.007877062,1.39E-17,0,0.035401828,0.188767237,0.111818975,0.016330892,0.683082896,0.723115529,0,0,0.037128423,0.042264438,0.19749161,1,0,0,0,0,1,0,0,1,0,0.769434349,0.230565651
GM0351,0.960310653,0.009201433,0,0,0.030487914,0.279972199,0.042137818,0.018884409,0.659005574,0.35639822,0,0,0.118170838,0.054004724,0.471426217,1,0,0,0,0,1,0,0,1,0,0.741438884,0.258561116
GM0352,0.955029317,0.007656558,0,0,0.037314125,0.213338613,0.088100389,0.066665883,0.631895115,0.644307679,0,0,0.083832626,0.064353197,0.207506499,1,0,0,0,0,1,0,0,1,0,0.774123417,0.225876583
GM0353,0.955487744,0.007584633,1.73E-18,0,0.036927623,0.197978027,0.102808534,0.021938406,0.677275032,0.657316792,0,0,0.059398727,0.06490681,0.218377672,1,0,0,0,0,1,0,0,1,0,0.775852954,0.224147046
GM0355,0.960405614,0.009114006,2.60E-17,0,0.03048038,0.228144492,0.073166286,0.03556453,0.663124692,0.879362852,0,0,0.030711233,0.026472954,0.06345296,1,0,0,0,0,1,0,0,1,0,0.74328373,0.25671627
GM0356,0.961764605,0.009501045,0,0,0.02873435,0.20660194,0.064537618,0.050863412,0.677997029,0.698904314,0,0,0.030178244,0.032668144,0.238249298,1,0,0,0,1,0,0,0,1,0,0.735543133,0.264456867
GM0358,0.954096421,0.007136536,0,0,0.038767043,0.172848028,0.11736562,0.072701724,0.637084628,0.549681237,0,0,0.038238695,0.034724528,0.37735554,1,0,0,0,0,1,0,0,1,0,0.786020111,0.213979889
GM0361,0.955170618,0.007658034,2.69E-17,0,0.037171348,0.232775368,0.084679866,0.051955098,0.630589668,0.66191594,0,0,0.029451012,0.031420958,0.27721209,1,0,0,0,0,1,0,0,1,0,0.774115589,0.225884411
GM0362,0.958787896,0.008537382,0,0,0.032674722,0.21316008,0.119054667,0.089431158,0.578354096,0.56081792,0,0,0.036162802,0.034912578,0.3681067,1,0,0,0,0,1,0,0,1,0,0.755243905,0.244756095
GM0363,0.958840601,0.008499977,2.95E-17,0,0.032659422,0.197283609,0.111110877,0.075606068,0.615999446,0.617017266,0.006382387,0.006382387,0.053058911,0.029951633,0.287207416,1,0,0,0,1,0,0,0,1,0,0.756064791,0.243935209
GM0370,0.964361277,0.010375316,1.04E-17,0,0.025263407,0.230348917,0.033933668,0.031495315,0.704222101,0.68389792,0,0,0.082082674,0.047467873,0.186551533,1,0,0,0,0,0,1,0,1,0,0.718614511,0.281385489
GM0373,0.954781167,0.007487043,0,0,0.037731791,0.248531484,0.125607209,0.065317043,0.560544265,0.534577916,0,0,0.045861912,0.037377569,0.382182603,1,0,0,0,0,1,0,0,1,0,0.777969287,0.222030713
GM0375,0.959856036,0.008836999,0,0,0.031306965,0.25566969,0.121659658,0.029522842,0.59314781,0.426668132,0,0,0.129506788,0.052565903,0.391259177,1,0,0,0,0,1,0,0,1,0,0.749021243,0.250978757
GM0376,0.96377382,0.010111186,0,0,0.026114993,0.253064667,0.069344797,0.061734287,0.615856249,0.706484463,0,0,0.053588155,0.030598652,0.20932873,1,0,0,0,0,1,0,0,1,0,0.723677529,0.276322471
GM0377,0.954202593,0.007112175,0,0,0.038685232,0.246609394,0.198630376,0.044773346,0.509986884,0.544074616,0,0,0.045387227,0.029132888,0.381405269,1,0,0,0,0,1,0,0,1,0,0.786613331,0.213386669
GM0383,0.960699323,0.009177035,0,0,0.030123642,0.278898052,0.091214653,0.024281081,0.605606215,0.434843828,0,0,0.048806352,0.040401352,0.475948468,1,0,0,0,0,1,0,0,1,0,0.74202502,0.25797498
GM0384,0.963553518,0.010062366,1.56E-17,0,0.026384116,0.237664348,0.066018917,0.059101828,0.637214906,0.297661587,0,0,0.057519147,0.04566148,0.599157785,1,0,0,0,0,1,0,0,1,0,0.724598725,0.275401275
GM0385,0.957062739,0.008127217,7.63E-17,0,0.034810045,0.172955192,0.101147208,0.078142557,0.647755043,0.509964266,0,0,0.092158074,0.05400425,0.343873409,1,0,0,0,0,1,0,0,1,0,0.763905784,0.236094216
GM0388,0.954282504,0.007215377,3.47E-17,0,0.038502119,0.175130906,0.09987265,0.011772123,0.713224322,0.574863512,0,0,0.099976263,0.105914034,0.219246191,1,0,0,0,0,1,0,0,1,0,0.784199384,0.215800616
GM0392,0.953581321,0.006811954,0,0,0.039606725,0.1976806,0.175902373,0.089029115,0.537387912,0.511490588,0,0,0.061425449,0.051059294,0.376024669,1,0,0,0,0,1,0,0,1,0,0.793656548,0.206343452
GM0394,0.963070419,0.009946642,0,0,0.02698294,0.273925924,0.057915183,0.061188975,0.606969918,0.557108639,0.0073649,0.0073649,0.007708595,0.006177353,0.414275613,1,0,0,0,1,0,0,0,1,0,0.726801474,0.273198526
GM0396,0.959882847,0.008807854,8.50E-17,0,0.0313093,0.268150662,0.132625326,0.025967563,0.573256449,0.497154946,0,0,0.065124391,0.074303305,0.363417358,1,0,0,0,0,1,0,0,1,0,0.749647003,0.250352997
GM0397,0.952814091,0.006503256,1.99E-17,0,0.040682652,0.173481351,0.182178447,0.057537072,0.586803131,0.7129724,0,0,0.045317698,0.046374998,0.195334904,1,0,0,0,1,0,0,0,1,0,0.801019717,0.198980283
GM0398,0.954281765,0.007273851,0,0,0.038444384,0.235254321,0.130469605,0.03029748,0.603978594,0.711384894,0,0,0.043814722,0.055943823,0.188856561,1,0,0,0,0,1,0,0,1,0,0.782830189,0.217169811
GM0399,0.961043072,0.009142121,0,0,0.029814807,0.248309406,0.121188134,0.017660935,0.612841525,0.531666526,0,0,0.047938374,0.045876555,0.374518545,1,0,0,0,0,1,0,0,1,0,0.742822363,0.257177637
GM0400,0.953767494,0.006982969,0,0,0.039249537,0.196956752,0.15291108,0.054755941,0.595376227,0.18530745,0,0,0.045820197,0.063946249,0.704926105,1,0,0,0,0,1,0,0,1,0,0.789598799,0.210401201
GM0402,0.957831526,0.008142882,0,0,0.034025592,0.207255148,0.137637825,0.038944096,0.61616293,0.021342292,0.483381148,0.483381148,0.002490145,0.001658774,0.007746493,1,0,0,0,0,1,0,0,1,0,0.763703247,0.236296753
GM0405,0.954552194,0.007181745,0,0,0.038266061,0.208351757,0.150503387,0.051242622,0.589902234,0.699537538,0,0,0.080653828,0.085385586,0.134423047,1,0,0,0,0,1,0,0,1,0,0.785036683,0.214963317
GM0406,0.957205158,0.007958157,0,0,0.034836685,0.211936609,0.157440718,0.064436389,0.566186284,0.751704862,0,0,0.094296705,0.079865804,0.074132629,1,0,0,0,0,1,0,0,1,0,0.76770249,0.23229751
GM0415,0.952810026,0.006530457,6.16E-17,0,0.040659517,0.138130484,0.245436555,0.233630617,0.382802344,0.505609121,0,0,0.064601268,0.039056131,0.390733479,1,0,0,0,0,1,0,0,1,0,0.800352931,0.199647069
GM0416,0.954723121,0.007474101,6.85E-17,0,0.037802778,0.222425197,0.092907197,0.028365923,0.656301683,0.632596972,0,0,0.071662614,0.057922003,0.23781841,1,0,0,0,0,1,0,0,1,0,0.778257484,0.221742516
GM0417,0.964768493,0.010390776,0,0,0.024840731,0.255554121,0.052813037,0.043801702,0.647831139,0.869992734,0,0,0.092470441,0.037536825,0,1,0,0,0,0,1,0,0,1,0,0.718398752,0.281601248
GM0420,0.960339163,0.009115873,6.07E-17,0,0.030544964,0.17565394,0.065568398,0.042539393,0.716238269,0.34761114,0,0,0.033327267,0.03777206,0.581289533,1,0,0,0,0,1,0,0,1,0,0.74323145,0.25676855
GM0431,0.96518409,0.010542745,9.54E-17,0,0.024273165,0.275795868,0.035800314,0.021873893,0.666529925,0.584738701,0,0,0.053857512,0.040823359,0.320580428,1,0,0,0,0,1,0,0,1,0,0.715539824,0.284460176
GM0432,0.955036606,0.007585291,3.99E-17,0,0.037378102,0.167000272,0.066113243,0.040874601,0.726011883,0.381903377,0,0,0.045711469,0.040856446,0.531528708,1,0,0,0,0,1,0,0,1,0,0.775755726,0.224244274
GM0437,0.965792975,0.010743643,0,0,0.023463382,0.271660276,0.03450076,0.028006149,0.665832815,0.013823314,0,0,0.001114825,0.000473078,0.984588782,1,0,0,0,0,1,0,0,1,0,0.711811503,0.288188497
GM0439,0.955643615,0.007383343,8.33E-17,0,0.036973041,0.178923586,0.160135944,0.118206,0.54273447,0.182962496,0.379137354,0.379137354,0.015242088,0.010011093,0.033509615,1,0,0,0,1,0,0,0,1,0,0.780523817,0.219476183
GM0441,0.955127795,0.007692582,0,0,0.037179623,0.199685721,0.071326129,0.037291248,0.691696902,0.378482738,0,0,0.061353171,0.041978523,0.518185567,1,0,0,0,0,1,0,0,1,0,0.77331968,0.22668032
GM0448,0.955127064,0.007691813,5.90E-17,0,0.037181124,0.099713711,0.05518013,0.044146955,0.800959204,0.207159809,0,0,0.052465054,0.017051783,0.723323355,1,0,0,0,0,1,0,0,1,0,0.773337062,0.226662938
GM0450,0.962847206,0.009886914,0,0,0.02726588,0.340757525,0.049750523,0.0131961,0.596295852,0.440263305,0,0,0.045373352,0.041724262,0.472639082,1,0,0,0,0,1,0,0,1,0,0.727949851,0.272050149
GM0451,0.95335865,0.006787468,2.95E-17,0,0.039853882,0.147833439,0.130730359,0.084471891,0.636964311,0.599738035,0,0,0.032993189,0.041678095,0.325590681,1,0,0,0,0,1,0,0,1,0,0.794207484,0.205792516
GM0453,0.960285308,0.009003091,0,0,0.030711601,0.245014497,0.106175191,0.053289757,0.595520555,0.581650296,0,0,0.04141745,0.035800155,0.341132099,1,0,0,0,0,1,0,0,1,0,0.745589398,0.254410602
GM0457,0.954614765,0.007349023,0,0,0.038036212,0.198039793,0.106280126,0.029998478,0.665681603,0.702599262,0,0,0.114053574,0.061495055,0.121852109,1,0,0,0,0,1,0,0,1,0,0.781136822,0.218863178
GM0473,0.953634348,0.00681662,4.94E-17,0,0.039549032,0.177446161,0.161164967,0.080544492,0.58084438,0.515578984,0,0,0.10737372,0.068502123,0.308545173,1,0,0,0,0,1,0,0,1,0,0.793553498,0.206446502
GM0479,0.957561456,0.008204981,0,0,0.034233563,0.213748033,0.104868735,0.054587929,0.626795303,0.587260861,0,0,0.095304667,0.091807892,0.22562658,1,0,0,0,0,1,0,0,1,0,0.762278384,0.237721616
GM0482,0.959844307,0.008848515,0,0,0.031307178,0.188521735,0.099247654,0.047461154,0.664769457,0.331525376,0,0,0.018767917,0.032341015,0.617365691,1,0,0,0,0,1,0,0,1,0,0.748774035,0.251225965
GM0484,0.957316593,0.008149287,0,0,0.03453412,0.185572267,0.092158324,0.03656781,0.685701599,0.593380098,0,0,0.069099437,0.054635217,0.282885249,1,0,0,0,0,1,0,0,1,0,0.763464219,0.236535781
GM0489,0.963598005,0.010055678,8.67E-18,0,0.026346317,0.220090864,0.050451124,0.028827856,0.700630156,0.696509533,0,0,0.038998131,0.046219214,0.218273122,1,0,0,0,1,0,0,0,1,0,0.724740589,0.275259411
GM0498,0.955282889,0.007734627,3.47E-17,0,0.036982485,0.199896942,0.055108948,0.012581039,0.732413072,0.519393575,0,0,0.070932456,0.059678299,0.34999567,1,0,0,0,0,1,0,0,1,0,0.772391295,0.227608705
GM0501,0.95699461,0.008183815,1.21E-16,0,0.034821575,0.24086176,0.09428403,0.063517471,0.601336739,0.352789689,0,0,0.101147775,0.055053922,0.491008614,1,0,0,0,0,1,0,0,1,0,0.762638957,0.237361043
GM0502,0.955975432,0.007557918,3.82E-17,0,0.03646665,0.193050695,0.146007573,0.039758039,0.621183694,0.755410775,0,0,0.043428812,0.052023009,0.149137403,1,0,0,0,1,0,0,0,1,0,0.776554548,0.223445452
GM0503,0.960272307,0.008946266,0,0,0.030781427,0.231468076,0.109020642,0.032322673,0.627188608,0.663187543,0,0,0.073125282,0.073256755,0.190430421,1,0,0,0,1,0,0,0,1,0,0.746786008,0.253213992
GM0505,0.961520328,0.009327783,0,0,0.029151889,0.188058654,0.081285641,0.051319942,0.679335762,0.758371272,0,0,0.026147212,0.031633936,0.183847581,1,0,0,0,1,0,0,0,1,0,0.739058603,0.260941397
GM0512,0.964001434,0.010167448,5.72E-17,0,0.025831118,0.169663213,0.043604287,0.029431059,0.757301441,0.638628038,0,0,0.091465908,0.052130081,0.217775972,1,0,0,0,0,1,0,0,1,0,0.722613894,0.277386106
GM0513,0.953211741,0.006658574,1.01E-16,0,0.040129685,0.181869112,0.172391103,0.043682178,0.602057607,0.563797675,0,0,0.083763208,0.085109731,0.267329386,1,0,0,0,0,1,0,0,1,0,0.797298511,0.202701489
GM0518,0.95698938,0.007815485,0,0,0.035195134,0.207807974,0.160996955,0.042234114,0.588960957,0.573499347,0.059930266,0.059930266,0.031851826,0.038951602,0.235836693,1,0,0,0,1,0,0,0,1,0,0.770873194,0.229126806
GM0523,0.96555651,0.010637506,2.60E-17,0,0.023805984,0.174499102,0.034484037,0.014822624,0.776194238,0.614570292,0,0,0.057127812,0.105146379,0.223155516,1,0,0,0,0,1,0,0,1,0,0.713793805,0.286206195
GM0530,0.957298675,0.008113391,1.20E-16,0,0.034587935,0.217514874,0.126556334,0.07504807,0.580880722,0.703354236,0,0,0.121757407,0.08938456,0.085503797,1,0,0,0,0,1,0,0,1,0,0.764257131,0.235742869
GM0531,0.961075221,0.009216661,0,0,0.029708118,0.198050996,0.086281943,0.033808429,0.681858632,0.693331572,0,0,0.042191326,0.076122966,0.188354135,1,0,0,0,0,1,0,0,1,0,0.741274409,0.258725591
GM0532,0.954178067,0.0072267,4.94E-17,0,0.038595234,0.1715234,0.09827299,0.012408194,0.717795416,0.452919089,0,0,0.052174503,0.078620482,0.416285927,1,0,0,0,0,1,0,0,1,0,0.783915368,0.216084632
GM0534,0.953679005,0.006929027,0,0,0.039391968,0.161117651,0.13894708,0.075507818,0.624427451,0.410087888,0,0,0.029269267,0.030402492,0.530240352,1,0,0,0,0,1,0,0,1,0,0.790868884,0.209131116
GM0537,0.954429563,0.007182084,2.69E-17,0,0.038388353,0.170213034,0.132330748,0.072383801,0.625072417,0.54746016,0,0,0.086337803,0.064321607,0.30188043,1,0,0,0,0,1,0,0,1,0,0.785007021,0.214992979
GM0542,0.952809168,0.006436011,3.21E-17,0,0.040754821,0.132560488,0.148541021,0.110806532,0.608091958,0.528121751,0,0,0.058911219,0.066430448,0.346536582,1,0,0,0,0,1,0,0,1,0,0.802670413,0.197329587
GM0546,0.958309753,0.008257092,0,0,0.033433155,0.184262443,0.125685903,0.055562018,0.634489636,0.496130224,0,0,0.08534866,0.089413173,0.329107943,1,0,0,0,0,1,0,0,1,0,0.76127124,0.23872876
GM0547,0.960832906,0.009146499,1.21E-17,0,0.030020595,0.194875534,0.086340299,0.034935648,0.683848519,0.572580289,0,0,0.042723913,0.035318006,0.349377792,1,0,0,0,0,1,0,0,1,0,0.742689092,0.257310908
GM0553,0.954968325,0.00752011,3.21E-17,0,0.037511565,0.178124483,0.120926745,0.098386899,0.602561872,0.79991997,0,0,0.107279715,0.092800315,0,1,0,0,0,0,1,0,0,1,0,0.777241091,0.222758909
GM0556,0.952704918,0.006444481,0,0,0.040850601,0.14448728,0.154086508,0.039769551,0.66165666,0.556860062,0,0,0.076099067,0.109949431,0.257091441,1,0,0,0,0,1,0,0,1,0,0.802444666,0.197555334
GM0569,0.954885429,0.007596809,0,0,0.037517762,0.179767513,0.070173261,0.032876653,0.717182573,0.346690417,0,0,0.043346642,0.030904741,0.5790582,1,0,0,0,0,1,0,0,1,0,0.775464098,0.224535902
GM0575,0.9551537,0.007614265,0,0,0.037232035,0.218699858,0.10302243,0.059232197,0.619045515,0.64611017,0,0,0.076645257,0.043570009,0.233674564,1,0,0,0,0,1,0,0,1,0,0.775113197,0.224886803
GM0579,0.96128635,0.009260262,1.04E-17,0,0.029453387,0.247779467,0.109509832,0.060239893,0.582470808,0.719419045,0,0,0.089577469,0.074366158,0.116637329,1,0,0,0,0,1,0,0,1,0,0.740410464,0.259589536
GM0589,0.954599466,0.007407788,0,0,0.037992747,0.143459621,0.080592876,0.043844474,0.732103029,0.527254096,0,0,0.081487863,0.045970487,0.345287554,1,0,0,0,0,1,0,0,1,0,0.779769403,0.220230597
GM0590,0.961205758,0.009307861,0,0,0.029486381,0.193478406,0.066431689,0.039721971,0.700367934,0.747593086,0,0,0.060739338,0.08766186,0.104005716,1,0,0,0,0,1,0,0,1,0,0.739407682,0.260592318
GM0597,0.963707701,0.010106506,0,0,0.026185793,0.21867607,0.049793948,0.045886907,0.685643075,0.610798379,0,0,0.048750497,0.057018002,0.283433122,1,0,0,0,0,1,0,0,1,0,0.72375638,0.27624362
GM0599,0.959563208,0.008724485,0,0,0.031712307,0.139698116,0.072401631,0.023953262,0.763946991,0.248995245,0.243106878,0.243106878,0.020976271,0.027941134,0.215873594,1,0,0,0,0.457646307,0.542353693,0,0,1,0,0.751365408,0.248634592
GM0603,0.958911785,0.008429282,9.54E-17,0,0.032658933,0.215190413,0.144256868,0.044919123,0.595633596,0.929036919,0,0,0.016992931,0.017135763,0.036834387,1,0,0,0,0,1,0,0,1,0,0.757615474,0.242384526
GM0606,0.962686897,0.009700559,5.38E-17,0,0.027612545,0.187379451,0.06816046,0.023274888,0.721185201,0.402899056,0.067942505,0.067942505,0.035556578,0.057637452,0.368021903,1,0,0,0,1,0,0,0,1,0,0.731669172,0.268330828
GM0610,0.962422031,0.009591818,0,0,0.027986151,0.172461313,0.074443361,0.038204199,0.714891128,0.205579655,0,0,0.018631643,0.025786121,0.750002581,1,0,0,0,1,0,0,0,1,0,0.733822869,0.266177131
GM0613,0.956815549,0.007889907,0,0,0.035294544,0.180904952,0.123819057,0.060122078,0.635153912,0.763936824,0,0,0.075736782,0.063723356,0.096603038,1,0,0,0,0,1,0,0,1,0,0.769162684,0.230837316
GM0614,0.95535767,0.007709936,0,0,0.036932394,0.18033031,0.080418494,0.059840405,0.67941079,0.348492567,0,0,0.050481228,0.02737589,0.573650316,1,0,0,0,0,1,0,0,1,0,0.772966655,0.227033345
GM0622,0.959059003,0.008468515,1.91E-17,0,0.032472482,0.156360646,0.105730881,0.050409838,0.687498636,0.513910281,0,0,0.061179795,0.090332918,0.334577006,1,0,0,0,1,0,0,0,1,0,0.756789997,0.243210003
GM0626,0.952887165,0.006559359,4.25E-17,0,0.040553476,0.159962448,0.170807371,0.085794968,0.583435213,0.558695895,0,0,0.083723881,0.089234453,0.268345771,1,0,0,0,0,1,0,0,1,0,0.799659344,0.200340656
GM0627,0.964012116,0.01020681,0,0,0.025781075,0.24253072,0.04139179,0.020431855,0.695645635,0.385032493,0,0,0.028945028,0.029387317,0.556635162,1,0,0,0,1,0,0,0,1,0,0.721840962,0.278159038
GM0629,0.955914094,0.007810226,0,0,0.03627568,0.279114656,0.123381687,0.047055179,0.550448478,0.69657713,0,0,0.069568848,0.043428344,0.190425678,1,0,0,0,0,1,0,0,1,0,0.770793506,0.229206494
GM0632,0.96447011,0.010348978,6.42E-17,0,0.025180913,0.246165733,0.039310713,0.01764209,0.696881464,0.517016579,0,0,0.042236219,0.036701735,0.404045467,1,0,0,0,0,1,0,0,1,0,0.719150993,0.280849007
GM0637,0.95912371,0.008636237,2.43E-17,0,0.032240053,0.244264393,0.117726851,0.036176005,0.601832751,0.583501046,0,0,0.052068576,0.0617061,0.302724278,1,0,0,0,1,0,0,0,1,0,0.753174652,0.246825348
GM0638,0.958623006,0.008697132,4.86E-17,0,0.032679862,0.216176294,0.075446775,0.045819677,0.662557253,0.587980712,0,0,0.075084861,0.060887145,0.276047282,1,0,0,0,0,1,0,0,1,0,0.75176868,0.24823132
GM0642,0.960452971,0.009001264,0,0,0.030545765,0.184877713,0.08669878,0.026901351,0.701522155,0.692168819,0,0,0.057046881,0.092320743,0.158463557,1,0,0,0,0,1,0,0,1,0,0.745661011,0.254338989
GM0654,0.957929065,0.008577348,1.73E-18,0,0.033493587,0.122948934,0.061630529,0.061944991,0.753475547,0.372243144,0,0,0.094537941,0.056717195,0.47650172,1,0,0,0,0,1,0,0,1,0,0.754213465,0.245786535
GM0664,0.962875366,0.00982516,2.43E-17,0,0.027299475,0.212501444,0.064940173,0.042013659,0.680544724,0.680527123,0,0,0.033257982,0.028178827,0.258036068,1,0,0,0,0,1,0,0,1,0,0.729194691,0.270805309
GM0668,0.956165206,0.008010447,0,0,0.035824347,0.166549999,0.060489611,0.051287058,0.721673333,0.668704843,0,0,0.091084976,0.079849308,0.160360874,1,0,0,0,0,1,0,0,1,0,0.766337918,0.233662082
GM0677,0.954820463,0.007519571,2.26E-17,0,0.037659965,0.114806721,0.071550229,0.050684097,0.762958952,0.4167497,0,0,0.104959184,0.092411764,0.385879352,1,0,0,0,0,1,0,0,1,0,0.777226671,0.222773329
GM0678,0.963676408,0.010163675,0,0,0.026159918,0.227322951,0.039078919,0.02887448,0.70472365,0.802764798,0,0,0.110367145,0.086868057,0,1,0,0,0,0,1,0,0,1,0,0.7226207,0.2773793
GM0687,0.959658372,0.008828882,1.73E-17,0,0.031512746,0.226378862,0.098110405,0.042151423,0.63335931,0.319648361,0.226835028,0.226835028,0.029236515,0.039920742,0.157524325,1,0,0,0,0,1,0,0,1,0,0.749155255,0.250844745
GM0703,0.965124275,0.010580803,0,0,0.024294922,0.19104957,0.020047925,0.013883425,0.77501908,0.383710268,0,0,0.045060826,0.051296294,0.519932612,1,0,0,0,0,1,0,0,1,0,0.714793181,0.285206819
GM0715,0.957884948,0.008444248,5.55E-17,0,0.033670804,0.137040397,0.0687742,0.057118684,0.737066719,0.553356858,0,0,0.088666537,0.115276229,0.242700376,1,0,0,0,0,1,0,0,1,0,0.757092593,0.242907407
GM0716,0.956656014,0.00814861,3.47E-18,0,0.035195376,0.131012998,0.054464926,0.04185285,0.772669226,0.604138227,0,0,0.061115144,0.084274728,0.250471902,1,0,0,0,0,1,0,0,1,0,0.763354546,0.236645454
GM0717,0.956432045,0.00809662,0,0,0.035471335,0.194813478,0.071816888,0.055795617,0.677574016,0.417729048,0,0,0.066006847,0.044786624,0.471477481,1,0,0,0,0,1,0,0,1,0,0.7644667,0.2355333
GM0718,0.957285956,0.008165443,0,0,0.034548602,0.209767953,0.097384523,0.031582662,0.661264862,0.546038984,0,0,0.076292872,0.105193601,0.272474543,1,0,0,0,0,1,0,0,1,0,0.7631006,0.2368994
GM0736,0.961855398,0.009600627,1.28E-16,0,0.028543975,0.228026222,0.054296408,0.044654025,0.673023345,0.600221818,0,0,0.059501543,0.042768923,0.297507716,1,0,0,0,0,1,0,0,1,0,0.733528427,0.266471573
GM0737,0.957343538,0.008295266,0,0,0.034361196,0.154556276,0.080901541,0.058732119,0.705810064,0.70355307,0,0,0.073210517,0.101218884,0.122017529,1,0,0,0,0,1,0,0,1,0,0.760248138,0.239751862
GM0743,0.962210346,0.009727934,0,0,0.028061719,0.120207818,0.025117097,0.012341299,0.842333787,0.405971055,0,0,0.085280572,0.064578729,0.444169644,1,0,0,0,1,0,0,0,1,0,0.73101819,0.26898181
GM0744,0.955011505,0.007742938,0,0,0.037245557,0.134288209,0.048425215,0.025121795,0.792164781,0.70386747,0,0,0.10893187,0.18720066,0,1,0,0,0,0,1,0,0,1,0,0.772152461,0.227847539
GM0748,0.961753485,0.009485852,2.95E-17,0,0.028760663,0.17847688,0.060052259,0.02450239,0.73696847,0.688968809,0,0,0.077384178,0.108833823,0.12481319,1,0,0,0,0,1,0,0,1,0,0.735852072,0.264147928
GM0753,0.963422758,0.009969148,0,0,0.026608094,0.24568577,0.064017842,0.017420005,0.672876383,0.791295843,0,0,0.053172842,0.068075983,0.087455332,1,0,0,0,0,1,0,0,1,0,0.726425157,0.273574843
GM0755,0.954750592,0.007456233,6.85E-17,0,0.037793175,0.143287561,0.078389302,0.0380159,0.740307237,0.472009348,0,0,0.073476921,0.055182642,0.39933109,1,0,0,0,0,1,0,0,1,0,0.778675229,0.221324771
GM0756,0.96348032,0.010032717,1.73E-18,0,0.026486964,0.167919771,0.038891435,0.017452193,0.775736601,0.535033574,0,0,0.074228108,0.062295362,0.328442955,1,0,0,0,0,1,0,0,1,0,0.725172058,0.274827942
GM0757,0.964387251,0.010318091,0,0,0.025294659,0.252609629,0.039698043,0.012568949,0.695123379,0.73009219,0,0,0.081796241,0.086878598,0.101232971,1,0,0,0,0,1,0,0,1,0,0.719736969,0.280263031
GM0758,0.961878657,0.009512803,8.67E-17,0,0.02860854,0.200143587,0.064171869,0.035718867,0.699965677,0.758351906,0.006183435,0.006183435,0.00667811,0.006182896,0.216420219,1,0,0,0,1,0,0,0,1,0,0.735325564,0.264674436
GM0762,0.959010744,0.008763071,3.99E-17,0,0.032226184,0.137643108,0.043688221,0.016975683,0.801692987,0.199406504,0.336196424,0.336196424,0.028576696,0.029583029,0.070040922,1,0,0,0,1,0,0,0,1,0,0.750432238,0.249567762
GM0765,0.957114281,0.008239906,0,0,0.034645813,0.21990942,0.064035726,0.029964619,0.686090235,0.635846568,0,0,0.129524301,0.234629131,0,1,0,0,0,0,1,0,0,1,0,0.761423,0.238577
GM0766,0.954612182,0.007230898,1.91E-17,0,0.03815692,0.178087504,0.127210375,0.033476243,0.661225878,0.562218824,0,0,0.047976006,0.05663846,0.33316671,1,0,0,0,0,1,0,0,1,0,0.783894033,0.216105967
GM0770,0.961549067,0.009566022,0,0,0.028884911,0.152052942,0.035284059,0.023204252,0.789458747,0.559549436,0,0,0.036980451,0.036600564,0.366869549,1,0,0,0,0,1,0,0,1,0,0.734171484,0.265828516
GM0772,0.958519846,0.008520295,0,0,0.032959859,0.201041063,0.084478891,0.045790877,0.668689169,0.494452323,0.031063441,0.031063441,0.028940773,0.039130109,0.375349913,1,0,0,0,0,0,1,0,1,0,0.755562409,0.244437591
GM0777,0.961740804,0.009427871,0,0,0.028831325,0.21274859,0.085150444,0.026235977,0.67586499,0.45024819,0,0,0.047868376,0.062724018,0.439159415,1,0,0,0,0,1,0,0,1,0,0.737039518,0.262960482
GM0779,0.964483273,0.010318888,0,0,0.025197839,0.197211889,0.041228641,0.026524541,0.735034929,0.625059629,0,0,0.069609997,0.066939975,0.2383904,1,0,0,0,1,0,0,0,1,0,0.719741459,0.280258541
GM0784,0.962552969,0.009829633,0,0,0.027617398,0.200419022,0.032706134,0.014276355,0.75259849,0.726467623,0,0,0.069532295,0.083284293,0.12071579,1,0,0,0,0,1,0,0,1,0,0.72903865,0.27096135
GM0785,0.957539818,0.008102765,7.46E-17,0,0.034357417,0.140395273,0.091685149,0.040425188,0.72749439,0.744743988,0,0,0.131119715,0.124136297,0,1,0,0,0,0,1,0,0,1,0,0.764538506,0.235461494
GM0786,0.955289706,0.007796048,0,0,0.036914247,0.199365859,0.059933082,0.034623411,0.706077647,0.429533523,0,0,0.056564085,0.071995475,0.441906917,1,0,0,0,0,1,0,0,1,0,0.77099902,0.22900098
GM0794,0.95407759,0.007121312,0,0,0.038801097,0.182335064,0.118138201,0.021827097,0.677699638,0.585802289,0,0,0.056311431,0.075072172,0.282814108,1,0,0,0,1,0,0,0,1,0,0.786375737,0.213624263
GM0796,0.960785891,0.009145223,3.12E-17,0,0.030068886,0.203639746,0.084361421,0.036853221,0.675145612,0.790669514,0,0,0.02482122,0.030912608,0.153596658,1,0,0,0,1,0,0,0,1,0,0.742706393,0.257293607
GM0797,0.961478143,0.009417877,0,0,0.029103979,0.188011013,0.067056421,0.037111021,0.707821545,0.789837904,0,0,0.053991125,0.083602256,0.072568716,1,0,0,0,0,1,0,0,1,0,0.737192098,0.262807902
GM0798,0.957590565,0.008400577,0,0,0.034008858,0.188257375,0.060263921,0.034951413,0.716527292,0.741613043,0,0,0.058300216,0.057194055,0.142892686,1,0,0,0,0,1,0,0,1,0,0.757988505,0.242011495
GM0809,0.960718251,0.009144287,0,0,0.030137463,0.189818053,0.090327579,0.042425417,0.677428951,0.358955129,0,0,0.030090347,0.043212128,0.567742395,1,0,0,0,0,1,0,0,1,0,0.742712517,0.257287483
GM0815,0.954799867,0.007591848,4.94E-17,0,0.037608285,0.177811461,0.071930718,0.032116279,0.718141541,0.45834026,0,0,0.10541826,0.054291264,0.381950217,1,0,0,0,0,1,0,0,1,0,0.775562245,0.224437755
GM0820,0.957561233,0.008281104,0,0,0.034157663,0.245526325,0.096325609,0.044817121,0.613330946,0.61587728,0,0,0.039805354,0.037177291,0.307140076,1,0,0,0,0,1,0,0,1,0,0.76060084,0.23939916
GM0823,0.964300588,0.010307006,2.95E-17,0,0.025392406,0.19446078,0.031289317,0.014669292,0.759580611,0.710751072,0,0,0.087827364,0.06588551,0.135536055,1,0,0,0,0,1,0,0,1,0,0.71993561,0.28006439
GM0824,0.961831533,0.009517278,0,0,0.028651189,0.200644377,0.066213559,0.019884159,0.713257905,0.806557349,0,0,0.069311407,0.056444323,0.067686921,1,0,0,0,0,1,0,0,1,0,0.735224481,0.264775519
GM0826,0.961905349,0.009543896,0,0,0.028550755,0.21548683,0.063286705,0.026844412,0.694382052,0.47640946,0,0,0.019899651,0.035753558,0.467937331,1,0,0,0,0,1,0,0,1,0,0.734695388,0.265304612
GM0828,0.9582759,0.008483886,1.23E-16,0,0.033240214,0.193264871,0.076621521,0.018467197,0.711646411,0.456432809,0,0,0.039238696,0.056290503,0.448037992,1,0,0,0,0,1,0,0,1,0,0.756305544,0.243694456
GM0840,0.962519565,0.009801775,1.04E-17,0,0.02767866,0.222989156,0.041802415,0.015700673,0.719507756,0.777870828,0,0,0.087647417,0.134481755,0,1,0,0,0,0,1,0,0,1,0,0.729592083,0.270407917
GM0845,0.955166797,0.007695557,2.78E-17,0,0.037137646,0.195539363,0.069853464,0.029748878,0.704858295,0.783598724,0,0,0.0528729,0.070442283,0.093086092,1,0,0,0,0,1,0,0,1,0,0.773259047,0.226740953
GM0847,0.959199196,0.008917097,0,0,0.031883707,0.155188566,0.028916001,0.018321561,0.797573871,0.577786836,0,0,0.048894242,0.075183299,0.298135622,1,0,0,0,1,0,0,0,1,0,0.747191904,0.252808096
GM0848,0.961165284,0.0093021,5.72E-17,0,0.029532616,0.228649564,0.079665706,0.035091042,0.656593688,0.618438081,0,0,0.05646377,0.058759613,0.266338536,1,0,0,0,0,0.07174373,0,0.92825627,1,0,0.73951884,0.26048116
GM0851,0.961336766,0.009505547,0,0,0.029157687,0.161364197,0.032415923,0.0245199,0.78169998,0.557331816,0,0,0.04288851,0.071551278,0.328228396,1,0,0,0,0,1,0,0,1,0,0.735364399,0.264635601
GM0852,0.955374433,0.007810671,6.42E-17,0,0.036814897,0.15151977,0.1482028,0.199782816,0.500494615,0.520567323,0,0,0.109683321,0.048411502,0.321337854,1,0,0,0,0,1,0,0,1,0,0.770683666,0.229316334
GM0855,0.959080587,0.008655068,0,0,0.032264345,0.190401083,0.083170431,0.039756998,0.686671488,0.825952608,0,0,0.014144269,0.023582773,0.13632035,1,0,0,0,1,0,0,0,1,0,0.752761151,0.247238849
GM0856,0.959098564,0.008741565,0,0,0.032159871,0.182953994,0.065575739,0.025275699,0.726194567,0.387722704,0,0,0.018384525,0.01576304,0.578129731,1,0,0,0,1,0,0,0,1,0,0.750909287,0.249090713
GM0858,0.956620493,0.007885087,6.94E-18,0,0.03549442,0.181807781,0.105965995,0.026855863,0.685370361,0.36882413,0.255094499,0.255094499,0.021541313,0.028585976,0.070859583,1,0,0,0,0,1,0,0,1,0,0.769234987,0.230765013
GM0861,0.958301731,0.008376583,5.03E-17,0,0.033321686,0.167468758,0.091188752,0.045301165,0.696041325,0.580671877,0,0,0.088555624,0.093569936,0.237202564,1,0,0,0,0,0.07174373,0,0.92825627,1,0,0.758648782,0.241351218
GM0865,0.960394605,0.009183405,1.73E-18,0,0.03042199,0.222333328,0.053334656,0.029479783,0.694852233,0.706329244,0,0,0.051332436,0.05174759,0.19059073,1,0,0,0,0,1,0,0,1,0,0.741831423,0.258168577
GM0866,0.960030105,0.008916465,4.86E-17,0,0.03105343,0.204562614,0.096117542,0.036280287,0.663039557,0.740208597,0,0,0.062973375,0.061099546,0.135718481,1,0,0,0,0,1,0,0,1,0,0.747368815,0.252631185
GM0867,0.963114819,0.009850783,7.81E-17,0,0.027034398,0.195472257,0.06142834,0.028525832,0.714573572,0.711922578,0,0,0.047531404,0.036673572,0.203872445,1,0,0,0,0,1,0,0,1,0,0.728729231,0.271270769
GM0873,0.962896195,0.009918182,1.72E-16,0,0.027185623,0.151611475,0.028353986,0.020114097,0.799920442,0.517539776,0,0,0.074840311,0.090499953,0.317119961,1,0,0,0,0,1,0,0,1,0,0.72733416,0.27266584
GM0879,0.955042105,0.007636392,0,0,0.037321503,0.157443927,0.064606186,0.033399653,0.744550234,0.631499588,0,0,0.05730053,0.11223971,0.198960173,1,0,0,0,0,1,0,0,1,0,0.774586575,0.225413425
GM0880,0.963836173,0.010112801,0,0,0.026051026,0.258422953,0.056641242,0.018661298,0.666274507,0.653598175,0,0,0.090448512,0.07649198,0.179461333,1,0,0,0,0,1,0,0,1,0,0.723658528,0.276341472
GM0882,0.954860652,0.007166854,1.21E-17,0,0.037972494,0.206306151,0.173682347,0.06413244,0.555879062,0.621685147,0,0,0.08336774,0.146076148,0.148870964,1,0,0,0,0,1,0,0,1,0,0.785441177,0.214558823
GM0888,0.963652128,0.010081286,0,0,0.026266586,0.227556956,0.056785814,0.032070695,0.683586536,0.772020227,0,0,0.032098332,0.057526562,0.138354879,1,0,0,0,0,1,0,0,1,0,0.724244129,0.275755871
GM0889,0.962699139,0.009802314,6.59E-17,0,0.027498547,0.171869929,0.04662381,0.027169725,0.754336535,0.295756293,0,0,0.035123554,0.070423205,0.598696948,1,0,0,0,0,1,0,0,1,0,0.729618031,0.270381969
GM0893,0.955573025,0.0078583,0,0,0.036568675,0.163976857,0.067239634,0.070708625,0.698074884,0.378876383,0,0,0.107156957,0.131263244,0.382703417,1,0,0,0,0,1,0,0,1,0,0.769644312,0.230355688
GM0899,0.953758332,0.006953476,0,0,0.039288192,0.235419121,0.183685169,0.060004954,0.520890756,0.677719155,0,0,0.071194739,0.251086106,0,1,0,0,0,0,1,0,0,1,0,0.79029951,0.20970049
GM0907,0.957626544,0.008372994,5.90E-17,0,0.034000463,0.180019865,0.072102724,0.04391701,0.703960401,0.668576033,0,0,0.093488721,0.073342426,0.164592819,1,0,0,0,0,1,0,0,1,0,0.758598192,0.241401808
GM0917,0.959628488,0.00874071,0,0,0.031630803,0.192078999,0.101870325,0.048722941,0.657327735,0.636739018,0,0,0.053380217,0.084964122,0.224916643,1,0,0,0,0,1,0,0,1,0,0.75103088,0.24896912
GM0928,0.954466163,0.00707001,0,0,0.038463827,0.209196285,0.175833834,0.073030078,0.541939803,0.45934311,0,0,0.058854773,0.136949932,0.344852185,1,0,0,0,0,1,0,0,1,0,0.787655922,0.212344078
GM0935,0.955598233,0.007486021,1.56E-17,0,0.036915745,0.190232999,0.137689897,0.073401864,0.59867524,0.300635195,0,0,0.041860597,0.062893459,0.594610749,1,0,0,0,0,1,0,0,1,0,0.778140565,0.221859435
GM0938,0.962944439,0.009863081,0,0,0.027192481,0.224672528,0.064858503,0.040780645,0.669688324,0.651161373,0,0,0.095109642,0.083890337,0.169838647,1,0,0,0,0,1,0,0,1,0,0.728447529,0.271552471
GM0944,0.954242038,0.007251562,0,0,0.0385064,0.182936067,0.13877949,0.085705735,0.592578708,0.457607792,0,0,0.081909705,0.042575844,0.417906659,1,0,0,0,0,1,0,0,1,0,0.78334441,0.21665559
GM0946,0.954746755,0.007484375,5.98E-17,0,0.03776887,0.155442093,0.065535466,0.027853002,0.751169439,0.390079009,0,0,0.024004862,0.040351082,0.545565047,1,0,0,0,1,0,0,0,1,0,0.778024626,0.221975374
GM0957,0.959039861,0.008617412,3.47E-17,0,0.032342726,0.161032729,0.082143113,0.03613438,0.720689778,0.44609063,0,0,0.055393481,0.065754315,0.432761574,1,0,0,0,0,1,0,0,1,0,0.753563859,0.246436141
GM0965,0.95458451,0.007465294,3.99E-17,0,0.037950196,0.231022604,0.115615439,0.076636893,0.576725064,0.341799844,0,0,0.053168865,0.130309287,0.474722005,1,0,0,0,1,0,0,0,1,0,0.778435857,0.221564143
GM0971,0.95891614,0.008593897,2.95E-17,0,0.032489963,0.176583152,0.07806668,0.03642338,0.708926788,0.481130384,0,0,0.054626157,0.114075784,0.350167674,1,0,0,0,0,1,0,0,1,0,0.754047028,0.245952972
GM0981,0.954690447,0.007515617,0,0,0.037793936,0.179433011,0.135689769,0.113296883,0.571580337,0.529968476,0,0,0.059751348,0.085544591,0.324735586,1,0,0,0,0,1,0,0,1,0,0.777294169,0.222705831
GM0983,0.961117271,0.009280477,0,0,0.029602252,0.143393274,0.055978288,0.025768918,0.77485952,0.599268688,0,0,0.107444178,0.080586555,0.212700579,1,0,0,0,0,1,0,0,1,0,0.739957274,0.260042726
GM0984,0.959738814,0.00894808,0,0,0.031313106,0.148593225,0.055475024,0.030705083,0.765226667,0.620253861,0,0,0.113577187,0.096143222,0.170025729,1,0,0,0,0,1,0,0,1,0,0.746642556,0.253357444
GM0986,0.962059464,0.009633085,2.43E-17,0,0.028307451,0.259539828,0.074949904,0.060298557,0.605211712,0.164790014,0,0,0.010858257,0.0259505,0.798401229,1,0,0,0,0,1,0,0,1,0,0.732909716,0.267090284
GM0988,0.961613742,0.009508149,9.89E-17,0,0.028878109,0.203194142,0.051899294,0.025228576,0.719677988,0.741366178,0,0,0.073412156,0.104725882,0.080495785,1,0,0,0,0,1,0,0,1,0,0.735367197,0.264632803
GM0994,0.960450725,0.009043277,2.60E-17,0,0.030505998,0.234145214,0.117438779,0.051672761,0.596743246,0.583514908,0,0,0.123104411,0.088206663,0.205174018,1,0,0,0,0,1,0,0,1,0,0.744776415,0.255223585
GM0995,0.961994168,0.009649962,1.09E-16,0,0.02835587,0.2149485,0.04228323,0.023275148,0.719493122,0.782053151,0,0,0.038898998,0.051760554,0.127287297,1,0,0,0,0,1,0,0,1,0,0.732553617,0.267446383
GM1507,0.96020611,0.009130443,0,0,0.030663447,0.163168306,0.05088774,0.033141538,0.752802416,0.479284158,0,0,0.045075953,0.064791358,0.410848531,1,0,0,0,0,1,0,0,1,0,0.742900089,0.257099911
GM1509,0.956257373,0.007996316,0,0,0.03574631,0.1854072,0.06703649,0.039157232,0.708399077,0.519506092,0,0,0.098432733,0.078256443,0.303804732,1,0,0,0,0,1,0,0,1,0,0.766671164,0.233328836
GM1525,0.960878421,0.009293767,5.03E-17,0,0.029827811,0.229904352,0.068567622,0.055772207,0.645755819,0.769219242,0,0,0.040963886,0.03696655,0.152850321,1,0,0,0,1,0,0,0,1,0,0.739633969,0.260366031
GM1581,0.963570216,0.010089501,6.25E-17,0,0.026340283,0.314033205,0.056218754,0.026299224,0.603448818,0.721569916,0,0,0.075470323,0.049564796,0.153394965,1,0,0,0,0,1,0,0,1,0,0.724064438,0.275935562
GM1586,0.955177384,0.007737946,0,0,0.03708467,0.160743192,0.064202668,0.046495051,0.728559089,0.31113012,0,0,0.0861925,0.060098696,0.542578684,1,0,0,0,0,1,0,0,1,0,0.772296443,0.227703557
GM1598,0.962427431,0.00978162,0,0,0.027790949,0.244758769,0.042971969,0.022249722,0.69001954,0.660363325,0,0,0.116501757,0.083108767,0.14002615,1,0,0,0,0,1,0,0,1,0,0.729979112,0.270020888
GM1621,0.957980516,0.008426118,0,0,0.033593366,0.234906677,0.084933775,0.03784147,0.642318078,0.606974866,0,0,0.038685113,0.036504589,0.317835432,1,0,0,0,0,1,0,0,1,0,0.757505961,0.242494039
GM1640,0.960256505,0.0091758,1.91E-17,0,0.030567695,0.183704656,0.048007967,0.03496305,0.733324327,0.617786766,0,0,0.044041607,0.080115333,0.258056293,1,0,0,0,0,1,0,0,1,0,0.741962518,0.258037482
GM1641,0.963329852,0.010000662,9.54E-17,0,0.026669487,0.231278113,0.04760418,0.032604827,0.68851288,0.747357358,0,0,0.056276179,0.075081595,0.121284868,1,0,0,0,0,1,0,0,1,0,0.7257783,0.2742217
GM1652,0.955024126,0.007668583,0,0,0.03730729,0.181463072,0.062565769,0.028609159,0.727362,0.502496037,0,0,0.058417749,0.05135779,0.387728424,1,0,0,0,0,1,0,0,1,0,0.773847933,0.226152067
GM1655,0.959335647,0.00885678,0,0,0.031807574,0.190515309,0.056705274,0.024380218,0.728399199,0.791729063,0,0,0.103326901,0.104944036,0,1,0,0,0,0,1,0,0,1,0,0.74849861,0.25150139
GM1658,0.96312843,0.009972077,0,0,0.026899493,0.185119058,0.038032008,0.020715814,0.75613312,0.406851896,0,0,0.057726314,0.041189652,0.494232138,1,0,0,0,0,1,0,0,1,0,0.726306043,0.273693957
GM1659,0.955126524,0.007677024,0,0,0.037196451,0.188888183,0.063019457,0.032809638,0.715282723,0.492114044,0,0,0.058794987,0.057124386,0.391966582,1,0,0,0,0,1,0,0,1,0,0.773674122,0.226325878
GM1667,0.955250937,0.00772214,3.99E-17,0,0.037026923,0.148477082,0.048874478,0.031689996,0.770958444,0.330655332,0,0,0.071570418,0.060996114,0.536778136,1,0,0,0,0,1,0,0,1,0,0.772669335,0.227330665
GM1669,0.960600694,0.009217576,3.47E-18,0,0.03018173,0.167731152,0.047879185,0.030407477,0.753982185,0.769332678,0,0,0.086019028,0.144648294,0,1,0,0,0,0,1,0,0,1,0,0.741160637,0.258839363
GM1674,0.961411742,0.009319053,0,0,0.029269204,0.188475774,0.07752388,0.025966235,0.708034111,0.627216934,0,0,0.102648109,0.077477096,0.192657862,1,0,0,0,0,1,0,0,1,0,0.739217364,0.260782636
GM1676,0.956197204,0.008068282,1.04E-17,0,0.035734514,0.156109626,0.063742524,0.062636115,0.717511734,0.501029945,0,0,0.059112275,0.039247483,0.400610297,1,0,0,0,0,1,0,0,1,0,0.76505327,0.23494673
GM1680,0.959483881,0.008960818,0,0,0.0315553,0.163674451,0.072950447,0.088008536,0.675366567,0.66792461,0,0,0.11355507,0.087090842,0.131429479,1,0,0,0,0,1,0,0,1,0,0.746323064,0.253676936
GM1681,0.955314625,0.007696889,0,0,0.036988486,0.179598116,0.112836604,0.094451025,0.613114256,0.586054228,0,0,0.074468161,0.084449662,0.255027949,1,0,0,0,0,1,0,0,1,0,0.773255833,0.226744167
GM1684,0.963077079,0.009924073,0,0,0.026998848,0.196319764,0.043217314,0.013647927,0.746814995,0.665911558,0,0,0.093338458,0.094908645,0.14584134,1,0,0,0,0,1,0,0,1,0,0.727253651,0.272746349
GM1685,0.960739305,0.009373765,0,0,0.02988693,0.194519294,0.025793116,0.017470629,0.762216961,0.559579424,0,0,0.073267355,0.061872575,0.305280646,1,0,0,0,0,1,0,0,1,0,0.737952054,0.262047946
GM1690,0.963049753,0.009986729,6.77E-17,0,0.026963518,0.158056271,0.032275534,0.025164332,0.784503864,0.38583777,0,0,0.073053489,0.060493681,0.48061506,1,0,0,0,0,1,0,0,1,0,0.725997826,0.274002174
GM1695,0.958827433,0.008901875,3.64E-17,0,0.032270692,0.157649186,0.053075016,0.057023062,0.732252737,0.742727392,0,0,0.168164693,0.089107915,0,1,0,0,0,0,1,0,0,1,0,0.747441331,0.252558669
GM1696,0.954246109,0.007199857,4.77E-17,0,0.038554033,0.235737038,0.139828885,0.032236338,0.592197739,0.712184308,0,0,0.119318837,0.064921475,0.103575379,1,0,0,0,0,1,0,0,1,0,0.784557106,0.215442894
GM1699,0.954812117,0.007526493,0,0,0.03766139,0.169441727,0.119598853,0.09195376,0.61900566,0.489915879,0,0,0.116389758,0.066756839,0.326937523,1,0,0,0,1,0,0,0,1,0,0.777065807,0.222934193
GM1700,0.957151954,0.008131915,2.95E-17,0,0.034716131,0.165393545,0.084531383,0.024449551,0.72562552,0.661938856,0,0,0.10691649,0.231144654,0,1,0,0,0,0,1,0,0,1,0,0.763818342,0.236181658
GM1701,0.959441579,0.008997723,8.67E-18,0,0.031560699,0.180377192,0.045852699,0.039471347,0.734298762,0.57667001,0,0,0.061280222,0.07299212,0.289057649,1,0,0,0,0,1,0,0,1,0,0.745535799,0.254464201
GM1702,0.955289299,0.007830811,0,0,0.03687989,0.157141146,0.048167432,0.029983337,0.764708085,0.460102235,0,0,0.090537505,0.059112392,0.390247867,1,0,0,0,0,1,0,0,1,0,0.770212454,0.229787546
GM1705,0.955334219,0.007601653,7.29E-17,0,0.037064128,0.193430658,0.103692948,0.061142235,0.641734159,0.503615132,0,0,0.062542513,0.064080877,0.369761478,1,0,0,0,1,0,0,0,1,0,0.775434941,0.224565059
GM1706,0.962140084,0.009661645,3.30E-17,0,0.028198271,0.194385551,0.05194707,0.029110884,0.724556495,0.559108512,0,0,0.073154385,0.077441926,0.290295178,1,0,0,0,0,1,0,0,1,0,0.732346239,0.267653761
GM1708,0.959260869,0.008847563,6.94E-17,0,0.031891568,0.180605108,0.056980117,0.027570128,0.734844648,0.378990802,0,0,0.084348563,0.055219067,0.481441568,1,0,0,0,0,1,0,0,1,0,0.748679897,0.251320103
GM1709,0.965767576,0.010767689,0,0,0.023464735,0.186188656,0.018587191,0.016276574,0.778947579,0.698473515,0,0,0.037784091,0.064178533,0.199563861,1,0,0,0,1,0,0,0,1,0,0.711347269,0.288652731
GM1711,0.963384869,0.010027062,2.60E-17,0,0.026588069,0.211793471,0.042293035,0.018751838,0.727161656,0.523486169,0,0,0.071913252,0.087336234,0.317264345,1,0,0,0,0,1,0,0,1,0,0.725264661,0.274735339
GM1714,0.957237953,0.008311911,0,0,0.034450136,0.108244477,0.046137658,0.039846696,0.80577117,0.512691668,0,0,0.109883155,0.088258979,0.289166197,1,0,0,0,0,1,0,0,1,0,0.759862445,0.240137555
GM1719,0.96151465,0.009499754,0,0,0.028985596,0.18003771,0.048292395,0.028377403,0.743292492,0.528928592,0,0,0.042256003,0.064539515,0.36427589,1,0,0,0,0,1,0,0,1,0,0.735519,0.264481
GM1721,0.962604722,0.009836565,3.47E-18,0,0.027558713,0.202692823,0.03756917,0.02056078,0.739177227,0.648427139,0,0,0.070371938,0.059440616,0.221760308,1,0,0,0,0,1,0,0,1,0,0.728909993,0.271090007
GM1723,0.955338969,0.007879035,1.39E-17,0,0.036781996,0.18558393,0.050623036,0.03390399,0.729889044,0.845892345,0,0,0.064757309,0.089350347,0,1,0,0,0,0,1,0,0,1,0,0.76913331,0.23086669
GM1724,0.954843768,0.0075318,8.67E-19,0,0.037624431,0.194358026,0.08053116,0.045319744,0.67979107,0.758742461,0,0,0.143128267,0.098129273,0,1,0,0,0,0.029379919,0.069635905,0,0.900984176,1,0,0.776949417,0.223050583
GM1728,0.959005002,0.008783798,2.26E-17,0,0.0322112,0.141682194,0.040090549,0.023634994,0.794592263,0.62737097,0,0,0.085467929,0.059852778,0.227308323,1,0,0,0,0,1,0,0,1,0,0.749988412,0.250011588
GM1729,0.954929838,0.007566656,0,0,0.037503506,0.190658989,0.124035067,0.117928241,0.567377703,0.784969395,0,0,0.087675465,0.12735514,0,1,0,0,0,0,1,0,0,1,0,0.77616392,0.22383608
GM1730,0.961169204,0.009358631,2.95E-17,0,0.029472165,0.222884882,0.091376375,0.07102218,0.614716563,0.890193402,0,0,0.013909947,0.009499465,0.086397186,1,0,0,0,0,1,0,0,1,0,0.738350815,0.261649185
GM1731,0.963136407,0.009993809,0,0,0.026869784,0.198989396,0.039408658,0.026329207,0.73527274,0.693342945,0,0,0.156617197,0.150039859,0,1,0,0,0,0,1,0,0,1,0,0.725874733,0.274125267
GM1734,0.964568705,0.010371828,5.20E-18,0,0.025059466,0.19791468,0.035856154,0.022077478,0.744151687,0.768696389,0,0,0.077860992,0.044900345,0.108542275,1,0,0,0,0,1,0,0,1,0,0.718725975,0.281274025
GM1735,0.955317739,0.007776345,7.20E-17,0,0.036905915,0.172290018,0.059856034,0.03437569,0.733478258,0.592317678,0,0,0.086656618,0.074842131,0.246183573,1,0,0,0,0,1,0,0,1,0,0.771450654,0.228549346
GM1740,0.964965709,0.010522054,6.07E-17,0,0.024512238,0.186889134,0.024743327,0.016838848,0.77152869,0.462693589,0,0,0.061462711,0.045030301,0.430813398,1,0,0,0,1,0,0,0,1,0,0.715893497,0.284106503
GM1742,0.962042829,0.009570985,5.90E-17,0,0.028386186,0.171697692,0.054296918,0.017993788,0.756011601,0.737256672,0,0,0.04045853,0.055560087,0.166724711,1,0,0,0,0,1,0,0,1,0,0.734170457,0.265829543
GM1771,0.961022221,0.009164851,8.85E-17,0,0.029812927,0.147775778,0.073879931,0.024816159,0.753528133,0.514245404,0,0,0.075912417,0.052727316,0.357114864,1,0,0,0,0,1,0,0,1,0,0.742343533,0.257656467
GM1773,0.95514165,0.007737272,6.77E-17,0,0.037121078,0.174162331,0.05782417,0.027527818,0.740485681,0.500193519,0,0,0.083534002,0.079441827,0.336830652,1,0,0,0,0,1,0,0,1,0,0.772305179,0.227694821
GM1774,0.957336491,0.008352765,0,0,0.034310743,0.177272599,0.054483621,0.031166499,0.737077282,0.56342933,0,0,0.113526805,0.060250334,0.262793531,1,0,0,0,0,1,0,0,1,0,0.758985458,0.241014542
GM1783,0.955805092,0.007854278,3.47E-17,0,0.03634063,0.189895891,0.069406606,0.035946818,0.704750685,0.652889457,0,0,0.048348082,0.044966754,0.253795707,1,0,0,0,1,0,0,0,1,0,0.769778112,0.230221888
GM1842,0.964501385,0.010367109,0,0,0.025131506,0.194723899,0.032735222,0.02648131,0.746059569,0.754384441,0,0,0.075776733,0.05707583,0.112762996,1,0,0,0,0,1,0,0,1,0,0.718803869,0.281196131
GM1859,0.955234963,0.007749476,4.94E-17,0,0.037015561,0.147729121,0.063276534,0.047180841,0.741813504,0.555409025,0,0,0.068915105,0.083662713,0.292013157,1,0,0,0,0,1,0,0,1,0,0.772045108,0.227954892
GM1876,0.955324888,0.007814324,3.12E-17,0,0.036860788,0.168968908,0.054670269,0.035101203,0.74125962,0.397791219,0,0,0.032234806,0.027011823,0.542962152,1,0,0,0,1,0,0,0,1,0,0.770591844,0.229408156
GM1883,0.961775849,0.009504679,5.20E-17,0,0.028719472,0.225190185,0.069349419,0.034178319,0.671282077,0.562939636,0,0,0.024666587,0.036378737,0.37601504,1,0,0,0,0,1,0,0,1,0,0.735471014,0.264528986
GM1884,0.96265085,0.009864937,8.67E-17,0,0.027484213,0.187907935,0.039872708,0.033156884,0.739062473,0.403930553,0,0,0.045195027,0.033014738,0.517859683,1,0,0,0,0,1,0,0,1,0,0.728349963,0.271650037
GM1891,0.955871213,0.00778318,0,0,0.036345608,0.138872185,0.109589617,0.080244912,0.671293285,0.650826902,0,0,0.114180158,0.23499294,0,1,0,0,0,0,1,0,0,1,0,0.771397881,0.228602119
GM1892,0.963706963,0.010157899,9.02E-17,0,0.026135139,0.248114319,0.033795072,0.016791924,0.701298685,0.423142457,0,0,0.051235834,0.041562227,0.484059481,1,0,0,0,0,1,0,0,1,0,0.722740974,0.277259026
GM1894,0.960214745,0.009154254,0,0,0.030631001,0.123186588,0.036054934,0.028613875,0.812144603,0.444290617,0,0,0.065454142,0.077729134,0.412526107,1,0,0,0,0,1,0,0,1,0,0.74240404,0.25759596
GM1895,0.960537209,0.009124036,0,0,0.030338756,0.18536712,0.071674959,0.043037914,0.699920007,0.337730704,0,0,0.077703807,0.116470264,0.468095224,1,0,0,0,0,1,0,0,1,0,0.743099974,0.256900026
GM1896,0.954859961,0.007582037,7.72E-17,0,0.037558002,0.158251001,0.081136649,0.042805343,0.717807006,0.639438893,0,0,0.048277757,0.070894565,0.241388785,1,0,0,0,0,1,0,0,1,0,0.775798184,0.224201816
GM1900,0.960450853,0.009202072,4.51E-17,0,0.030347075,0.150076814,0.070533561,0.07855588,0.700833744,0.488772162,0,0,0.064970478,0.072863806,0.373393554,1,0,0,0,0,1,0,0,1,0,0.741453558,0.258546442
GM1901,0.9656137,0.010685124,0,0,0.023701176,0.227197134,0.026184446,0.010315504,0.736302916,0.524410105,0,0,0.146781454,0.042870542,0.285937898,1,0,0,0,0,1,0,0,1,0,0.712892604,0.287107396
GM1903,0.959158265,0.008820394,0,0,0.03202134,0.166303161,0.071011644,0.062051532,0.700633663,0.743864569,0,0,0.110972803,0.145162628,0,1,0,0,0,0,1,0,0,1,0,0.74923803,0.25076197
GM1904,0.963791274,0.010141653,0,0,0.026067073,0.247875758,0.04755563,0.027946678,0.676621934,0.643077786,0,0,0.063531817,0.050902544,0.242487853,1,0,0,0,1,0,0,0,1,0,0.723079125,0.276920875
GM1911,0.961194654,0.009470829,0,0,0.029334517,0.165256654,0.037184625,0.02988741,0.767671311,0.576472433,0,0,0.053501869,0.063717285,0.306308413,1,0,0,0,0,1,0,0,1,0,0.736047121,0.263952879
GM1916,0.961229147,0.00931177,6.07E-17,0,0.029459083,0.228565609,0.081419775,0.031597624,0.658416992,0.406017642,0,0,0.060150762,0.061937545,0.471894051,1,0,0,0,1,0,0,0,1,0,0.739331453,0.260668547
GM1924,0.959279889,0.008949693,1.91E-17,0,0.031770417,0.164261163,0.06055015,0.06166869,0.713519998,0.489010703,0,0,0.063680694,0.051284385,0.396024217,1,0,0,0,1,0,0,0,1,0,0.746517954,0.253482046
GM1926,0.954142099,0.007203914,0,0,0.038653986,0.188403102,0.117342332,0.037415814,0.656838752,0.565620778,0,0,0.080767575,0.043920025,0.309691622,1,0,0,0,0,1,0,0,1,0,0.784443441,0.215556559
GM1930,0.954084643,0.007143662,3.82E-17,0,0.038771695,0.181159029,0.140716004,0.103499908,0.574625059,0.687399414,0,0,0.077818802,0.099679698,0.135102086,1,0,0,0,0,1,0,0,1,0,0.785850117,0.214149883
GM1931,0.955263633,0.007745317,0,0,0.036991051,0.170792696,0.069095739,0.061716535,0.69839503,0.453191226,0,0,0.0535868,0.046665303,0.44655667,1,0,0,0,0,1,0,0,1,0,0.772144856,0.227855144
GM1940,0.962874887,0.009909222,0,0,0.02721589,0.171996055,0.051824709,0.049435632,0.726743604,0.693155526,0,0,0.104252143,0.081368909,0.121223422,1,0,0,0,0,1,0,0,1,0,0.727508975,0.272491025
GM1942,0.964473338,0.010298658,0,0,0.025228003,0.238706176,0.06279956,0.035306955,0.66318731,0.718350527,0,0,0.06722796,0.049647101,0.164774412,1,0,0,0,0,1,0,0,1,0,0.720135053,0.279864947
GM1945,0.95442329,0.00733421,0,0,0.038242501,0.209316675,0.130395174,0.081870943,0.578417208,0.538295173,0,0,0.139722775,0.074830917,0.247151135,1,0,0,0,0,1,0,0,1,0,0.781447324,0.218552676
GM1948,0.959863534,0.008958516,0,0,0.03117795,0.181068599,0.064873652,0.029221855,0.724835895,0.578773469,0,0,0.04412555,0.052648411,0.32445257,1,0,0,0,0,1,0,0,1,0,0.74644659,0.25355341
GM1949,0.96025565,0.009147316,0,0,0.030597033,0.155983265,0.064309051,0.058394329,0.721313354,0.513743713,0,0,0.109139126,0.107859451,0.269257711,1,0,0,0,0,1,0,0,1,0,0.742557147,0.257442853
GM1950,0.955865926,0.007879381,0,0,0.036254694,0.158717963,0.082260636,0.07235188,0.686669521,0.639603287,0,0,0.157744163,0.202652549,0,1,0,0,0,0,1,0,0,1,0,0.769223424,0.230776576
GM1952,0.961690388,0.009495433,6.42E-17,0,0.028814178,0.209790513,0.065696978,0.033188469,0.69132404,0.371438558,0,0,0.086771322,0.081329097,0.460461023,1,0,0,0,0.296719429,0.703280571,0,0,1,0,0.735643031,0.264356969
GM1954,0.959692166,0.008926263,0,0,0.031381571,0.24851709,0.085637304,0.048100201,0.617745405,0.508485112,0,0,0.044908942,0.084437063,0.362168883,1,0,0,0,0,1,0,0,1,0,0.747094877,0.252905123
GM1955,0.958441626,0.008632134,0,0,0.03292624,0.189946881,0.055473246,0.029976044,0.724603829,0.484408051,0,0,0.088186159,0.057910709,0.369495081,1,0,0,0,0,1,0,0,1,0,0.753130732,0.246869268
GM1959,0.963161989,0.010003734,1.56E-17,0,0.026834277,0.175633815,0.038263171,0.035709862,0.750393153,0.726758556,0,0,0.081788119,0.080328163,0.111125161,1,0,0,0,1,0,0,0,1,0,0.725682476,0.274317524
GM1960,0.965093899,0.010557781,4.86E-17,0,0.024348319,0.193042863,0.026032286,0.019964278,0.760960574,0.56215211,0,0,0.226852365,0.029948146,0.181047378,1,0,0,0,0,1,0,0,1,0,0.715230603,0.284769397
GM1961,0.965138556,0.010555683,0,0,0.024305761,0.195885151,0.040050112,0.033900669,0.730164067,0.591012113,0,0,0.053180529,0.04517343,0.310633929,1,0,0,0,1,0,0,0,1,0,0.715280505,0.284719495
GM1963,0.960656941,0.00923888,1.73E-18,0,0.030104178,0.166985702,0.064290929,0.055467601,0.713255768,0.656708307,0,0,0.065670831,0.055759947,0.221860915,1,0,0,0,0,1,0,0,1,0,0.740728761,0.259271239
GM1966,0.955709924,0.00784548,1.04E-17,0,0.036444596,0.141404701,0.064376237,0.046505992,0.74771307,0.512662066,0,0,0.12948681,0.13763546,0.220215664,1,0,0,0,1,0,0,0,1,0,0.769959047,0.230040953
GM1969,0.961473701,0.009524966,1.04E-17,0,0.029001333,0.211468619,0.053010965,0.045005223,0.690515193,0.552893602,0,0,0.079602835,0.079087496,0.288416068,1,0,0,0,1,0,0,0,1,0,0.73499478,0.26500522
GM1970,0.955018595,0.007624979,2.78E-17,0,0.037356425,0.105675099,0.099815149,0.109107574,0.685402178,0.418614538,0,0,0.052455746,0.086886908,0.442042807,1,0,0,0,0,1,0,0,1,0,0.774843305,0.225156695
GM1978,0.958683429,0.008766064,6.77E-17,0,0.032550507,0.164580879,0.046353449,0.045513088,0.743552584,0.537649755,0,0,0.053232649,0.046167717,0.362949879,1,0,0,0,0,1,0,0,1,0,0.75030434,0.24969566